expression,reading,meaning,tags,guid
現像,げんぞう,發展（電影）,JLPT_1 JLPT,v9bha+<cj}
原則,げんそく,原則，一般規則,JLPT_1 JLPT,dVC[`t${#`
見地,けんち,觀點看法,JLPT_1 JLPT,wk)a!>hpi:
現地,げんち,實際地方，本地,JLPT_1 JLPT,G$>SwAUY5:
限定,げんてい,限制，限制,JLPT_1 JLPT,o%F/8(![P3
原点,げんてん,原點（坐標，起點）,JLPT_1 JLPT,bXdt~Sz`DP
原典,げんてん,原始，來源,JLPT_1 JLPT,EB`MVeV|+3
原爆,げんばく,原子彈,JLPT_1 JLPT,qVu!~xa[nC
原文,げんぶん,文字，原始,JLPT_1 JLPT,w>egRzs&//
厳密,げんみつ,嚴格，關閉,JLPT_1 JLPT,k<}V}HBo:Y
賢明,けんめい,智慧，智慧，審慎,JLPT_1 JLPT,rF6VPIq@Kt
倹約,けんやく,節儉，經濟，節儉,JLPT_1 JLPT,G)qGN7wCPF
原油,げんゆ,原油,JLPT_1 JLPT,mqzQ4phBV%
兼用,けんよう,多用途，合併使用,JLPT_1 JLPT,Q[mY;6;Blm
権力,けんりょく,（政治）權力，權威，影響力,JLPT_1 JLPT,zLBVbQJht)
言論,げんろん,討論，言語,JLPT_1 JLPT,j=]X!_Sn:<
故～,こ～,已故，遲到了,JLPT_1 JLPT,l<k2Hl<qF:
語彙,ごい,詞彙，詞彙表,JLPT_1 JLPT,dg-x#L-S>s
恋する,こいする,愛上，愛,JLPT_1 JLPT,x>yH@(e$>B
甲,こう,排名第一；殼,JLPT_1 JLPT,gr(P$T&hE)
～光,～こう,光,JLPT_1 JLPT,dR[Ye:I0gD
好意,こうい,良好的意志，青睞，禮貌,JLPT_1 JLPT,f{|~G`MfSc
行為,こうい,行為，行為,JLPT_1 JLPT,"x,?`vew_Y^"
合意,ごうい,協議，同意，相互理解,JLPT_1 JLPT,u5DPHkD^67
工学,こうがく,工程,JLPT_1 JLPT,nLBSX>%S~{
抗議,こうぎ,抗議，反對,JLPT_1 JLPT,N%yl^:99*x
合議,ごうぎ,諮詢，會議,JLPT_1 JLPT,g]f7CW]TnO
皇居,こうきょ,故宮,JLPT_1 JLPT,s3?rVk?BGD
好況,こうきょう,繁榮的條件，健康經濟,JLPT_1 JLPT,w5c/V*0:/6
鉱業,こうぎょう,礦業,JLPT_1 JLPT,w)+*p6qI~s
興業,こうぎょう,開展業務；行業,JLPT_1 JLPT,qy~me*:#E{
高原,こうげん,Tableland，高原,JLPT_1 JLPT,GF2Ak`BNv1
交互,こうご,相互，互惠，替代,JLPT_1 JLPT,i<WWSGhMtl
煌々と,こうこうと,明亮,JLPT_1 JLPT,wYY;?*yl=I
考古学,こうこがく,考古學,JLPT_1 JLPT,CYD1fRQ8EC
工作,こうさく,手工藝品，機動,JLPT_1 JLPT,wzz*)FRo9<
耕作,こうさく,種植，耕種,JLPT_1 JLPT,hB|/|8Uy}2
鉱山,こうざん,礦,JLPT_1 JLPT,"KT!enF:=,%"
講習,こうしゅう,短期課程，培訓,JLPT_1 JLPT,g(z7%o&?^
口述,こうじゅつ,口頭陳述,JLPT_1 JLPT,C~8oU(cK0?
控除,こうじょ,補貼，演繹,JLPT_1 JLPT,s2uW?Na1t%
交渉,こうしょう,談判,JLPT_1 JLPT Intermediate_Japanese_Ln.8 Intermediate_Japanese,uv@U[?I@AF
高尚,こうしょう,高，高貴，精緻,JLPT_1 JLPT,Ndw<}.:V2o
向上,こうじょう,上升，改進，進步,JLPT_1 JLPT,Qcz@t2UD0)
行進,こうしん,遊行遊行,JLPT_1 JLPT,A=w}ZE@917
香辛料,こうしんりょう,香料,JLPT_1 JLPT,ce!{r.1}~3
降水,こうすい,降雨，降水,JLPT_1 JLPT,"pb1#Y263n,"
洪水,こうずい,洪水,JLPT_1 JLPT,wakC-uKaq}
合成,ごうせい,合成，混合,JLPT_1 JLPT,c^4E@A0[92
公然,こうぜん,公然,JLPT_1 JLPT,M(>QOkIhfA
抗争,こうそう,爭議，抵抗,JLPT_1 JLPT,Ayw{S[ULVi
構想,こうそう,計劃，情節，想法，概念,JLPT_1 JLPT,HJ3]TaFI5x
後退,こうたい,撤退，backspace,JLPT_1 JLPT,Hg(g(Ch73j
光沢,こうたく,光澤，光滑的飾面（照片）,JLPT_1 JLPT,sz+BIfx<J$
公団,こうだん,公共公司,JLPT_1 JLPT,C&5}~^z)ts
好調,こうちょう,令人滿意，狀態良好,JLPT_1 JLPT,fn+k2uN^.*
口頭,こうとう,口服,JLPT_1 JLPT,mWZ1nL&l+A
講読,こうどく,閱讀,JLPT_1 JLPT,"cbt]L<,==)"
購読,こうどく,訂閱,JLPT_1 JLPT,BPBnR~`=Cm
購入,こうにゅう,購買，購買,JLPT_1 JLPT,mN.]${Ep@o
公認,こうにん,官方認可，授權,JLPT_1 JLPT,f=;(Z+KSn*
光熱費,こうねつひ,燃料和光的成本,JLPT_1 JLPT,CBInEbAiwn
購買,こうばい,購買，購買,JLPT_1 JLPT,m|%voYE^yW
好評,こうひょう,受歡迎程度，有利的聲譽,JLPT_1 JLPT,PN?X>r5#3$
交付,こうふ,交付，家具（帶副本）,JLPT_1 JLPT,iWHq@iV7/S
公募,こうぼ,公眾上訴，公共貢獻,JLPT_1 JLPT,zuO/%#|pw9
巧妙,こうみょう,巧妙，熟練，聰明,JLPT_1 JLPT,K0cz7g4lOn
公用,こうよう,政府業務，公共用途，公共費用,JLPT_1 JLPT,E{n/tl9=Ih
小売,こうり,零售,JLPT_1 JLPT,c_Z6-bZ>!E
効率,こうりつ,效率,JLPT_1 JLPT,zkc6-]4~)6
公立,こうりつ,公共機構,JLPT_1 JLPT,FUSldz(S$f
護衛,ごえい,警衛，車隊，護送,JLPT_1 JLPT,Bs7a.5p1{r
コーナー,コーナー,角落,JLPT_1 JLPT,n/T(.dj~.j
小柄,こがら,小，小,JLPT_1 JLPT,p|m2.?zBm2
小切手,こぎって,檢查，檢查,JLPT_1 JLPT,vh>Pgi:y!n
国産,こくさん,家用產品,JLPT_1 JLPT,NVGuI`wyWr
国定,こくてい,國家贊助，國家,JLPT_1 JLPT,K:.NA{MA#
告白,こくはく,認罪，承認,JLPT_1 JLPT,D/-Yon@zj7
国防,こくぼう,國防,JLPT_1 JLPT,gB_-ioo>5E
国有,こくゆう,國家所有權,JLPT_1 JLPT,qhprC(Et1a
極楽,ごくらく,天堂,JLPT_1 JLPT,MY-u/w:|X`
国連,こくれん,聯合國聯合國,JLPT_1 JLPT,PWdSCAXCS{
焦げ茶,こげちゃ,深棕色,JLPT_1 JLPT,z#D(l+D|+d
語源,ごげん,單詞root，單詞推導，詞源學,JLPT_1 JLPT,"wW7;mB,H-n"
心地,ここち,感覺，感覺，心情,JLPT_1 JLPT,HRZ-ZZ((63
心得,こころえ,知識，信息,JLPT_1 JLPT,r]B:&#9/Oj
心掛け,こころがけ,準備，意圖，瞄準,JLPT_1 JLPT,v|gKw*kSA<
心掛ける,こころがける,牢記，打算做,JLPT_1 JLPT,xF|-#cu_O[
志,こころざし,意圖，動機,JLPT_1 JLPT,J^EH*N|S>D
志す,こころざす,計劃，打算，渴望,JLPT_1 JLPT,zc/071N?*?
心強い,こころづよい,令人振奮，放心,JLPT_1 JLPT,K>pZg]2z_[
心細い,こころぼそい,無助，絕望，令人沮喪,JLPT_1 JLPT,ve[sU52iIO
試み,こころみ,試驗，實驗,JLPT_1 JLPT,LnQ-7#~J-i
試みる,こころみる,嘗試，測試,JLPT_1 JLPT,qG!ugw]O{9
快い,こころよい,愉快，很愉快,JLPT_1 JLPT,eXTY5f2Ubn
誤差,ごさ,錯誤,JLPT_1 JLPT,bE*}iimu/k
ございます (かん),ございます (かん),要（禮貌，存在）,JLPT_1 JLPT,g2<)LlaRj=
孤児,こじ,孤兒,JLPT_1 JLPT,Nru>c@<pc2
こじれる,こじれる,變得複雜，變得更糟,JLPT_1 JLPT,jQE(/ITykr
こす (みずを～),こす (みずを～),勞累，過濾,JLPT_1 JLPT,P2WNAwMh[2
梢,こずえ,樹梢,JLPT_1 JLPT,"P{..MI,|Mb"
個性,こせい,個性，個性，特質,JLPT_1 JLPT,EsL6l#sj?m
戸籍,こせき,人口普查，家庭登記冊,JLPT_1 Intermediate_Japanese_Ln.14 JLPT Intermediate_Japanese,JOc{[NV4x8
古代,こだい,古代,JLPT_1 JLPT,s_N1oO.lmA
こたつ,こたつ,帶加熱器的桌子，（最初）在地板井中的木炭牛,JLPT_1 JLPT,O}EMl{I]K-
こだわる,こだわる,大驚小怪，特別是,JLPT_1 JLPT,Dw-&[Gy8N`
誇張,こちょう,誇張,JLPT_1 JLPT,c]NsRC|}O%
こつ (をつかむ),こつ (をつかむ),秘密，把戲，吊死,JLPT_1 JLPT,qPHur}V8b$
滑稽,こっけい,有趣，幽默，可笑,JLPT_1 JLPT,v>_m`mFbvz
国交,こっこう,外交關係,JLPT_1 JLPT,d-(zI.D]7}
骨董品,こっとうひん,古玩,JLPT_1 JLPT,Dr0mqScf_b
固定,こてい,固定，固定（例如，薪水，資本）,JLPT_1 JLPT,g$6E|N|S:$
事柄,ことがら,物質，事情，外遇，情況,JLPT_1 JLPT,F=ad!I0A}O
孤独,こどく,孤立，孤獨，孤獨,JLPT_1 JLPT,"cT&=x,mI2c"
ことごとく,ことごとく,完全，完全,JLPT_1 JLPT,dR[Sxf+^Ps
言付け,ことづけ,留言,JLPT_1 JLPT,kU+Y{Q}2@W
殊に,ことに,特別是，最重要的是,JLPT_1 JLPT,en/8|n9S0h
粉々,こなごな,在很小的一塊,JLPT_1 JLPT,Kmg$=%neFc
好ましい,このましい,很好，討人喜歡，理想,JLPT_1 JLPT,x#LKH<P4pQ
碁盤,ごばん,去板,JLPT_1 JLPT,zlA@Kkn)Y
個別,こべつ,特殊情況,JLPT_1 JLPT,IS>`l#g_rF
ごまかす,ごまかす,欺騙，偽造，歪曲,JLPT_1 JLPT,p$tB:Q(vZY
細やか,こまやか,微薄，謙虛,JLPT_1 JLPT,w6sGv9Z]7>
コマーシャル,コマーシャル,廣告,JLPT_1 JLPT,pmxm=&|P?L
込める,こめる,包括，放入,JLPT_1 JLPT,FCbb2pT+SZ
コメント,コメント,評論,JLPT_1 JLPT,cplDpvT[1o
籠もる,こもる,隔離自己，被限制在,JLPT_1 JLPT,KBSxgcpn$F
固有,こゆう,特徵，傳統，奇特,JLPT_1 JLPT,yXV:}D_ozd
暦,こよみ,日曆，年鑑,JLPT_1 JLPT,jx:{}3HoK:
凝らす,こらす,集中精力，奉獻，凝視,JLPT_1 JLPT,oJEMYEm^we
ごらんなさい (かん),ごらんなさい (かん),看，（請）嘗試做,JLPT_1 JLPT,N1BBvCZ=AZ
孤立,こりつ,隔離，無助,JLPT_1 JLPT,xYDSYkNe4i
懲りる,こりる,通過經驗學習，厭惡,JLPT_1 JLPT,vbJg<?=y%j
凝る,こる,僵硬，變硬,JLPT_1 JLPT,p)T=z%i7F[
根気,こんき,耐心;毅力，能量,JLPT_1 JLPT,GDCM!r*##2
根拠,こんきょ,基礎，基礎,JLPT_1 JLPT,Grg-T-@C<M
混血,こんけつ,混合種族，混合父母,JLPT_1 JLPT,saDmLPZfe~
コンタクト (レンズ),コンタクト (レンズ),接觸;隱形眼鏡,JLPT_1 JLPT,DU{l0`Yee%
昆虫,こんちゅう,昆蟲，蟲子,JLPT_1 JLPT,P^F+-mx?ec
根底,こんてい,根，基礎,JLPT_1 JLPT,g6v%#_YbHK
混同,こんどう,混亂，混合，合併,JLPT_1 JLPT,"M?|],Xch]L"
コントラスト,コントラスト,對比,JLPT_1 JLPT,m2RkdF5Kfg
コントロール,コントロール,控制,JLPT_1 JLPT,hZ|i&d%@k8
コンパス,コンパス,羅盤,JLPT_1 JLPT,L6kv/h{mWx
根本,こんぽん,基礎，根，基礎,JLPT_1 JLPT,I>Va~AQW*%
財,ざい,財富，財富,JLPT_1 JLPT,Lg^]^#Fui$
再会,さいかい,再次開會，聚會,JLPT_1 JLPT,nK{EZH)j58
災害,さいがい,災難，災難，不幸,JLPT_1 JLPT,s/:E%{jbbX
細菌,さいきん,芽孢桿菌，細菌，細菌,JLPT_1 JLPT,I!s+/_djx3
細工,さいく,工作，工藝，技巧,JLPT_1 JLPT,ouX.|>$33M
採掘,さいくつ,礦業,JLPT_1 JLPT,Qb&n#ag5.U
サイクル,サイクル,循環,JLPT_1 JLPT,CwR.:*^K)]
採決,さいけつ,投票，打電話,JLPT_1 JLPT,dGyNtnPzfu
再建,さいけん,（寺廟或神社）重建,JLPT_1 JLPT,oY^(hGDwBB
再現,さいげん,繁殖，返回，復興,JLPT_1 JLPT,j$Iu*3{(HU
財源,ざいげん,資金，資源，財務,JLPT_1 JLPT,gD`:Vm3DD=
在庫,ざいこ,庫存，庫存,JLPT_1 JLPT,I`6&P}MLhB
採算,さいさん,利潤,JLPT_1 JLPT,z3sqnTBL(n
サイズ,サイズ,尺寸,JLPT_1 JLPT,J0]k_!eDR<
再生,さいせい,播放，再生，復甦,JLPT_1 JLPT,hGl1Th{bx@
財政,ざいせい,經濟，財務,JLPT_1 JLPT,PbUztxpH:]
最善,さいぜん,最好的,JLPT_1 JLPT,M-1H]L<~pq
採択,さいたく,採用，選擇，選擇,JLPT_1 JLPT,e+cLZEXhDr
栽培,さいばい,耕種,JLPT_1 JLPT,uC68c<~cH)
再発,さいはつ,返回，復發，再發生,JLPT_1 JLPT,CS^Rshk:|8
細胞,さいぼう,細胞,JLPT_1 JLPT,CzyHns{dm!
採用,さいよう,使用，採用,JLPT_1 JLPT,"vMLF5(iO,d"
遮る,さえぎる,打斷，攔截，阻礙,JLPT_1 JLPT,QMaal]q?M$
さえずる,さえずる,唱歌，鳴叫，去Twitter,JLPT_1 JLPT,r@Q>;L$}V-
冴える,さえる,要明確，明亮，熟練,JLPT_1 JLPT,F_K.fXalP!
竿,さお,桿，桿（例如，洗衣服）,JLPT_1 JLPT,v^.R1:=Y[p
栄える,さかえる,蓬勃發展，繁榮，繁榮,JLPT_1 JLPT,w`<;(n%DdJ
差額,さがく,平衡，差異，邊距,JLPT_1 JLPT,gAXt@5CeYh
杯,さかずき,酒杯,JLPT_1 JLPT,QIw#3oSw.:
逆立ち,さかだち,倒立，倒立,JLPT_1 JLPT,ec~&YKW}51
さきに (いぜん),さきに (いぜん),之前，比以前更早,JLPT_1 JLPT,uh`5:/)TWv
詐欺,さぎ,欺詐，騙子,JLPT_1 JLPT,w6]yB.g{E!
削減,さくげん,切割，還原,JLPT_1 JLPT,k7zRyZ_D=o
錯誤,さくご,錯誤,JLPT_1 JLPT,IDfkC-Cw&L
作戦,さくせん,軍事行動，戰術，策略,JLPT_1 JLPT,s$Xs?1nQ+e
叫び,さけび,喊，尖叫，強烈抗議,JLPT_1 JLPT,nqYX]L]Y*r
捧げる,ささげる,舉起，付出，提供,JLPT_1 JLPT,KhanDj}|vd
差し掛かる,さしかかる,要靠近，接近,JLPT_1 JLPT,IM%WW[zOZk
指図,さしず,指示，任務,JLPT_1 JLPT,N1]Ah`4~bh
差し出す,さしだす,出現，提交，堅持,JLPT_1 JLPT,A&xf;%;bo<
差し支える,さしつかえる,干預，阻礙,JLPT_1 JLPT,ve>x:VMBVJ
授ける,さずける,授予，授予，教書,JLPT_1 JLPT,h.+pAO9bEu
摩する,さする,摩擦，中風,JLPT_1 JLPT,yQu&Wz5|+#
さぞ (さぞや。さぞかし),さぞ (さぞや。さぞかし),我敢肯定，毫無疑問,JLPT_1 JLPT,FE`C@V&t[f
定まる,さだまる,安頓下來，固定,JLPT_1 JLPT,"Ly=j.,,]V@"
定める,さだめる,決定，確定,JLPT_1 JLPT,MNqx6`F)B2
座談会,ざだんかい,研討會，圓桌討論,JLPT_1 JLPT,d!+{3%PNo}
雑,ざつ,粗糙，粗糙,JLPT_1 JLPT,PqMu^a?1a^
雑貨,ざっか,其他商品，一般商品,JLPT_1 JLPT,r5VCxxHAy|
殺人,さつじん,謀殺,JLPT_1 JLPT,tM%DouVsND
察する,さっする,猜測，感覺，判斷,JLPT_1 JLPT,LGG(>{BjoV
雑談,ざつだん,聊天，閒置談話,JLPT_1 JLPT,DK#>y3UE4B
さっと,さっと,突然，順利,JLPT_1 JLPT,EKYb(VaO4Q
さっぱりする,さっぱりする,重新整理,JLPT_1 JLPT,H|ANTa=Wl{
悟る,さとる,獲得啟蒙，了解,JLPT_1 JLPT,v:Q4euCfA7
最中,さなか,在中間,JLPT_1 JLPT,A!j+&nF3Wn
座標,ざひょう,坐標,JLPT_1 JLPT,B0L0!.A0?}
さほど,さほど,不是這樣，不是那麼多,JLPT_1 JLPT,Eqh)/a:JaN
サボる,サボる,剪裁（跳過）課；在工作中麵包；閒置,JLPT Genki_Ln.11 Intermediate_Japanese JLPT_1 Intermediate_Japanese_Ln.13 Genki,AVLvOaz~KF
様,さま,狀態;方式（一個人做某事）；先生或太太。,JLPT_1 JLPT Intermediate_Japanese Intermediate_Japanese_Ln.11,lj0_)hI7Ez
寒気,さむけ,寒冷，發抖，冷,JLPT_1 JLPT,N#;$qw^KPE
侍,さむらい,武士,JLPT_1 JLPT Intermediate_Japanese_Ln.7 Intermediate_Japanese,g}?p(/xug4
さも,さも,充滿樂趣，滿意,JLPT_1 JLPT,Gm-[^5Ln&h
作用,さよう,操作，效果，功能,JLPT_1 JLPT,"Oof8u=,|uS"
さらう (こどもを～),さらう (こどもを～),綁架,JLPT_1 JLPT,B@RtBWjh/W
障る,さわる,阻礙，干擾，影響,JLPT_1 JLPT,Di(J(kaH;V
酸,さん,酸,JLPT_1 JLPT,k/LaLYL|r#
山岳,さんがく,山,JLPT_1 JLPT,nJs0S#DzgO
参議院,さんぎいん,議員眾議院,JLPT_1 JLPT,O7n.x?;S]&
産休,さんきゅう,產假,JLPT_1 JLPT,k`Pzt}i$UW
サンキュー,サンキュー,謝謝,JLPT_1 JLPT,rQ2myGNLp<
残金,ざんきん,剩下的錢,JLPT_1 JLPT,E</lr>b527
産後,さんご,產後，分娩後,JLPT_1 JLPT,"Pge/h!,u.x"
残酷,ざんこく,殘酷，苛刻,JLPT_1 JLPT,snLE.]5(UV
産出,さんしゅつ,產量，生產,JLPT_1 JLPT,AItAE0vKn;
参照,さんしょう,參考，諮詢，諮詢,JLPT_1 JLPT,Q=29PP)W-_
参上,さんじょう,打電話，來訪,JLPT_1 JLPT,w#SP~u0yM;
残高,ざんだか,（銀行）餘額，其餘部分,JLPT_1 JLPT,K4gXaj[Vyi
サンタクロース,サンタクロース,聖誕老人,JLPT_1 JLPT Intermediate_Japanese_Ln.8 Intermediate_Japanese,f/QC`5/{Un
桟橋,さんばし,碼頭，碼頭，碼頭,JLPT_1 JLPT,qY2!_v~;bZ
賛美,さんび,讚美，崇拜，榮耀,JLPT_1 JLPT,e.-RuHb{48
山腹,さんぷく,山坡，山坡,JLPT_1 JLPT,o2ZZ0`v<eS
産婦人科,さんふじんか,產婦和婦科部門,JLPT_1 JLPT,C-(.5yIOQP
産物,さんぶつ,產品，結果，水果,JLPT_1 JLPT,E~s#%JNaV$
山脈,さんみゃく,山脈,JLPT_1 JLPT,x1O?:5^y|C
仕上がり,しあがり,完成，結束，完成,JLPT_1 JLPT,yea;?+baU4
仕上,しあげ,結束，完成觸摸,JLPT_1 JLPT,oEx[)E@iYE
仕上げる,しあげる,完成，完成,JLPT_1 JLPT,hK4h`Zw:aS
飼育,しいく,繁殖，飼養，飼養,JLPT_1 JLPT,e5/Z)LI]cr
強いて,しいて,敢於堅持,JLPT_1 JLPT,Bomwd0N#[6
シート,シート,座位;床單,JLPT_1 JLPT,u]dm-2Z@p[
ジーパン,ジーパン,牛仔褲,JLPT_1 JLPT,HXr(ew@{F#
仕入れる,しいれる,存貨，補充庫存，採購,JLPT_1 JLPT,IFIIG{$W)<
強いる,しいる,強迫，強迫，脅迫,JLPT_1 JLPT,mim3NgV!o^
潮,しお,潮,JLPT_1 JLPT,bk[V+Gm9:@
歯科,しか,牙科,JLPT_1 JLPT,OAZ`Wrx_o9
自我,じが,自我，自我,JLPT_1 JLPT,b-m;dw=d{Y
自覚,じかく,自我意識,JLPT_1 JLPT,i/]v!LT[`[
仕掛,しかけ,設備，技巧，機制,JLPT_1 JLPT,Jsems8J4`^
仕掛ける,しかける,鋪設，設置，工資,JLPT_1 JLPT,Ac40<_hm$3
しかしながら,しかしながら,但是，儘管如此,JLPT_1 JLPT,Hq^C6[L3R8
色彩,しきさい,顏色,JLPT_1 JLPT,G$Z8Bsx{4U
式場,しきじょう,禮儀大廳，儀式的地方（例如婚姻）,JLPT_1 JLPT,rHP.1FI!Xg
しきたり,しきたり,習俗，傳統實踐，傳統,JLPT_1 JLPT,sw_]y<P?Kn
事業,じぎょう,項目，企業，業務,JLPT_1 JLPT,A#sQ/bEEtj
軽蔑,けいべつ,輕蔑，不屑一顧,JLPT_1 JLPT,"lOS,!wvUe["
経歴,けいれき,個人歷史，職業,JLPT_1 JLPT,D*n(@DRyq`
経路,けいろ,課程，路線，頻道,JLPT_1 JLPT,AQ(D;C-S!0
けがらわしい,けがらわしい,骯髒，不公平,JLPT_1 JLPT,lJNQ&9#g@p
劇団,げきだん,戲劇公司劇團,JLPT_1 JLPT,%y17:4{hj
激励,げきれい,鼓勵,JLPT_1 JLPT,C6/gh1N08I
ゲスト,ゲスト,客人,JLPT_1 JLPT,lW>d7fCUoL
獣,けだもの,野獸，野蠻,JLPT_1 JLPT,"o.IW_<j!,1"
決,けつ,決定，投票,JLPT_1 JLPT,h7W;[eV_6*
決意,けつい,決策，決心,JLPT_1 JLPT,Gg{:k%<AT6
結核,けっかく,結核,JLPT_1 JLPT,dB99/5N;ta
決議,けつぎ,決議，投票，決定,JLPT_1 JLPT,tcKhTpRM%o
結合,けつごう,聯合，聯合,JLPT_1 JLPT,Q*@FzK(@81
決算,けっさん,資產負債表，帳戶結算,JLPT_1 JLPT,z2iqWC-nB~
月謝,げっしゃ,每月學費,JLPT_1 JLPT,t[*0i:*.#i
決勝,けっしょう,決賽（運動）,JLPT_1 JLPT,NFjb:+3q7*
結晶,けっしょう,晶體，結晶,JLPT_1 JLPT,x*(Q^EE$u3
結成,けっせい,形成,JLPT_1 JLPT,c_%F>ZhYyr
結束,けっそく,聯盟，團結,JLPT_1 JLPT,JdP5@BTWkb
げっそり,げっそり,感到沮喪，減肥,JLPT_1 JLPT,EtlnVvKbZd
決断,けつだん,決策，決心,JLPT_1 JLPT,w;j;5-!>6(
月賦,げっぷ,每月分期付款,JLPT_1 JLPT,I{X4ZTn7X9
欠乏,けつぼう,短缺,JLPT_1 JLPT,x8kzLzQh~#
蹴飛ばす,けとばす,踢開，踢（某人）,JLPT_1 JLPT,b5){X3eg^W
けなす,けなす,虐待,JLPT_1 JLPT,BA]o8V-nRc
煙たい,けむたい,煙熏，感到尷尬,JLPT_1 JLPT,M_8T~aeKk.
煙る,けむる,吸煙（例如，火）,JLPT_1 JLPT,"O+^L$,-au7"
獣,けもの,野獸，野蠻,JLPT_1 JLPT,q-7J3|/7Vg
家来,けらい,保留者，鼠尾草，僕人,JLPT_1 JLPT,n|b=[)XZ>2
下痢,げり,腹瀉,JLPT_1 JLPT Intermediate_Japanese_Ln.12 Intermediate_Japanese,D94n#KX+u`
権威,けんい,權威，權力，影響力,JLPT_1 JLPT,lZZG^l>c$z
兼業,けんぎょう,同時擔任兩份工作,JLPT_1 Intermediate_Japanese_Ln.14 JLPT Intermediate_Japanese,x9DFE@YYzp
原形,げんけい,原始形式，基本形式,JLPT_1 JLPT,"y2|y)U#`,-"
原型,げんけい,原型，模型，原型,JLPT_1 JLPT,"d5x_w+I&U,"
権限,けんげん,權力，權威，管轄權,JLPT_1 JLPT,wsBe&qWS]u
現行,げんこう,現在，目前正在運行,JLPT_1 JLPT,cB#>jxDt}]
健在,けんざい,身體健康，很好,JLPT_1 JLPT,K?xI8~wHA>
原作,げんさく,原作,JLPT_1 JLPT,"K<e+,WSWtr"
検事,けんじ,檢察官,JLPT_1 JLPT,H[xn?@;-+x
原子,げんし,原子,JLPT_1 JLPT,"b[T}G,9]G?"
元首,げんしゅ,統治者，主權,JLPT_1 JLPT,cJ-$.|^5r+
原書,げんしょ,原始文件,JLPT_1 JLPT,wBia;+PSDE
懸賞,けんしょう,提供獎品，獲勝，獎勵,JLPT_1 JLPT,B7|NMN9B[B
健全,けんぜん,健康，健全，健康,JLPT_1 JLPT,u-bm~%/EH(
元素,げんそ,元素,JLPT_1 JLPT,B2tvGhK[&9
同調,どうちょう,同情，同意，一致,JLPT_1 JLPT,n#0+>4}sN5
到底,とうてい,（不能）可能,JLPT_1 JLPT,C.#O<.PWZ+
動的,どうてき,動態，動力學,JLPT_1 JLPT,k^9j&Q>>|N
尊い,とうとい,珍貴，有價值，高貴,JLPT_1 JLPT,o/:X}@s/ud
貴い,とうとい,珍貴，有價值，高貴,JLPT_1 JLPT,uE?!53}hB@
同等,どうとう,平等，等級相同,JLPT_1 JLPT,sS(wNIrQN<
堂々,どうどう,宏偉，宏偉，令人印象深刻,JLPT_1 JLPT,O@p/U*&n{h
尊ぶ,とうとぶ,重視，獎勵，尊重,JLPT_1 JLPT,NH2!B2Yh2E
どうにか,どうにか,以某種方式，一種或另一種方式,JLPT_1 JLPT,l_xfmqX[ub
投入,とうにゅう,投擲，投資，製造（電路）,JLPT_1 JLPT,mwsjMMb<d>
導入,どうにゅう,引入，引進，引入,JLPT_1 JLPT Intermediate_Japanese_Ln.12 Intermediate_Japanese,m1+j$HqcF;
当人,とうにん,一個人，所說的人,JLPT_1 JLPT,l]4=/bCF3a
同封,どうふう,外殼（例如，在字母中）,JLPT_1 JLPT,hnY+6g21h_
逃亡,とうぼう,逃脫,JLPT_1 JLPT,qqqC#4{p[V
冬眠,とうみん,休眠，冬季睡眠,JLPT_1 JLPT,"B+T>Lb-B&,"
同盟,どうめい,聯盟，聯盟，聯盟,JLPT_1 JLPT,oBig^AFvC5
どうやら,どうやら,看起來，某種程度上或其他,JLPT_1 JLPT,LZH$.!k~sm
動力,どうりょく,力量，動力，動態力量,JLPT_1 JLPT,gcbdGzw%jw
登録,とうろく,註冊，註冊，記錄,JLPT_1 JLPT,w(]v<(of^0
討論,とうろん,討論;辯論,JLPT_1 JLPT Intermediate_Japanese_Ln.15 Intermediate_Japanese,ft/}AOp*ZE
遠ざかる,とおざかる,走很遠,JLPT_1 JLPT,nANBsXm^[4
遠回り,とおまわり,彎路，迴旋處的方式,JLPT_1 JLPT,u;(Y+10j3P
トーン,トーン,語氣,JLPT_1 JLPT,O1)Y~lZnk@
とかく,とかく,無論如何，無論如何，無論如何,JLPT_1 JLPT,Jhr>yBj`X[
とがめる,とがめる,責備，斥責,JLPT_1 JLPT,tCyhd<KEBb
時折,ときおり,有時,JLPT_1 JLPT,cBC8l)@|Bd
とぎれる,とぎれる,暫停，被打斷,JLPT_1 JLPT,M`gmYE]A0;
研ぐ,とぐ,銳化，研磨，拋光,JLPT_1 JLPT,lUJgFysD==
特技,とくぎ,特殊人才；技能,JLPT_1 JLPT Intermediate_Japanese_Ln.8 Intermediate_Japanese,"iyF,MXDXX4"
独裁,どくさい,專政，專制主義,JLPT_1 JLPT,"c+G[A,i*M0"
特産,とくさん,專業，特殊產品,JLPT_1 JLPT,Cyr8}5s:<j
独自,どくじ,原始，奇特，特徵,JLPT_1 JLPT,iCBdeKS#GI
特集,とくしゅう,功能（例如報紙，特別版，報告）,JLPT_1 JLPT,wi!>SN]gEF
独占,どくせん,壟斷,JLPT_1 JLPT,j~8Pw]-mt@
独創,どくそう,獨創性,JLPT_1 JLPT,gXnxl+EiHr
得点,とくてん,得分，得分,JLPT_1 JLPT,"u`t,J1?=>5"
特派,とくは,特別發送特別使節,JLPT_1 JLPT,HzEPo`9b]p
特有,とくゆう,特徵（特有（特殊）（to））,JLPT_1 JLPT,s!rvO*5;{%
とげ (をさす),とげ (をさす),刺,JLPT_1 JLPT,hJ#iZ92?#q
遂げる,とげる,完成，實現，執行,JLPT_1 JLPT,xrXbhn4rr4
～どころか,～どころか,而是遠離,JLPT_1 JLPT,EHH{[82H7I
年頃,としごろ,年齡，可結婚的年齡，青春期,JLPT_1 JLPT,etGaTJBp9c
戸締り,とじまり,關閉，鎖門,JLPT_1 JLPT,br8:Ms=|$#
途上,とじょう,en/在路線上，一半,JLPT_1 JLPT,u0JdXEY0c~
土台,どだい,基礎，基礎，基礎,JLPT_1 JLPT,cvkea1V_|{
途絶える,とだえる,停止，停止，結束,JLPT_1 JLPT,G6Wu+!]SF@
特許,とっきょ,特別許可，專利,JLPT_1 JLPT,y;*Z>uq]4W
特権,とっけん,特權，特殊權利,JLPT_1 JLPT,k%B0csu$EA
とっさに,とっさに,立刻,JLPT_1 JLPT,q}5LIfDsGB
突如,とつじょ,突然，突然,JLPT_1 JLPT,vs{$6V?ZhH
とって,とって,手柄，抓地力，旋鈕,JLPT_1 JLPT,G05L%<Kvt?
突破,とっぱ,突破，突破，穿透,JLPT_1 JLPT,BUU#!_nB`?
土手,どて,堤防，銀行,JLPT_1 JLPT,P7Y3[uoFO/
届,とどけ,報告，通知，註冊,JLPT_1 JLPT,k&rtuoJHn+
滞る,とどこおる,停滯，延遲,JLPT_1 JLPT,K*Hz>u1V/7
整える,ととのえる,進行，安排，調整；準備，準備；籌集資金,JLPT_1 JLPT,yz)tg)bvJH
止める,とどめる,結束，停止，停止，辭職,JLPT_1 JLPT,IgE:xC]C-g
唱える,となえる,背誦，喊叫，呼喚,JLPT_1 JLPT,Gg`8L(I3?q
殿様,とのさま,封建主,JLPT_1 JLPT,xjLi|(N)Y!
土俵,どひょう,競技場,JLPT_1 JLPT,kt7if2NoDZ
扉,とびら,門，打開,JLPT_1 JLPT,I24=_qRNG{
溝,どぶ,溝渠，排水，間隙,JLPT_1 JLPT,Hzol[}&YZl
徒歩,とほ,步行，步行,JLPT_1 JLPT,Fjm7hAD%fu
土木,どぼく,公共工程,JLPT_1 JLPT,jgd#[Gmw^^
とぼける,とぼける,扮演愚蠢，假裝無知，發揮無辜的表情，表達空白；扮演傻瓜；陷入困境,JLPT_1 JLPT,HA39$4<O7S
乏しい,とぼしい,微薄，稀缺，努力，可憐,JLPT_1 JLPT,"wt#tsoF,$N"
富,とみ,財富，財富,JLPT_1 JLPT,kl&?2R4Ul?
富む,とむ,富裕，變得富有,JLPT_1 JLPT,Q?~wK|+t|p
共稼ぎ,ともかせぎ,一起工作，（夫妻）一起謀生,JLPT_1 JLPT,"K<|&apg,,5"
伴う,ともなう,陪伴，帶來,JLPT_1 JLPT,ntk-`u.Caj
共働き,ともばたらき,雙重收入（夫妻都在工作）,JLPT_1 Intermediate_Japanese_Ln.14 JLPT Intermediate_Japanese,KsJK.WMk9k
ドライ,ドライ,乾燥,JLPT_1 JLPT,uyF82nwuCT
ドライクリーニング,ドライクリーニング,乾洗,JLPT_1 JLPT,hI<4F;7$M(
ドライバー,ドライバー,駕駛員，螺絲刀,JLPT_1 JLPT,JR*AC1{b!P
ドライブイン,ドライブイン,開車進入,JLPT_1 JLPT,lGQ5H]umJ
トラブル,トラブル,麻煩（有時用作動詞）,JLPT_1 JLPT,fF~?5;]hHp
トランジスター,トランジスター,電晶體,JLPT_1 JLPT,G8*[Jm%i5[
とりあえず,とりあえず,首先，暫時是,JLPT_1 JLPT,"A3E,EB~Q2G"
取扱,とりあつかい,處理，處理，管理,JLPT_1 JLPT,rBTr^DU*Cx
取り扱う,とりあつかう,治療，處理，處理,JLPT_1 JLPT,f<xt2FJB#W
鳥居,とりい,神道神社拱門,JLPT_1 JLPT,bwgFGu0jgU
取り替え,とりかえ,交換，交換,JLPT_1 JLPT,"LmK#s,9;im"
取り組む,とりくむ,解決，進行回合，與,JLPT_1 JLPT,FUhxb`Icnx
取締り,とりしまり,控制，鎮壓，監督,JLPT_1 JLPT,Nn_#J1j`cb
取り締まる,とりしまる,打擊，控制，監督,JLPT_1 JLPT,u>YtS}dO87
取り調べる,とりしらべる,調查，檢查,JLPT_1 JLPT,"lTv.J/i,RR"
取り立てる,とりたてる,收集，勒索,JLPT_1 JLPT,u]pjW8@;4G
取り次ぐ,とりつぐ,充當代理，宣布（某人），傳達（信息）,JLPT_1 JLPT,h81vV]thLx
取り付ける,とりつける,提供，安裝；獲得某人的協議,JLPT_1 JLPT,OLVn)Sl<l<
取り除く,とりのぞく,刪除，帶走，分開,JLPT_1 JLPT,hNl.|rVPKI
取引,とりひき,交易，交易，業務,JLPT_1 JLPT,QK;D?PC(Iv
取り巻く,とりまく,包圍，圈子，封閉,JLPT_1 JLPT,E%Fl$NJpIJ
取り混ぜる,とりまぜる,混合，放在一起,JLPT_1 JLPT,Bo(wYaa}Ah
取り戻す,とりもどす,回來，重新獲得,JLPT_1 JLPT,pPlunQ{V=M
取り寄せる,とりよせる,訂購，發送,JLPT_1 JLPT,M^8;v4K?HH
ドリル,ドリル,鑽頭,JLPT_1 JLPT,tLuvrWP-bR
副,とりわけ,特別是，最重要的是,JLPT_1 JLPT,I|~T6euZ&R
とろける,とろける,熔化;被迷住,JLPT_1 JLPT,zCt%1bEngS
鈍感,どんかん,厚實，僵硬,JLPT_1 JLPT,AGgv#X94Iv
とんだ,とんだ,可怕，可怕，嚴重，絕對不是,JLPT_1 JLPT,H?67/UOJ%d
度忘れ,どわすれ,記憶的失誤，暫時忘記,JLPT_1 JLPT,O3@@XzGoQO
問屋,とんや,批發商店,JLPT_1 JLPT,L]HWWc9|Rk
内閣,ないかく,內閣，（政府）,JLPT_1 JLPT,y)df|:D=Sq
乃至,ないし,從...到……和或之間,JLPT_1 JLPT,iAOF?Qa_8q
内緒,ないしょ,保密，隱私，秘密,JLPT_1 JLPT,u~2eY8N1H4
内心,ないしん,最內心的思想，真正的意圖，最內心,JLPT_1 JLPT,qVMnXwPQkx
内蔵,ないぞう,內臟器官；內置,JLPT_1 JLPT,L]Dm~E_?j[
ナイター,ナイター,燈光下的遊戲（例如棒球），夜間遊戲,JLPT_1 JLPT,w71YMp^g^|
内部,ないぶ,內部，內部，內部,JLPT_1 JLPT,Qc_^Hv.8K<
内乱,ないらん,內戰，家庭衝突,JLPT_1 JLPT,"nyNNE_],O!"
内陸,ないりく,內陸,JLPT_1 JLPT,G}P5V$Jk?4
苗,なえ,稻幼苗,JLPT_1 JLPT,D`y6b-_J-}
なおさら,なおさら,更多，更少,JLPT_1 JLPT,D3]|seyAVE
流し,ながし,下沉,JLPT_1 JLPT,sUm$!Jp0[}
長々,ながなが,長，繪製，很長,JLPT_1 JLPT,OTwM?YMLfQ
中程,なかほど,中間，中間,JLPT_1 JLPT,A)F$iP@]z@
渚,なぎさ,水的邊緣，海灘，海岸,JLPT_1 JLPT,zd22=yfA9n
嘆く,なげく,嘆息，哀嘆，悲傷,JLPT_1 JLPT,ilzJ;<!YjV
投げ出す,なげだす,放棄，扔掉,JLPT_1 JLPT,vl-:<#dR[!
仲人,なこうど,匹配者之間,JLPT_1 JLPT,kknZLw#*&s
和やか,なごやか,溫和，平靜，和諧,JLPT_1 JLPT,EbN._V9![%
名残,なごり,保留，痕跡，內存,JLPT_1 JLPT,oz>_]^qFZM
情け,なさけ,同情，同情,JLPT_1 JLPT,D|r~;|9R]k
情無い,なさけない,悲慘，可憐，可恥,JLPT_1 JLPT,N<_jdqMHiS
情深い,なさけぶかい,溫柔，富有同情心,JLPT_1 JLPT,P:u6w48-M4
詰る,なじる,斥責，責罵，說明,JLPT_1 JLPT,m2ug%F|{:P
名高い,なだかい,著名，著名，著名的,JLPT_1 JLPT,CAOqe%9eXa
雪崩,なだれ,雪崩,JLPT_1 JLPT,i|el8n-PMm
懐く,なつく,變得情緒依戀,JLPT_1 JLPT,g];Z(M#sXQ
名付ける,なづける,命名,JLPT_1 JLPT,NJQx_8`$@d
何気ない,なにげない,休閒，不關心,JLPT_1 JLPT,GCR5kv%JGq
なにとぞ,なにとぞ,請一定要,JLPT_1 JLPT,lQ*Q=lmCB7
なにより,なにより,大多數，最好,JLPT_1 JLPT,Ifj=x)`!7.
ナプキン,ナプキン,餐巾,JLPT_1 JLPT,dY;w6ETO=:
名札,なふだ,銘牌，名稱標籤,JLPT_1 JLPT,"H,LzU#iC|r"
生臭い,なまぐさい,聞到魚或血液，魚或肉,JLPT_1 JLPT,vDPDWlb?&h
生温い,なまぬるい,冷淡，半身,JLPT_1 JLPT,G~a-u$_3U#
生身,なまみ,活肉，肉和血液，快速,JLPT_1 JLPT,mdk5@{-d$q
鉛,なまり,鉛（金屬）,JLPT_1 JLPT,clLq6d~d8L
滑らか,なめらか,光滑，玻璃度,JLPT_1 JLPT,F~B/LW)1su
嘗める,なめる,舔;經驗；取笑,JLPT_1 JLPT,"h&h,RaX>m("
悩ましい,なやましい,誘人，憂鬱，懶惰,JLPT_1 JLPT,vf@^4N2dLC
悩ます,なやます,打擾，騷擾，騷擾,JLPT_1 JLPT,jR2E;(CfhM
悩み,なやみ,麻煩，擔心，困擾,JLPT_1 JLPT Genki_Ln.19 Genki,"rYH,[!J71-"
並びに,ならびに,和,JLPT_1 JLPT,Ny*4D`O(3Y
成り立つ,なりたつ,由實用（邏輯，可行，可行），得出結論，保持真實,JLPT_1 JLPT,m1{^Hc5[&f
なるたけ,なるたけ,盡可能,JLPT_1 JLPT,y(q.AD0L#F
慣れ,なれ,練習，經驗,JLPT_1 JLPT,j7[97Xg7/>
馴々しい,なれなれしい,熟悉，免費,JLPT_1 JLPT,shT?wsHw[_
～なんか,～なんか,至少〜,JLPT_1 JLPT,d.Q@D)R`y/
ナンセンス,ナンセンス,廢話,JLPT_1 JLPT,moW2Xjtt^+
何だか,なんだか,有點，有點,JLPT_1 JLPT Intermediate_Japanese Intermediate_Japanese_Ln.11,hYSEqVkL.V
なんだかんだ,なんだかんだ,某物或其他,JLPT_1 JLPT,Hjnd-`9LXB
なんなり,なんなり,一切，隨便,JLPT_1 JLPT,w_?<3$dc`X
荷,に,負載，行李，貨物,JLPT_1 JLPT,yqk%}[]JXT
似通う,にかよう,非常相似,JLPT_1 JLPT,Dm9*/_j8S;
にきび,にきび,丘疹，痤瘡,JLPT_1 JLPT,e&g:V:ku_]
賑わう,にぎわう,繁榮，蓬勃發展，被人擁擠,JLPT_1 JLPT,g#ovh${-3n
憎しみ,にくしみ,仇恨,JLPT_1 JLPT,QPkVwq]vjj
肉親,にくしん,血液關係，血液相對,JLPT_1 JLPT,uWXLxRMJ+O
肉体,にくたい,身體，肉,JLPT_1 JLPT,gnN00<v<{9
逃げ出す,にげだす,逃跑，逃脫,JLPT_1 JLPT,fl)eIr9*lI
西日,にしび,西部太陽,JLPT_1 JLPT,K3I7nq2l;L
滲む,にじむ,奔跑，模糊，傳播,JLPT_1 JLPT,o9up<Sz=ve
にせ物,にせもの,模仿，偽造,JLPT_1 JLPT,A=&EK6O#1I
日夜,にちや,日夜，總是,JLPT_1 JLPT,i%dEbeqYtB
荷造り,にづくり,包裝，打包，板條箱,JLPT_1 JLPT,qOwG&WZKL2
担う,になう,肩負著肩膀，承受（負擔），肩膀（槍）,JLPT_1 JLPT,F#SgKxy?S*
鈍る,にぶる,變得降低能力，變得沉悶，變得鈍，削弱,JLPT_1 JLPT,L.(Z=bmrwj
にも関わらず,にもかかわらず,儘管如此，,JLPT_1 JLPT,KlWPE-D`h0
ニュアンス,ニュアンス,細微差別,JLPT_1 JLPT,LUTAFMalyV
ニュー,ニュー,新的,JLPT_1 JLPT,"Gfvoid,rAZ"
入手,にゅうしゅ,獲得，即將手動,JLPT_1 JLPT,KYs]w;nq{f
入賞,にゅうしょう,贏得獎品或地點（在比賽中,JLPT_1 JLPT,"QQ,s.4v3{f"
入浴,にゅうよく,洗澡，洗澡,JLPT_1 JLPT,K$j=e4Tdlp
尿,にょう,尿,JLPT_1 JLPT,jT5|c!zG9i
認識,にんしき,認識，認知,JLPT_1 JLPT,"sX|,Qiq}<w"
妊娠,にんしん,概念，懷孕,JLPT_1 JLPT,j|`SG%:20Y
任務,にんむ,職責，任務，任務,JLPT_1 JLPT,h6lc;]{2nu
任命,にんめい,任命，提名，任命,JLPT_1 JLPT,En]Zo|mh[y
抜かす,ぬかす,省略，忽略,JLPT_1 JLPT,B_-9.@R#h`
抜け出す,ぬけだす,溜走，偷偷溜走，表現出色,JLPT_1 JLPT,pLSh/TV^OR
主,ぬし,所有者，主人，上帝,JLPT_1 JLPT Intermediate_Japanese_Ln.13 Intermediate_Japanese,f$iPQS#{]6
沼,ぬま,沼澤，沼澤，池塘,JLPT_1 JLPT,q-TqHFf#eJ
音色,ねいろ,音色，音色,JLPT_1 JLPT,C=~bfd:qmo
値打ち,ねうち,價值，價值，價格,JLPT_1 JLPT,s_}27&HmzM
ネガ,ネガ,（攝影）負面,JLPT_1 JLPT,tRtoeF@*NA
寝かせる,ねかせる,上床睡覺，躺下，發酵,JLPT_1 JLPT,i8aC;^zTA&
ねじまわし,ねじまわし,螺絲刀,JLPT_1 JLPT,lC3$+z.Dp9
捩れる,ねじれる,扭曲，應變,JLPT_1 JLPT,Shp4gNU#M
妬む,ねたむ,嫉妒，嫉妒,JLPT_1 JLPT,LkwOsP2luZ
ねだる,ねだる,要nag，要求,JLPT_1 JLPT,bqJI({hGlV
熱意,ねつい,熱情，熱情,JLPT_1 JLPT,rd11dz%oP<
熱湯,ねっとう,開水,JLPT_1 JLPT,yBQ@*k[rMd
熱量,ねつりょう,熱量價值,JLPT_1 JLPT,yVC<gDS.Nb
粘り,ねばり,粘性，粘度,JLPT_1 JLPT,BvIS%RjDgh
粘る,ねばる,要粘，要粘著，堅持，堅持,JLPT_1 JLPT,q5idXyJ?~3
値引き,ねびき,降價，折扣,JLPT_1 JLPT,ppHz}aRok7
根回し,ねまわし,進行必要的安排,JLPT_1 JLPT,k|jB&4ScOn
眠たい,ねむたい,困,JLPT_1 JLPT,A:U[i:g3Mu
練る,ねる,揉捏，工作，拋光,JLPT_1 JLPT,OcA{._U(He
念,ねん,感覺，感覺，慾望,JLPT_1 JLPT,uVWX2{yDLk
年賀,ねんが,新年問候，新年卡,JLPT_1 JLPT,P$?kkzx-4;
念願,ねんがん,一個人的願望，認真的請願,JLPT_1 JLPT,N2]ye^.%%-
年号,ねんごう,時代的名稱，年數,JLPT_1 JLPT,bLo0`T)GZr
燃焼,ねんしょう,燃燒，燃燒,JLPT_1 JLPT,zKpI9!^gxJ
年長,ねんちょう,資歷,JLPT_1 JLPT,L5;%C?!rKM
燃料,ねんりょう,燃料,JLPT_1 JLPT,rltcX_fvi[
年輪,ねんりん,年度樹環,JLPT_1 JLPT,b+fwXle>0o
ノイローゼ,ノイローゼ,神經症（GER：神經症）,JLPT_1 JLPT,"J+@dVGG,?/"
農耕,のうこう,農業，農業,JLPT_1 JLPT,s|V;EQ<DFG
農場,のうじょう,農場,JLPT_1 JLPT,f{r<5W&Bpu
農地,のうち,農業用地,JLPT_1 JLPT,gFlV*(m#WE
納入,のうにゅう,付款，供應,JLPT_1 JLPT,K9YdM1s/F>
逃す,のがす,放鬆，放鬆，放開逃脫,JLPT_1 JLPT,cfjj1lW1R
逃れる,のがれる,逃脫,JLPT_1 JLPT,ur0/yS?G.F
軒並,のきなみ,一排房子；統一,JLPT_1 JLPT,gYh0C^=J<1
望ましい,のぞましい,理想，希望,JLPT_1 JLPT,O~bUfdZRZc
乗っ取る,のっとる,捕獲，佔領，接管,JLPT_1 JLPT,D>275*`Xs9
のどか,のどか,寧靜，平靜，安靜,JLPT_1 JLPT,IT.<Z@]SZ.
罵る,ののしる,虐待，虐待,JLPT_1 JLPT,o]7]HcCGpH
延べ,のべ,期貨，信用（購買），拉伸，總數,JLPT_1 JLPT,Eb3R}G~vq&
飲み込む,のみこむ,吞噬，深深地吞嚥，了解,JLPT_1 JLPT Intermediate_Japanese_Ln.12 Intermediate_Japanese,fwLCsj3c:^
乗り込む,のりこむ,登機，進入（汽車）；進軍，進入,JLPT_1 JLPT,"P^t~AIQ,:b"
刃,は,刀片，劍,JLPT_1 JLPT,s8NuMFbIpb
～派,～は,小組，政黨，（MIL）部分,JLPT_1 JLPT,qMeKLND8O$
バー,バー,酒吧,JLPT_1 JLPT,xD;./&*C~}
把握,はあく,掌握，捕捉，理解,JLPT_1 JLPT,DFve{Ag1B(
パート,パート,兼職工作,JLPT_1 JLPT Intermediate_Japanese_Ln.8 Intermediate_Japanese,OK)Lf1Yk5g
廃棄,はいき,處置，放棄，丟棄,JLPT_1 JLPT,"t,]x!4!SsB"
配給,はいきゅう,分佈（例如電影，大米,JLPT_1 JLPT,BIJAh&96+q
ばい菌,ばいきん,細菌，胚芽,JLPT_1 JLPT,F@%B4+?fE|
配偶者,はいぐうしゃ,配偶,JLPT_1 JLPT,j5as3|4RM2
拝啓,はいけい,- 一封信開始時使用的正式問候 -,Intermediate_Japanese_Ln.4 JLPT_1 JLPT Intermediate_Japanese,+.sAx2wLV
背景,はいけい,背景，風景，設置,JLPT_1 JLPT,B;EWwcKw8a
背後,はいご,後部，後部,JLPT_1 JLPT,"l$UvE^.,2i"
廃止,はいし,廢除，廢除,JLPT_1 JLPT,"D{,71BeMS8"
拝借,はいしゃく,（謙虛）（禮貌）借用,JLPT_1 JLPT,"w!,O.|Pr}V"
排除,はいじょ,排除，刪除，拒絕,JLPT_1 JLPT,"e(cIaHsE,F"
賠償,ばいしょう,賠償，賠償，賠償,JLPT_1 JLPT,i0;;9:0(Yb
排水,はいすい,引流,JLPT_1 JLPT,CI{]`I5(&E
敗戦,はいせん,失敗，輸掉戰爭,JLPT_1 JLPT,JSMF6y%Lj~
配置,はいち,安排（資源），處置,JLPT_1 JLPT,wZ<r/Id^hw
配布,はいふ,分配,JLPT_1 JLPT,j3UYv2B1e{
配分,はいぶん,分配，分配,JLPT_1 JLPT,sPEejO/d9<
敗北,はいぼく,失敗（作為動詞，這意味著“被擊敗”）,JLPT_1 JLPT,=90:_^P$k
倍率,ばいりつ,直徑，放大倍率,JLPT_1 JLPT,h`ahPtUY;b
配慮,はいりょ,考慮，關注，預見,JLPT_1 JLPT,poW=.ChJSm
配列,はいれつ,安排，陣列（編程）,JLPT_1 JLPT,cC<!?;J:<g
破壊,はかい,破壞,JLPT_1 JLPT,v!Zp^6YAqE
いたわる,いたわる,同情，安慰，照顧,JLPT_1 JLPT,wcGai|q>xT
一概に,いちがいに,無條件，一定是,JLPT_1 JLPT,hLV>poM3Dq
著しい,いちじるしい,出色，相當多,JLPT_1 JLPT,"kPPz=m,gRR"
一同,いちどう,所有人，所有人都在我們所有人,JLPT_1 JLPT,O|v*CB_J$V
一部分,いちぶぶん,零件，一部分,JLPT_1 JLPT,kC:AyoQ(VZ
一別,いちべつ,離別,JLPT_1 JLPT,P}9Ns5lV8E
一面,いちめん,一側，另一隻,JLPT_1 JLPT,Nx0OsZUH*E
一目,いちもく,一眼，外觀，瞥見,JLPT_1 JLPT,saAg*cc00y
一様,いちよう,統一，相似，相等,JLPT_1 JLPT,4Npj$}s^v
一律,いちりつ,甚至均勻，相等,JLPT_1 JLPT,s7Bp#3`c^s
一連,いちれん,系列，鏈條，紙（紙）,JLPT_1 JLPT,"K`?fU[;],#"
一括,いっかつ,一起，批次,JLPT_1 JLPT,hhovzuJKNB
一気,いっき,一口氣一口氣,JLPT_1 JLPT,CgBD$%2<51
一挙に,いっきょに,在中風中，一隻搖擺,JLPT_1 JLPT,F:IKX%#S}~
一見,いっけん,看，一瞥，一眼；第一次會議,JLPT_1 JLPT,NZ6>sHobC*
一切,いっさい,無一例外，整體,JLPT_1 JLPT,v}WLTgJ@1I
一心,いっしん,一個頭腦，引起人們的注意,JLPT_1 JLPT,cClq^_-/LZ
いっそ,いっそ,相反，也可能也可能,JLPT_1 JLPT,Ii]&B%6J^H
一変,いっぺん,完全更改,JLPT_1 JLPT,ek#.`h}8]>
意図,いと,意圖，目標，設計,JLPT_1 JLPT,"Nv%*-6B!(,"
営む,いとなむ,繼續（例如，在儀式上），經營一家業務,JLPT_1 JLPT,DwKEu03*|H
挑む,いどむ,挑戰,JLPT_1 JLPT,c_-t#iEGZZ
稲光,いなびかり,（閃光）閃電,JLPT_1 JLPT,c#^JVd1}UB
祈り,いのり,祈禱，懇求,JLPT_1 JLPT,Ma]tANx6d6
いびき,いびき,打s,JLPT_1 JLPT,C/{&bugX+}
今更,いまさら,現在，再次,JLPT_1 JLPT,hj*29Ug#1R
未だ,いまだ,然而，仍然,JLPT_1 JLPT,p:dli@Jl!z
移民,いみん,移民，移​​民,JLPT_1 JLPT,CLJ[Ns`Z6Z
嫌々,いやいや,勉強，絕不是不情願的,JLPT_1 JLPT,QjHKtey?XJ
卑しい,いやしい,貪婪，粗俗，破舊,JLPT_1 JLPT,vBh9gD/$!+
いやに,いやに,非常可怕,JLPT_1 JLPT,qpdLL_V*P#
いやらしい,いやらしい,不愉快，令人噁心，不雅,JLPT_1 JLPT,D<T6@Y-YD4
意欲,いよく,意志，渴望，野心,JLPT_1 JLPT,Fq(`u%{Obm
威力,いりょく,權力，可能，權威,JLPT_1 JLPT,r5er8dT<)9
衣類,いるい,衣服，衣服，服裝,JLPT_1 JLPT,QbNSCWqQ4!
異論,いろん,不同的意見，異議,JLPT_1 JLPT,A?E^7mu[K@
印鑑,いんかん,印章，密封,JLPT_1 JLPT,cTR~#z|<0M
陰気,いんき,憂鬱，憂鬱,JLPT_1 JLPT,A-+&-Fy%1r
隠居,いんきょ,退休;退休的人,JLPT_1 JLPT,b^vje[Ox#X
インターチェンジ,インターチェンジ,交換,JLPT_1 JLPT,"rBKXdv$/G,"
インターナショナル,インターナショナル,國際的,JLPT_1 JLPT,JmV&U~p0X$
インターフォン,インターフォン,輸入電話，對講機,JLPT_1 JLPT,AO3rDw-;8U
インテリ,インテリ,（Abbr。）Egghead，知識分子,JLPT_1 JLPT,piGc%@]7]l
インフォメーション,インフォメーション,資訊,JLPT_1 JLPT,KO4Fli5w!*
インフレ,インフレ,（Abbr。）通貨膨脹,JLPT_1 JLPT,QC}1+m@@J*
受かる,うかる,通過（考試）,JLPT_1 JLPT,gIq*pkmfp{
受け入れ,うけいれ,接受，接受,JLPT_1 JLPT,j&5piEC:H:
受け入れる,うけいれる,接受，接受,JLPT_1 JLPT,i_JCrJB_9E
受け継ぐ,うけつぐ,繼承，成功,JLPT_1 JLPT,x6H#Y*OpNS
受け付ける,うけつける,被接受，接收（申請）,JLPT_1 JLPT,wJiQ/5Nn/x
受け止める,うけとめる,捕捉，反應，採取,JLPT_1 JLPT,kQB/rB@6#x
受身,うけみ,被動的，被動的聲音,JLPT_1 JLPT,AB05ev+c>K
受持ち,うけもち,收費（某物），收費很重要,JLPT_1 JLPT,"DiB3?u$z,A"
動き,うごき,運動，活動，趨勢,JLPT_1 JLPT,u]mcX[(LyK
埋める,うずめる,埋葬，填充,JLPT_1 JLPT,s1}PR|XGjV
嘘つき,うそつき,說謊者,JLPT_1 JLPT,huy&f$4B!!
うたた寝,うたたね,打zing，小睡,JLPT_1 JLPT,g>}T9.Ly4K
打ち明ける,うちあける,承認，開放,JLPT_1 JLPT,m>OKlxKk@!
打ち切る,うちきる,停止，中止，中斷，關閉,JLPT_1 JLPT,NY3MFaZc*o
打ち消し,うちけし,（克）否定，否認，負面,JLPT_1 JLPT,FFlOc.L!8+
打ち込む,うちこむ,獻身於,JLPT_1 JLPT,"iV,JA!*tZ)"
団扇,うちわ,扇子,JLPT_1 JLPT,AXix@CPuvn
内訳,うちわけ,項目，分解，分類,JLPT_1 JLPT,"kc.tS5mj},"
写し,うつし,複製，重複,JLPT_1 JLPT,o]mr>S?=4H
訴え,うったえ,訴訟，投訴,JLPT_1 JLPT,L0%2@MBXxQ
うっとうしい,うっとうしい,疲倦，煩人,JLPT_1 JLPT,D_nkEIxjCi
うつむく,うつむく,向下看，彎腰,JLPT_1 JLPT,vZ9f:pDf9{
空ろ,うつろ,空白，空心，空,JLPT_1 JLPT,gT)UMo=-nJ
器,うつわ,碗，容器，容器,JLPT_1 JLPT,wCFSLHrDCy
腕前,うでまえ,能力，技巧，設施,JLPT_1 JLPT,M#fh/cwlNl
雨天,うてん,多雨的天氣,JLPT_1 JLPT,w*!:re!1<+
促す,うながす,敦促，建議要求,JLPT_1 JLPT,wV^GWyWg_j
うぬぼれ,うぬぼれ,自負，自負，傲慢,JLPT_1 JLPT,m]YR4b{=@z
生まれつき,うまれつき,本質上，出生時，本地人,JLPT_1 JLPT,vf1rqkwzEV
埋め込む,うめこむ,嵌入，植入物,JLPT_1 JLPT,xua#+HlIBN
梅干し,うめぼし,幹梅子,JLPT_1 JLPT,y[D$6jL9AV
裏返し,うらがえし,內而外，反向,JLPT_1 JLPT,x!`i3g6fj/
売り出し,うりだし,（討價還價）銷售,JLPT_1 JLPT,e#9|l1/ymz
売り出す,うりだす,出售，上市,JLPT_1 JLPT,gIddcx*`Ct
潤う,うるおう,要濕；獲利,JLPT_1 JLPT,iEM[52wf::
浮気,うわき,外遇，作弊,JLPT_1 JLPT,niMRrvhuXD
上回る,うわまわる,超過,JLPT_1 JLPT,xvIWa_An&S
植わる,うわる,要種植,JLPT_1 JLPT,q/mwW_I)&k
運営,うんえい,管理，管理，操作,JLPT_1 JLPT,m*%9#Uxp/F
うんざり,うんざり,乏味，無聊，厭倦了,JLPT_1 JLPT,G<U}3bYTX=
運送,うんそう,運輸，貨運,JLPT_1 JLPT,DH/^v}5V5H
運賃,うんちん,運費，運輸費用，（乘客）票價,JLPT_1 JLPT Intermediate_Japanese_Ln.10 Intermediate_Japanese,"OS<,k|.D(5"
云々,うんぬん,等等，等等,JLPT_1 JLPT,LiOOViPg]s
運搬,うんぱん,運輸，馬車,JLPT_1 JLPT,KHqZvxZ@6.
運命,うんめい,命運,JLPT_1 JLPT,l3_#00|#9V
運輸,うんゆ,運輸,JLPT_1 JLPT,"M~H0atu}?,"
運用,うんよう,使用，應用，實際使用,JLPT_1 JLPT,P{!{:>o!_q
エアメール,エアメール,航空郵件,JLPT_1 JLPT,q`%AC;;9Ta
～営,～えい,〜運行,JLPT_1 JLPT,dP^UCy0C~l
英字,えいじ,英文字母（字符）,JLPT_1 JLPT,"J1lN,M8$1h"
映写,えいしゃ,投影,JLPT_1 JLPT,x`Mnz)m&qb
映像,えいぞう,反射，圖像,JLPT_1 JLPT,m?:Se-SQN4
英雄,えいゆう,英雄，偉人,JLPT_1 JLPT,lpc:AiI>>Z
液,えき,液體，流體,JLPT_1 JLPT,r(jP%;ZEI5
閲覧,えつらん,檢查，參考，瀏覽,JLPT_1 JLPT,hDsmHpZ7Os
獲物,えもの,遊戲，戰利品，獎杯,JLPT_1 JLPT,5*sGNpi>A
襟,えり,脖子，衣領,JLPT_1 JLPT,tRB]@ee=lY
エレガント,エレガント,優雅的,JLPT_1 JLPT,efgo>`$5}C
円滑,えんかつ,和諧，光滑,JLPT_1 JLPT,Kb_Dvgh:lA
縁側,えんがわ,陽台，門廊，陽台，開放式走廊,JLPT_1 JLPT,wyHg^[mZl2
沿岸,えんがん,海岸，岸,JLPT_1 JLPT,AovU9kG]Un
婉曲,えんきょく,委婉的，間接的，暗示,JLPT_1 JLPT,G;:<3(vTfF
演出,えんしゅつ,生產（Erg。Play，Direction）,JLPT_1 JLPT,"wf^,)@RdCb"
エンジニア,エンジニア,工程師,JLPT_1 JLPT,B{mLrpXMY9
演じる,えんじる,表演，扮演（一部分），採取行動,JLPT_1 JLPT,"w/:3TeD,r|"
演ずる,えんずる,表演，扮演（一部分），採取行動,JLPT_1 JLPT,D7;+x/XKhh
沿線,えんせん,沿鐵路線,JLPT_1 JLPT,ALo8teWhD7
縁談,えんだん,求婚,JLPT_1 JLPT,noJgGKIj8x
遠方,えんぽう,漫長的地方,JLPT_1 JLPT,OzC<9.M=Ar
円満,えんまん,和諧，和平，光滑,JLPT_1 JLPT,Ct:pLi;{3A
追い込む,おいこむ,到牛，拐角，開車,JLPT_1 JLPT,AR1qUDM@P)
追い出す,おいだす,開除，開車出去,JLPT_1 JLPT,"riRN3`p,`k"
於いて,おいて,at，in，on,JLPT_1 JLPT,ijyE>WQ}KT
老いる,おいる,年齡，變老,JLPT_1 JLPT,Fq*tJ8V7V$
応急,おうきゅう,緊急情況,JLPT_1 JLPT,P7w*v4FZJr
黄金,おうごん,金子,JLPT_1 JLPT,mYt_k*xkZ.
往診,おうしん,醫生的訪問，家居電話,JLPT_1 JLPT,KYeqnnZ=-9
応募,おうぼ,訂閱，應用,JLPT_1 JLPT,b[VDDlfAs0
おおい (かん),おおい (かん),嘿,JLPT_1 JLPT,"oI,HaDOI/S"
大方,おおかた,幾乎全部，多數,JLPT_1 JLPT,xJaUka+CN:
大柄,おおがら,大型大型圖案,JLPT_1 JLPT,"GWS,d=cM(:"
おおげさ,おおげさ,宏偉，誇張,JLPT_1 JLPT,oddUsiCw^V
大筋,おおすじ,大綱，摘要,JLPT_1 JLPT,Hs`P|H+T!]
大空,おおぞら,天堂，天空,JLPT_1 JLPT,x&4e(F[|Hd
オートマチック,オートマチック,自動的,JLPT_1 JLPT,Ma<]_+LJWL
大幅,おおはば,全寬，大規模，刺耳,JLPT JLPT_1 MediaMissing,c`*FbFL7!*
おおまかな,おおまかな,粗糙，大約,JLPT_1 JLPT,h|xK)[LK#`
大水,おおみず,洪水,JLPT_1 JLPT,lHnH3YrPE%
公,おおやけ,民眾,JLPT_1 JLPT,oI.<`;>b`b
犯す,おかす,犯罪，違反,JLPT_1 JLPT,r}qWP|]B{j
侵す,おかす,入侵，突襲，侵入,JLPT_1 JLPT,JP!&.Z9_)1
臆病,おくびょう,怯ward，膽怯,JLPT_1 JLPT,DR9F4{>w8i
遅らす,おくらす,延遲，延遲,JLPT_1 JLPT,BxX=0Td:Ra
厳か,おごそか,雄偉，莊重,JLPT_1 JLPT,k^}q{Z*:ZU
行い,おこない,行為，行為，行動,JLPT_1 JLPT,EPt}Y|moZw
おごる (ゆうしょくを～),おごる (ゆうしょくを～),給人（某人）請客,JLPT_1 JLPT,nplO^(LG?d
収まる,おさまる,定居；要獲得,JLPT_1 JLPT,blHU8/+m@I
納まる,おさまる,定居；要獲得,JLPT_1 JLPT,cv8FX+R{$0
治まる,おさまる,保持和平，冷靜下來,JLPT_1 JLPT,vn/~]L;$eG
お産,おさん,（分娩）,JLPT_1 JLPT,euz]Ka!XAe
押し切る,おしきる,有自己的方式,JLPT_1 JLPT,djU<$hJj6~
押し込む,おしこむ,進入，擁擠,JLPT_1 JLPT,xrb|Hb|isj
惜しむ,おしむ,節儉，珍視，後悔,JLPT_1 JLPT,eSj?}z3f2/
押し寄せる,おしよせる,推開，前進,JLPT_1 JLPT,G6S^.J|&^/
雄,おす,雄性（動物）,JLPT_1 JLPT,gZ*7YqB0w(
御世辞,おせじ,奉承，稱讚,JLPT_1 JLPT,d$tF`<~=wO
襲う,おそう,進攻,JLPT_1 JLPT,d*HJIF;zrC
遅くとも,おそくとも,最新,JLPT_1 JLPT,"p,08OPe)d%"
恐れ,おそれ,恐懼，恐怖,JLPT_1 JLPT,mG1{:BxE;
恐れ入る,おそれいる,充滿敬畏，感到很小,JLPT_1 JLPT,o7$@i&/e=j
おだてる,おだてる,討人喜歡,JLPT_1 JLPT,"c}qANB`J7,"
落ち込む,おちこむ,要沮喪,JLPT_1 Genki_Ln.16 JLPT Genki,B0Aq~FM[^o
落ち着き,おちつき,冷靜，鎮定,JLPT_1 JLPT,"k)L1,/cgqd"
落葉,おちば,落葉,JLPT_1 JLPT,qPS6$v<zNn
乙,おつ,排名第二,JLPT_1 JLPT,"CTIZFIH,kM"
お使い,おつかい,差事,JLPT_1 JLPT,"Q3Uu~eV;,,"
おっかない,おっかない,令人恐懼，可怕,JLPT_1 JLPT,r<$W[mdg(3
お手上げ,おてあげ,給出，放棄希望,JLPT_1 JLPT,J({SY<_/!4
おどおど,おどおど,猶豫地鎮定,JLPT_1 JLPT,hFdj&!1iUO
脅す,おどす,威脅，威脅,JLPT_1 JLPT,l9J?^6gNw8
訪れる,おとずれる,參觀,JLPT_1 JLPT,M;`!*}::|V
お供,おとも,服務員，同伴,JLPT_1 JLPT,x[kh8D~cRx
衰える,おとろえる,變得虛弱，拒絕,JLPT_1 JLPT,pxXWt`7[Xh
同い年,おないどし,同齡,JLPT_1 JLPT,uOL4]ka~4C
自ずから,おのずから,自然，當然,JLPT_1 JLPT,CsPmT^E4si
怯える,おびえる,變得害怕,JLPT_1 JLPT,Bil>aIK.P>
おびただしい,おびただしい,大量，大量,JLPT_1 JLPT,F0E@v8v<tK
脅かす,おびやかす,威脅，脅迫,JLPT_1 JLPT,y}AqB/U_jH
帯びる,おびる,忍受，攜帶，被委託,JLPT_1 JLPT,zXZ(?*QD)1
お袋,おふくろ,母親,JLPT_1 JLPT,Iky=(#jNrr
覚え,おぼえ,記憶，感官，經驗,JLPT_1 JLPT,z/W-oJ8vaW
おまけ,おまけ,折扣；其他東西,JLPT_1 JLPT,rsBcP;b`Jp
お宮,おみや,神道神社,JLPT_1 JLPT,COvUCQv?BW
おむつ,おむつ,尿布，尿布,JLPT_1 JLPT,FRkuxmL~/i
思い付き,おもいつき,計劃，想法，建議,JLPT_1 JLPT,gk=p@=>B|;
趣,おもむき,風味，外觀，古樸,JLPT_1 JLPT,o+otz^p(oN
赴く,おもむく,去，繼續,JLPT_1 JLPT,E5WffQ+ViL
重んじる,おもんじる,尊重，尊重，尊重，獎勵,JLPT_1 JLPT,"gj_$ok,;mR"
重んずる,おもんずる,尊重，尊重，珍視,JLPT_1 JLPT,c;eXv;e7cc
親父,おやじ,父親，老人，老闆,JLPT_1 JLPT,g;f)J>kju#
及び,および,而且，以及,JLPT_1 JLPT,"F5z-<*3Tg,"
及ぶ,およぶ,到達，延伸,JLPT_1 JLPT,Lj7$<D<:Dd
折,おり,機會，場合,JLPT_1 JLPT,y[AaTw+T{(
檻,おり,籠子，筆，監獄牢房,JLPT_1 JLPT,Lj@q6`R`I<
オリエンテーション,オリエンテーション,方向,JLPT_1 JLPT,i;fk@T:&ys
折り返す,おりかえす,出現，向後折,JLPT_1 JLPT,x-(77`TIyH
織物,おりもの,紡織品，面料,JLPT_1 JLPT,@6F9JKGsN
俺,おれ,我（自我）（吹牛的第一人稱代詞）,JLPT_1 JLPT,M3v%b}<>}t
愚か,おろか,愚蠢，愚蠢,JLPT_1 JLPT,Ch>U~}L@[9
おろそか,おろそか,忽視，疏忽，粗心,JLPT_1 JLPT,H$%#VMqb~n
おんぶ,おんぶ,繼續背部（Erg。Baby）,JLPT_1 JLPT,w[CU60-p%`
オンライン,オンライン,在線的,JLPT_1 JLPT,i=qSrR2s#(
温和,おんわ,溫和，溫和，中等,JLPT_1 JLPT,II+hgA8I:B
我,が～,自我,JLPT_1 JLPT,KEYq:ht}?d
カーペット,カーペット,地毯,JLPT_1 JLPT,fn]9l!yDf>
～界,～かい,世界，圈子，王國,JLPT_1 JLPT,d]il$5=Qs$
～街,～がい,鎮,JLPT_1 JLPT,PH:pbBSE|j
改悪,かいあく,惡化，更糟,JLPT_1 JLPT,/C5*Xn=Cv
海運,かいうん,海洋運輸,JLPT_1 JLPT,"CDcOa:,]6U"
外貨,がいか,外國錢,JLPT_1 JLPT,P{MzU_0f=F
改革,かいかく,改革，改革，創新,JLPT_1 JLPT,"nxg,|fRPK9"
貝殻,かいがら,殼,JLPT_1 JLPT,rr4Z^$`(_`
外観,がいかん,外觀，外牆,JLPT_1 JLPT,JF[`}jk]g#
階級,かいきゅう,班級，等級,JLPT_1 JLPT,G#*h9O@`+|
海峡,かいきょう,渠道,JLPT_1 JLPT,jy18h1NAzv
会見,かいけん,訪談，會議,JLPT_1 JLPT,umW!}@pgti
介護,かいご,護理,JLPT_1 JLPT,kEe>~$Z:bi
開催,かいさい,舉行會議，開設展覽,JLPT_1 JLPT,%(;Yq~m~L
回収,かいしゅう,收集，恢復,JLPT_1 JLPT,j[pPaa[c]=
改修,かいしゅう,維修，改進,JLPT_1 JLPT,QiUw+PPipY
怪獣,かいじゅう,怪物,JLPT_1 JLPT,r8Gl`sM7J8
解除,かいじょ,取消，發布，取消,JLPT_1 JLPT,Mgd/-R9vWQ
外相,がいしょう,外長,JLPT_1 JLPT,yrLi>.nXho
害する,がいする,傷害，得罪,JLPT_1 JLPT,Hi`w1ksG:H
概説,がいせつ,一般性陳述，大綱,JLPT_1 JLPT,nT]AQT3`Q*
回送,かいそう,轉發,JLPT_1 JLPT,L?pD4!Fpg8
階層,かいそう,班級，級別，層，層次結構,JLPT_1 JLPT,H^MD?o[__x
開拓,かいたく,耕種，先驅,JLPT_1 JLPT,FypVZrRtNH
会談,かいだん,對話，面試,JLPT_1 JLPT,uN=.m/8Z~3
改定,かいてい,改革,JLPT_1 JLPT,g6THSZ_v^<
改訂,かいてい,修訂,JLPT_1 JLPT,v0XHWw$0B0
ガイド,ガイド,指導,JLPT_1 JLPT,CvJbP*(I@%
街道,かいどう,公路,JLPT_1 JLPT,N$n&)AJVWA
該当,がいとう,對應，回答，,JLPT_1 JLPT,nkZ}`ld7f?
街頭,がいとう,在街上,JLPT_1 JLPT,tQu}Nu#P].
ガイドブック,ガイドブック,指南,JLPT_1 JLPT,Eo9u]7eh((
介入,かいにゅう,干涉,JLPT_1 JLPT,pZJnTW/Kh#
概念,がいねん,一般思想，概念，概念,JLPT_1 JLPT,E|SNJ<R/iJ
開発,かいはつ,開發，剝削,JLPT_1 JLPT,Kw[.UTN4^R
海抜,かいばつ,海拔,JLPT_1 JLPT,jLVxr@vo2y
介抱,かいほう,護理，照顧,JLPT_1 JLPT,j$OYFEbGs|
解剖,かいぼう,解剖，屍檢,JLPT_1 JLPT,iL)PO8n0NO
外来,がいらい,（Abbr。）進口的門診診所,JLPT_1 JLPT,~V$m/9|o}
回覧,かいらん,循環,JLPT_1 JLPT,E}}4:_!82P
概略,がいりゃく,大綱，摘要，要點,JLPT_1 JLPT,N)qY<nUP|*
海流,かいりゅう,海流,JLPT_1 JLPT,xa/eyqaPDe
改良,かいりょう,改進，改革,JLPT_1 JLPT,"v?jE,5xyr`"
回路,かいろ,電路（電氣）,JLPT_1 JLPT,fdIy<8[a*F
海路,かいろ,海路,JLPT_1 JLPT,t536M9u42&
省みる,かえりみる,反思,JLPT_1 JLPT,taa>Gm>Nxx
顧みる,かえりみる,回頭，轉身，審查,JLPT_1 JLPT,ho_c78W;*R
顔付き,かおつき,表情,JLPT_1 JLPT,k<|EsPF(U~
課外,かがい,課外,JLPT_1 JLPT,ImdEjfLr)>
掲げる,かかげる,提升，飛行（帆），浮動（旗幟）,JLPT_1 JLPT,Q[6r`gY-ir
かかと,かかと,鞋跟,JLPT_1 JLPT,F`djJ$owDP
書き取る,かきとる,寫下來，接受說法,JLPT_1 JLPT,OeW)s:B>?h
掻き回す,かきまわす,攪動，攪動，打擾,JLPT_1 JLPT,"wp9#,9/+Z4"
かく (はじを),かく (はじを),羞辱自己,JLPT_1 JLPT,h*j3Yxxcj{
～画,～かく,〜筆觸,JLPT_1 JLPT,G#l-jHUMTG
学芸,がくげい,藝術和科學，文科,JLPT_1 JLPT,xM-CyLgdV}
格差,かくさ,差異，差異,JLPT_1 JLPT,zvfu/3%U&J
拡散,かくさん,散射，擴散,JLPT_1 JLPT,y__Cg;3rb:
学士,がくし,大學畢業生,JLPT_1 JLPT,Pq<3#+rCX)
各種,かくしゅ,各種各樣的,JLPT_1 JLPT,Jb^Vb%.N$q
隔週,かくしゅう,每隔一周,JLPT_1 JLPT,QbwTj%&$c)
確信,かくしん,信念，自信,JLPT_1 JLPT,zEL{[Q8QNW
革新,かくしん,改革，創新,JLPT_1 JLPT,ti4?AE7Yh@
学説,がくせつ,理論,JLPT_1 JLPT,GlxSp@=1Ze
確定,かくてい,固定，決定,JLPT_1 JLPT,"e18p,U0K#7"
カクテル,カクテル,雞尾酒,JLPT_1 JLPT,"E($,YP#I6d"
獲得,かくとく,收購，財產,JLPT_1 JLPT,"B^,*K>>n_|"
楽譜,がくふ,得分（音樂，樂譜）,JLPT_1 JLPT,qMA}9*EjCn
確保,かくほ,保證，保證，安全,JLPT_1 JLPT,uY<*K%.TG@
革命,かくめい,革命,JLPT_1 JLPT,O;mF68dq6Q
確立,かくりつ,建立,JLPT_1 JLPT,m(/`$&[BF3
賭,かけ,博彩，賭博，賭博,JLPT_1 JLPT,s:YO~5k/sp
掛～,かけ～,信用,JLPT_1 JLPT,c#>^nQjhVy
～掛け,～かけ,架子，衣架,JLPT_1 JLPT,"Lr[e?zZ5,<"
崖,がけ,懸崖,JLPT_1 JLPT,lH2H25www/
駆け足,かけあし,快速運行，雙倍時間,JLPT_1 JLPT,Nd5EP#88A|
家計,かけい,家庭經濟，家庭財政,JLPT_1 JLPT,vh}KbR&s=#
駆けっこ,かけっこ,（腳）比賽,JLPT_1 JLPT,"A8,h2([S[A"
加工,かこう,製造，加工，處理,JLPT_1 JLPT,E^@%K2YN]n
化合,かごう,化學組合,JLPT_1 JLPT,my>j<9l(Hz
かさばる,かさばる,要笨重,JLPT_1 JLPT,"nuG,E:/*HK"
かさむ,かさむ,堆積，增加,JLPT_1 JLPT,D*tj!&=/|(
箇条書,かじょうがき,逐項表格，逐項,JLPT_1 JLPT,uU[=f*p0xK
頭,かしら,負責人，酋長,JLPT_1 JLPT,qKQ^U]P!d/
微か,かすか,微弱，昏暗，虛弱,JLPT_1 JLPT,"iuQ;E47,]H"
霞む,かすむ,變得朦朧，被朦朧,JLPT_1 JLPT,Muk^XW#N{G
擦る,かする,摩擦，chafe,JLPT_1 JLPT,b*c:1ipqfg
火星,かせい,火星,JLPT_1 JLPT,hK6{i6DNme
化石,かせき,化石，石化，化石,JLPT_1 JLPT,i)2P[%uf@w
河川,かせん,河流,JLPT_1 JLPT,j9XYM<zDW5
化繊,かせん,合成纖維,JLPT_1 JLPT,A<4D0W-y5X
過疎,かそ,人口減少,JLPT_1 JLPT,C6FP<#I<*d
片～,かた～,單個〜,JLPT_1 JLPT,p/$/VrksK}
片言,かたこと,破碎（參考說話風格，例如日語）,JLPT_1 JLPT Intermediate_Japanese_Ln.13 Intermediate_Japanese,nEkc_9&ki`
傾ける,かたむける,傾斜，傾斜，彎曲,JLPT_1 JLPT,g+aTq;z^TG
固める,かためる,硬化，凍結，加固,JLPT_1 JLPT,M}jO{cRWN^
傍ら,かたわら,在旁邊（s，附近，附近,JLPT_1 JLPT,H(u3_23(VR
花壇,かだん,花壇,JLPT_1 JLPT,vyDiG-w#Vb
家畜,かちく,家畜，牲畜，牛,JLPT_1 JLPT,sf(M2A{2zC
且つ,かつ,但是，,JLPT_1 JLPT,"bxhWiXnmE,"
がっくり,がっくり,腸斷,JLPT_1 JLPT,n#j+;o[:]<
合唱,がっしょう,合唱，在合唱中唱歌,JLPT_1 JLPT,"ck-jle>!,g"
がっしり,がっしり,堅固，堅固，堅韌,JLPT_1 JLPT,Kl0>:WZG~Z
合致,がっち,協議，一致，符合,JLPT_1 JLPT,Af^(s-@)C7
がっちり,がっちり,牢固地建造，緊密地建造,JLPT_1 JLPT,dl.]7IVV60
かつて,かつて,一次，以前,JLPT_1 JLPT,fI;@sLyG_Q
勝手,かって,廚房;一個人，自私,JLPT_1 JLPT,r+VI)d1wQ0
カット,カット,切割，切割,JLPT_1 JLPT,Q+NVsyIn!c
活発,かっぱつ,活躍，活躍,JLPT_1 JLPT,M`7Eo@!%5A
合併,がっぺい,組合，合併，合併,JLPT_1 JLPT,h>=`Vc9TZZ
カテゴリー,カテゴリー,類別,JLPT_1 JLPT,JAwB1=<{pF
叶う,かなう,實現,JLPT_1 JLPT,E5LD5p#as=
叶える,かなえる,給予（請求，希望）,JLPT_1 JLPT,x!3$MxvZF0
金槌,かなづち,（鐵）錘子,JLPT_1 JLPT,C7&9nlfhkO
かなわない,かなわない,超越自己的力量,JLPT_1 JLPT,i9$e:WA[rV
加入,かにゅう,成為會員，入學,JLPT_1 JLPT,"w%]Rn6,Z,X"
予て,かねて,以前，最近已經,JLPT_1 JLPT,i+&=;*57v}
庇う,かばう,為了保護某人，為某人覆蓋,JLPT_1 JLPT,e-}GY5UR@1
株式,かぶしき,庫存,JLPT_1 JLPT,nMsDO&gGxt
かぶれる,かぶれる,反應；受到影響,JLPT_1 JLPT,C5U+~~@Gnd
花粉,かふん,花粉,JLPT_1 JLPT,Gm8]&VGB-;
貨幣,かへい,金錢，貨幣，造幣,JLPT_1 JLPT,F<$WXw={D<
構える,かまえる,設定,JLPT_1 JLPT,jB<-nj(U&|
過密,かみつ,擠,JLPT_1 JLPT,AOD1mkToDl
噛み切る,かみきる,咬人，gnaw,JLPT_1 JLPT,"hh,VOk`A<;"
カムバック,カムバック,復出,JLPT_1 JLPT,HjHeH1>k=t
カメラマン,カメラマン,攝影師,JLPT_1 JLPT,:MlB;<{_:
粥,かゆ,稻粥,JLPT_1 JLPT,fFz9w`]5pq
体付き,からだつき,體制，身材,JLPT_1 JLPT,D?fkTo{@|E
絡む,からむ,糾纏，糾纏,JLPT_1 JLPT,O17r;^Y(oJ
かりに,かりに,暫時地;如果是為了爭論,JLPT_1 JLPT,c$0g$/@+f7
カルテ,カルテ,臨床記錄（GER：KARTE）,JLPT_1 JLPT,GwQApsAV[E
ガレージ,ガレージ,車庫（家裡）,JLPT_1 JLPT,LKr$xf+m)f
過労,かろう,過度勞累，應變,JLPT_1 JLPT,Dx#E|nd<`@
かろうじて,かろうじて,幾乎沒有，狹窄,JLPT_1 JLPT,wzpJb%R2eZ
交す,かわす,交換,JLPT_1 JLPT,ytWMD-K7Sv
代る代る,かわるがわる,交替,JLPT_1 JLPT,Q<D|kTCMFu
簡易,かんい,簡單，輕鬆，準確,JLPT_1 JLPT,Qdl&|7}97?
灌漑,かんがい,灌溉,JLPT_1 JLPT,x3v&{30@Ie
眼科,がんか,眼科,JLPT_1 JLPT,y$)@b7Z=25
眼球,がんきゅう,眼球,JLPT_1 JLPT,ppa9QzmFoc
玩具,がんぐ,玩具,JLPT_1 JLPT,Fu?U%1UjU`
簡潔,かんけつ,簡潔，簡潔，簡單,JLPT_1 JLPT,Ch64u(7Zi6
還元,かんげん,分辨率，減少，返回,JLPT_1 JLPT,b1~cd_rb8g
看護,かんご,護理,JLPT_1 JLPT,v]`cby4zI~
漢語,かんご,中文，中日語,JLPT_1 JLPT,BzS`z3a0wD
頑固,がんこ,固執，頑固,JLPT_1 JLPT,iS7AjV-r.~
勧告,かんこく,建議，律師,JLPT_1 JLPT,ReTMd+-Cqd
換算,かんさん,轉換，更改，交換,JLPT_1 JLPT,V_iERi63U
監視,かんし,觀察，守衛，監視,JLPT_1 JLPT,xYmgA~gB7D
慣習,かんしゅう,通常（歷史）習俗,JLPT_1 JLPT,xb4/I5BD9M
観衆,かんしゅう,觀眾，觀眾,JLPT_1 JLPT,suIg*_}y!}
願書,がんしょ,申請表,JLPT_1 JLPT,PJ0db[)2y/
干渉,かんしょう,干擾，干預,JLPT_1 JLPT,FlV}wK<+oD
頑丈,がんじょう,堅固，堅固，堅固,JLPT_1 JLPT,o)b^-Y;KL)
感触,かんしょく,觸覺，感覺，感覺,JLPT_1 JLPT,Ll+!^%W~Bg
肝心,かんじん,必不可少的，基本的，至關重要的,JLPT_1 JLPT,cGezcCU7jN
肝腎,かんじん,必不可少的，基本的，至關重要的,JLPT_1 JLPT,qQm@vZEhuX
関税,かんぜい,海關，值班，關稅,JLPT_1 JLPT,J<YhnUzDH9
岩石,がんせき,岩石,JLPT_1 JLPT,Fvc~*$ysUp
感染,かんせん,感染，傳染,JLPT_1 JLPT,yaKv$j-u9~
幹線,かんせん,主線，後備線,JLPT_1 JLPT,qnR@^N<xB(
簡素,かんそ,簡單，簡單,JLPT_1 JLPT,jcV8%N9G]T
観点,かんてん,觀點看法,JLPT_1 JLPT,sRkkbw!PVn
感度,かんど,靈敏度，嚴重程度（地震）,JLPT_1 JLPT,c!Eb1-<+V1
カンニング,カンニング,狡猾，作弊,JLPT_1 JLPT,f{(PYG4OSM
元年,がんねん,（特定統治的第一年）,JLPT_1 JLPT,hmCuQzSd35
幹部,かんぶ,管理層，執行官,JLPT_1 JLPT,L1KYyf^E^2
完ぺき,かんぺき,完美，完整，完美無瑕,JLPT_1 JLPT,z+SJefr{>B
勘弁,かんべん,赦免，寬恕，寬容,JLPT_1 JLPT,"l*Q,*Lu2Mg"
感無量,かんむりょう,深情的感覺，充滿情感,JLPT_1 JLPT,h`NZ!a[CSf
勧誘,かんゆう,邀請，拉票，誘因,JLPT_1 Intermediate_Japanese_Ln.5 JLPT Intermediate_Japanese,fyr>KNdC{T
関与,かんよ,參與，參加,JLPT_1 JLPT,d<Jle/NX</
寛容,かんよう,寬容，寬容，慷慨，參與,JLPT_1 JLPT,f|A2.V0M-n
元来,がんらい,最初自然,JLPT_1 JLPT,Cno5E):pRp
観覧,かんらん,觀看,JLPT_1 JLPT,"A$Cx0<I,I0"
慣例,かんれい,習俗，先例,JLPT_1 JLPT,t0a}a`u9:H
還暦,かんれき,60歲生日,JLPT_1 JLPT,4cAN40ulx
貫禄,かんろく,存在，尊嚴,JLPT_1 JLPT,I1]lC*Xh&L
緩和,かんわ,救濟，緩解,JLPT_1 JLPT,"k^:RZ|u,e@"
議案,ぎあん,立法法案,JLPT_1 JLPT,"I,VMbY@&-V"
危害,きがい,傷害，傷害，危險,JLPT_1 JLPT,F>Z;`xG3Np
企画,きかく,計劃，項目,JLPT_1 Intermediate_Japanese_Ln.14 JLPT Intermediate_Japanese,w*I2LS4{H:
規格,きかく,標準，規範,JLPT_1 JLPT,"xzs,)in_UO"
着飾る,きかざる,打扮,JLPT_1 JLPT,HoI9}BI#^/
気兼ね,きがね,猶豫，差異，感覺約束,JLPT_1 JLPT,GRlL|p}26%
気軽,きがる,開朗，浮動，輕鬆,JLPT_1 JLPT,s;sgdqP}O.
危機,きき,危機,JLPT_1 JLPT,C.^&25N@a~
聞き取り,ききとり,聽力理解,JLPT_1 JLPT,soL?dWfD3o
効き目,ききめ,效果，美德，功效,JLPT_1 JLPT,"i,@$ZV_BJi"
帰京,ききょう,返回東京,JLPT_1 JLPT,wzR`J2j)`0
戯曲,ぎきょく,戲劇，戲劇,JLPT_1 JLPT,Dx[W!Tbqvu
基金,ききん,基金會,JLPT_1 JLPT,Jsw14fTONr
喜劇,きげき,喜劇，有趣的表演,JLPT_1 JLPT,vo)8mTt@2i
議決,ぎけつ,決議，決策，投票,JLPT_1 JLPT,ina$-8>Dz[
棄権,きけん,放棄投票，放棄權利,JLPT_1 JLPT,yPr@u5g:%p
既婚,きこん,已婚,JLPT_1 JLPT,"zec,ws!-1^"
気障,きざ,情感，自負，勢利,JLPT_1 JLPT,PIJe@Xxivf
記載,きさい,提及，條目,JLPT_1 JLPT,"AtF!,w].-2"
兆,きざし,標誌，預兆，指示,JLPT_1 JLPT,KEdc345jt(
気質,きしつ,性格，特質，氣質,JLPT_1 JLPT,sH[}/atE{z
期日,きじつ,固定日期，結算日期,JLPT_1 JLPT,"v,pIo6nfY,"
きしむ,きしむ,罐子，吱吱作響，磨碎,JLPT_1 JLPT,JyV83hu3eM
議事堂,ぎじどう,飲食建設,JLPT_1 JLPT,ku.2udaM_
記述,きじゅつ,描述符,JLPT_1 JLPT,keg8V#>EyG
気象,きしょう,天氣，氣候,JLPT_1 JLPT,i8sg{g&{j*
傷付く,きずつく,受傷，受傷，受傷,JLPT_1 JLPT,g#?]Ssa:Ux
傷付ける,きずつける,傷害某人的感受,JLPT_1 JLPT,W04_o[&8W
犠牲,ぎせい,犧牲,JLPT_1 JLPT,eAtE.H0;PV
汽船,きせん,輪船,JLPT_1 JLPT,"gyZ:?sW,`("
寄贈,きぞう,捐贈，演示,JLPT_1 JLPT,k3nUp@KIzg
偽造,ぎぞう,偽造，製造，偽造,JLPT_1 JLPT,K;j2M?f~?!
貴族,きぞく,貴族，貴族,JLPT_1 JLPT,inVAX<UF+i
議題,ぎだい,討論主題，議程,JLPT_1 JLPT,Q@WjbgZGbs
鍛える,きたえる,鍛造，訓練，紀律,JLPT_1 JLPT,G>3/bExrby
気立て,きだて,善良，善良,JLPT_1 JLPT,h61-}t=4fL
来る,きたる,來接近，,JLPT_1 JLPT,s])r!JZ-b4
きちっと,きちっと,完全，完美,JLPT_1 JLPT,D#t!(nebzD
几帳面,きちょうめん,有條不紊，守時，穩定,JLPT_1 JLPT,Idj9h;q|%y
きっかり,きっかり,正是，正是,JLPT_1 JLPT,cC(nm-eKo^
きっちり,きっちり,精確，緊密,JLPT_1 JLPT,p.hrrI+jm1
きっぱり,きっぱり,顯然，清晰，明顯,JLPT_1 JLPT,u>9}K{Kf.I
規定,きてい,法規，規定,JLPT_1 JLPT,KTPp;1&S1u
起点,きてん,起點,JLPT_1 JLPT,",M-]_[Vyp"
軌道,きどう,軌道;追踪,JLPT_1 JLPT,P=9KAyqi}b
技能,ぎのう,技術技能，能力，能力,JLPT_1 JLPT,waI%d;Y5LY
規範,きはん,模型，標準，示例,JLPT_1 JLPT,L8HXSBw0.5
気品,きひん,優雅，優雅,JLPT_1 JLPT,cT4)YAkk45
気風,きふう,性格，特質，精神,JLPT_1 JLPT,cU@qu%MT$c
起伏,きふく,波動,JLPT_1 JLPT,DG3WXr]W9o
規模,きぼ,比例，範圍，計劃，結構,JLPT_1 JLPT,vN{{=xfB<k
気まぐれ,きまぐれ,異想天開，caprice，脾氣不平坦,JLPT_1 JLPT,EUJagum[Gi
生真面目,きまじめ,認真，真誠,JLPT_1 JLPT,B$#zm{x$(/
期末,きまつ,（賽季或學期結束）,JLPT_1 JLPT,rB>aq=EB!L
きまりわるい,きまりわるい,感到尷尬，感到羞恥,JLPT_1 JLPT,i^-fu~OpOW
記名,きめい,簽名，註冊,JLPT_1 JLPT,LeN-Up#$*/
規約,きやく,協議，規則，代碼,JLPT_1 JLPT,p:ItXku)R]
脚色,きゃくしょく,戲劇化（例如，電影,JLPT_1 JLPT,A3B8`j%szk
逆転,ぎゃくてん,（突然）變化，逆轉，轉彎,JLPT_1 JLPT,b}F-L9oFMV
脚本,きゃくほん,設想,JLPT_1 JLPT,BqjNB^gQ4E
華奢,きゃしゃ,精緻，細長,JLPT_1 JLPT,K{%YNbdXo{
客観,きゃっかん,客觀的,JLPT_1 JLPT,FE+)c7=xm.
キャッチ,キャッチ,抓住,JLPT_1 JLPT,EE+~Pnl{z$
キャリア,キャリア,職業，職業政府僱員,JLPT_1 JLPT,917%#^`DD
救援,きゅうえん,救濟，救援，加固,JLPT_1 JLPT,"xis(gT,lCH"
休学,きゅうがく,暫時缺席，停學,JLPT_1 JLPT,peW#H`ri[=
究極,きゅうきょく,終極，最終，最終,JLPT_1 JLPT,Ft[`OH9ZtO
窮屈,きゅうくつ,狹窄，緊密，正式,JLPT_1 JLPT,"HH&,U(vAg`"
球根,きゅうこん,（植物）燈泡,JLPT_1 JLPT,Q6BKH*&nE1
救済,きゅうさい,救濟，援助，救援,JLPT_1 JLPT,c=d|._&IWr
給仕,きゅうじ,服務生,JLPT_1 JLPT,pzoWY8TS(/
給食,きゅうしょく,學校午餐，提供一頓飯,JLPT_1 JLPT,zeAtvQ@_)h
休戦,きゅうせん,停戰，停戰,JLPT_1 JLPT,Q9p5.}YQtg
宮殿,きゅうでん,宮殿,JLPT_1 JLPT,EOPs=A9D6~
旧知,きゅうち,老朋友，老友誼,JLPT_1 JLPT,A}I5035vZ1
窮乏,きゅうぼう,貧困,JLPT_1 JLPT,fEoLTLW@>]
寄与,きよ,貢獻，服務,JLPT_1 JLPT,hYW_RFKwv/
強,きょう,強的,JLPT_1 JLPT,j5ZhDwA$S
～狂,～きょう,瘋子，粉絲，怪胎,JLPT_1 JLPT,wkNK|ibT&!
驚異,きょうい,奇蹟，奇蹟,JLPT_1 JLPT,I!i(y?o6E:
教科,きょうか,主題，課程,JLPT_1 JLPT,M&=I]j0/Y0
協会,きょうかい,協會，社會，組織,JLPT_1 JLPT,Oz4*Mxo4//
共学,きょうがく,塗層,JLPT_1 JLPT,eKY($Dr5lQ
共感,きょうかん,同情，回應,JLPT_1 JLPT,w0|w&}3|}:
境遇,きょうぐう,環境，情況,JLPT_1 JLPT,dN:;6sg&]2
教訓,きょうくん,教訓，戒律，道德教學,JLPT_1 JLPT,pOHPj(bnYG
強行,きょうこう,強迫，執法,JLPT_1 JLPT,tf7&|-V:n8
強硬,きょうこう,堅定，有活力，固執,JLPT_1 JLPT,bA*b92)[ZU
教材,きょうざい,教材,JLPT_1 JLPT,p)!Q@]*y>T
凶作,きょうさく,收穫不好，農作物差,JLPT_1 JLPT,I`.1X|DPXu
業者,ぎょうしゃ,商人交易者,JLPT_1 JLPT,o&/6(ODjkj
教習,きょうしゅう,培訓，指導,JLPT_1 JLPT,H/=&)s/)`t
郷愁,きょうしゅう,懷舊，歸鄉,JLPT_1 JLPT,eZKQ^QCO2_
教職,きょうしょく,教學職業,JLPT_1 JLPT,y`GfZjj}.E
興じる,きょうじる,娛樂自己，讓快樂,JLPT_1 JLPT,"Q;m4!,`BN,"
強制,きょうせい,義務，強迫，執法,JLPT_1 JLPT,Hm$>AvE1~h
行政,ぎょうせい,行政,JLPT_1 JLPT,r~TWhqKvAt
業績,ぎょうせき,成就，工作，貢獻,JLPT_1 JLPT,Lk<<za38cF
共存,きょうぞん,共存,JLPT_1 JLPT,Ij!^n@6%SF
協定,きょうてい,安排，協議，協議,JLPT_1 JLPT,K9?Jw]OMOi
郷土,きょうど,家園,JLPT_1 JLPT,Q4`7(5-Vb`
脅迫,きょうはく,威脅，脅迫,JLPT_1 JLPT,k[s}KC9iC{
業務,ぎょうむ,業務，職責，工作,JLPT_1 JLPT,b&$V6PlYM?
共鳴,きょうめい,共鳴，同情,JLPT_1 JLPT,kl1yRR~Dbc
郷里,きょうり,出生地，家鄉,JLPT_1 JLPT,J6)+at[SJG
強烈,きょうれつ,強，強烈，嚴重,JLPT_1 JLPT,r]=;%Z2Ns;
共和,きょうわ,共和主義，合作,JLPT_1 JLPT,GU{+)z^)dD
局限,きょくげん,限制，本地化,JLPT_1 JLPT,xsMbwTI.xJ
極端,きょくたん,極端，肢體,JLPT_1 JLPT,P.Mzv1I{9}
居住,きょじゅう,住宅,JLPT_1 JLPT,m]/OZ*9GsC
拒絶,きょぜつ,拒絕，拒絕,JLPT_1 JLPT,pF/Q.UL^fh
漁船,ぎょせん,漁船,JLPT_1 JLPT,M@u:oyW>Kw
漁村,ぎょそん,漁村,JLPT_1 JLPT,oLHH[@w)KZ
拒否,きょひ,否認，拒絕，拒絕,JLPT_1 JLPT,xZG_N4@O9B
許容,きょよう,許可，赦免,JLPT_1 JLPT,"m;[9Tjw,qU"
清らか,きよらか,乾淨，純潔，貞潔,JLPT_1 JLPT,rPKJ~vEwnZ
きらびやか,きらびやか,華麗，華麗，眼花azz亂,JLPT_1 JLPT,t+RU;/m(KM
～きり,～きり,僅有的,JLPT_1 JLPT,uzRZwLFG-t
義理,ぎり,感恩，義務的債務,JLPT_1 JLPT,so:x7klic}
切替,きりかえ,交換，轉換，切換,JLPT_1 JLPT,B])<#Pn[DB
気流,きりゅう,大氣電流,JLPT_1 JLPT,ph[xS7hP4#
切れ目,きれめ,休息，暫停，差距,JLPT_1 JLPT,"C#,Pog7@LR"
疑惑,ぎわく,懷疑，疑慮，懷疑,JLPT_1 JLPT,se:RwXAAh
極めて,きわめて,極其（書面表達）極其,JLPT_1 JLPT Intermediate_Japanese_Ln.13 Intermediate_Japanese,EKB18v#}a&
近眼,きんがん,近視,JLPT_1 JLPT,dD[Q^z/~(w
緊急,きんきゅう,緊急，緊急，緊急,JLPT_1 JLPT,DgtR0$#5Qg
近郊,きんこう,郊區，郊區,JLPT_1 JLPT,JfO#&<*3[k
均衡,きんこう,平衡，平衡,JLPT_1 JLPT,x>zIhBvkg*
禁じる,きんじる,禁止,JLPT_1 JLPT,r7Q>%_(/mr
勤勉,きんべん,行業，勤奮,JLPT_1 JLPT,uYoa=%x]!q
吟味,ぎんみ,檢查，仔細的調查,JLPT_1 JLPT,p>zee?sO9;
勤務,きんむ,服務，職責，工作,JLPT_1 JLPT,hhs(k1{TN}
禁物,きんもつ,禁忌，禁忌,JLPT_1 JLPT,sWH*^U2<+H
勤労,きんろう,勞動，勞累，勤奮服務,JLPT_1 JLPT,C^)QBm`a.U
クイズ,クイズ,測驗,JLPT_1 JLPT,m9+]J[|ov;
食い違う,くいちがう,彼此交叉，有所不同,JLPT_1 JLPT,dlUQZZk[k&
空間,くうかん,空間，房間，領空,JLPT_1 JLPT,"FOY$+>M@U,"
空腹,くうふく,飢餓,JLPT_1 JLPT,"o,>8F>0y;H"
区画,くかく,區域，區域,JLPT_1 JLPT,hbtu==:uia
区間,くかん,部分,JLPT_1 JLPT,tS6N_tjG&R
茎,くき,莖,JLPT_1 JLPT,O5c;9[C7}%
区切り,くぎり,結束，停車，標點符號,JLPT_1 JLPT,zqK^J|1vVI
くぐる,くぐる,通過四處走動,JLPT_1 JLPT,"bMchGH<.,G"
くじ (～をひく),くじ (～をひく),彩票，很多,JLPT_1 JLPT,ziu-}:42)#
くじびき,くじびき,彩票，畫很多,JLPT_1 JLPT,t-q[>)aB/{
くすぐったい,くすぐったい,Ticklish,JLPT_1 JLPT,P[CLwgoK#I
愚痴,ぐち,閒置的抱怨，抱怨,JLPT_1 JLPT,C&*!h9}5ae
口吟む,くちずさむ,謙虛,JLPT_1 JLPT,v#IdlQfu^;
嘴,くちばし,喙，比爾,JLPT_1 JLPT,q5`l.teeRT
朽ちる,くちる,腐爛,JLPT_1 JLPT,y1>SUYnb]m
覆す,くつがえす,推翻，不高興，推翻,JLPT_1 JLPT,zp<0lkXp[6
くっきり,くっきり,顯然，清楚，大膽,JLPT_1 JLPT,A%/]?I_gyZ
屈折,くっせつ,彎曲，凹痕，折射,JLPT_1 JLPT,0E4`Ur@Ig
ぐっと,ぐっと,堅定，快速，更多,JLPT_1 JLPT,G/n$rvRj#F
首飾り,くびかざり,項鍊,JLPT_1 JLPT,"qFdJV,o7Z~"
首輪,くびわ,項鍊，項鍊,JLPT_1 JLPT,"r$gf,6IuJ/"
組み込む,くみこむ,插入，包括，切入（打印）,JLPT_1 JLPT,N5}[0JLW]q
組み合わせる,くみあわせる,加入，結合，加入,JLPT_1 JLPT,qDs6:%T/3U
蔵,くら,倉庫，地窖,JLPT_1 JLPT,C=*)4H{doV
グレー,グレー,灰色，灰色,JLPT_1 JLPT,k$7)oghP*m
クレーン,クレーン,起重機,JLPT_1 JLPT,C(o|20rT;/
玄人,くろうと,專業，專業,JLPT_1 JLPT,N5@#f;qR7F
黒字,くろじ,黑色的平衡（圖）,JLPT_1 JLPT,cw<1Zd}#`P
軍艦,ぐんかん,戰艦，戰艦,JLPT_1 JLPT Intermediate_Japanese_Ln.8 Intermediate_Japanese,"j|9,<bl,`k"
軍事,ぐんじ,軍事,JLPT_1 JLPT,O/|8of/=vE
君主,くんしゅ,統治者，君主,JLPT_1 JLPT,stPJuiua;x
群集,ぐんしゅう,（社會）團體，人群，暴民,JLPT_1 JLPT,p4G>}yfC)@
群衆,ぐんしゅう,（社會）團體，人群，暴民,JLPT_1 JLPT,m)#YkIUhBb
軍備,ぐんび,軍備，軍事準備,JLPT_1 JLPT,Q<54bk-ZNv
軍服,ぐんぷく,軍裝或海軍制服,JLPT_1 JLPT,puGrsq&TAP
芸,げい,藝術，成就，表演,JLPT_1 JLPT,zzMBfZ=xQL
経過,けいか,通過，進度,JLPT_1 JLPT,ok7SBPZ~(w
軽快,けいかい,活潑，休閒，光線,JLPT_1 JLPT,H^eby;)zOc
警戒,けいかい,警告，警告，警惕,JLPT_1 JLPT,IlUsDbGTyB
敬具,けいぐ,真誠（在字母末尾使用）,Intermediate_Japanese_Ln.4 JLPT_1 JLPT Intermediate_Japanese,B!lza1p.0?
軽減,けいげん,減少，減少,JLPT_1 JLPT,IbWZR<kR]W
掲載,けいさい,外觀（例如，文章中的文章）,JLPT_1 JLPT,bq$YateC|k
傾斜,けいしゃ,傾斜度，坡度，傾斜,JLPT_1 JLPT,D&m-*([U$6
形成,けいせい,形成,JLPT_1 JLPT,"Q,O|6gZ,S_"
形勢,けいせい,狀況，情況，前景,JLPT_1 JLPT,tT1?SPXi1I
軽率,けいそつ,毫無意義，粗心，倉促,JLPT_1 JLPT,mC$8ZBGBhL
刑罰,けいばつ,判決，處罰，懲罰,JLPT_1 JLPT,h!JCwBz@T7
経費,けいひ,費用，成本，支出,JLPT_1 JLPT,dA8rO;1&st
警部,けいぶ,警察檢查員,JLPT_1 JLPT,f~U_eCQcuj
転換,てんかん,轉換，轉移,JLPT_1 JLPT,wq`yxTWAU4
転居,てんきょ,移動，不斷變化的住所,JLPT_1 JLPT,fpa)5#xLl3
転勤,てんきん,轉移（到公司的另一個辦公室）,JLPT_1 Intermediate_Japanese_Ln.14 JLPT Intermediate_Japanese,Cj#Grcg7-k
点検,てんけん,檢查，檢查，檢查,JLPT_1 JLPT,nhsX!aB>^s
電源,でんげん,電力來源，電力（例如，電視上的按鈕）,JLPT_1 JLPT,"O,Y?B?G0AC"
天国,てんごく,天堂，天堂，天國,JLPT_1 JLPT,y;7l~-6:U2
天才,てんさい,天才,JLPT_1 JLPT Intermediate_Japanese_Ln.8 Intermediate_Japanese,M=qf#].n@K
天災,てんさい,自然災難，災難,JLPT_1 JLPT,AbgU8k(]Fr
展示,てんじ,展覽，展示,JLPT_1 JLPT,BX?]-7Vf!l
伝説,でんせつ,傳統，傳奇，民間傳說,JLPT_1 JLPT Intermediate_Japanese_Ln.8 Intermediate_Japanese,"Rdd+X!dSu,"
点線,てんせん,虛線,JLPT_1 JLPT,"FYT!)Y,6rw"
転じる,てんじる,轉向，轉移,JLPT_1 JLPT,gk5Nvk`;hi
転ずる,てんずる,轉向，轉移,JLPT_1 JLPT,CI_As5:EDn
天体,てんたい,星球,JLPT_1 JLPT,jiDJT?nAAw
伝達,でんたつ,傳輸（例如新聞，溝通，交付）,JLPT_1 JLPT,Fu*Vb?uBII
天地,てんち,天地，宇宙,JLPT_1 JLPT,c+f-ty}$d!
てんで,てんで,（完全不是）完全完全,JLPT_1 JLPT,iKsMS;CA<|
転任,てんにん,更改職位,JLPT_1 JLPT,rZvBTuhiHO
展望,てんぼう,查看，前景，前景,JLPT_1 JLPT,q|(m+;cCHK
伝来,でんらい,祖先，世襲，進口,JLPT_1 JLPT,"fDUHN*l8c,"
転落,てんらく,秋天，退化,JLPT_1 JLPT,Et(iYLp%EH
問い合わせる,といあわせる,查詢，尋求信息,JLPT_1 JLPT,uvJB[75Tk}
当～,とう～,我們的〜（例如酒店，飛機等）,JLPT_1 JLPT,Mu?thgozeE
胴,どう,樹幹，身體，框架,JLPT_1 JLPT,hDa8pFJqm0
同意,どうい,協議，同意；相同的含義,JLPT_1 JLPT,j3r]HMmU>:
動員,どういん,動員,JLPT_1 JLPT,k#:gdO(AW5
同感,どうかん,協議，同樣的意見，同樣的感覺,JLPT_1 JLPT,Bc/Cv&bn2c
陶器,とうき,陶器，陶瓷,JLPT_1 JLPT,E}elXp_wGW
討議,とうぎ,辯論，討論,JLPT_1 JLPT,BjpsxE0AcR
動機,どうき,動機，激勵,JLPT_1 JLPT,PXaG&3fRlH
等級,とうきゅう,等級，班級,JLPT_1 JLPT,vFpm6[P%2G
同級,どうきゅう,同一等級相同的班級,JLPT_1 JLPT,eqQ2)5CzED
同居,どうきょ,一起生活,JLPT_1 JLPT,QKzH>2eq3/
登校,とうこう,出勤（在學校）,JLPT_1 JLPT,B([>~_d]8F
統合,とうごう,整合，統一，合成,JLPT_1 JLPT,ji0.^JH`^U
動向,どうこう,趨勢，趨勢，運動，態度,JLPT_1 JLPT,o.}lBa5|<`
投資,とうし,投資,JLPT_1 JLPT,cy=[{o&!H$
同情,どうじょう,同情，同情，同情,JLPT_1 JLPT,"Mbh,O)Kv:"
道場,どうじょう,（拱門）Dojo，用於武術訓練的霍爾，曼陀羅,JLPT_1 JLPT,OojlS!TK3i
統制,とうせい,調節，控制,JLPT_1 JLPT,K:r_8O#Kk`
当選,とうせん,當選，贏得獎品,JLPT_1 JLPT,m]O74#<tB:
逃走,とうそう,飛行，逃兵，逃脫,JLPT_1 JLPT,lS-lTa3)4.
統率,とうそつ,指揮，將軍，領導力,JLPT_1 JLPT,xpLjH)jf2X
到達,とうたつ,到達，達到到達,JLPT_1 JLPT,H#Flm1MG6>
統治,とうち,規則，統治，管理,JLPT_1 JLPT,F]R4doym8Q
仕切る,しきる,劃分，分裂，標記,JLPT_1 JLPT,G!$&r|A6Tu
資金,しきん,資金，資本,JLPT_1 JLPT,l}_f:.$:^S
軸,じく,軸，莖，軸,JLPT_1 JLPT,h+9$DC_v-#
しくじる,しくじる,失敗，跌倒，大錯,JLPT_1 JLPT,N22-lR<CJ#
仕組,しくみ,結構，機制,JLPT_1 JLPT,zu6.9a/_f(
死刑,しけい,死刑,JLPT_1 JLPT,d38&><SCHm
湿気る,しける,潮濕，潮濕,JLPT_1 JLPT,"j<,^YWvyDj"
施行,しこう,執法，操作,JLPT_1 JLPT,MC~*r371(H
思考,しこう,想法,JLPT_1 JLPT,G|{{/)+LPZ
志向,しこう,意圖，瞄準,JLPT_1 JLPT,O4`+5c5yv}
嗜好,しこう,品味，喜歡，偏愛,JLPT_1 JLPT,z6!>1ULyhO
事項,じこう,物質，項目，事實,JLPT_1 JLPT Intermediate_Japanese_Ln.15 Intermediate_Japanese,p8bdtFtVNT
時刻表,じこくひょう,時間表，（火車）時間表,JLPT_1 JLPT Intermediate_Japanese_Ln.10 Intermediate_Japanese,Fqowxp!1`}
地獄,じごく,地獄,JLPT_1 JLPT,Dm&QxHR(%1
時差,じさ,時差,JLPT_1 JLPT,AEdcWK:0]/
自在,じざい,自由地，隨意,JLPT_1 JLPT,sqc[jw93Mn
視察,しさつ,檢查，觀察,JLPT_1 JLPT,"B,vh!;ocAA"
資産,しさん,財產，財富，資產,JLPT_1 JLPT,MI@T>IcVHN
支持,しじ,支持,JLPT_1 JLPT,oo0YtJF4ck
自主,じしゅ,獨立，自主權,JLPT_1 JLPT,ARYI~qJT^l
自首,じしゅ,投降，放棄,JLPT_1 JLPT,qvNf_+tfMc
刺繍,ししゅう,刺繡,JLPT_1 JLPT,w_uSABGrgB
市場,しじょう,（作為一個概念）,JLPT_1 JLPT,PAheY`kK%!
辞職,じしょく,辭職,JLPT_1 JLPT,pwRmK+}S5n
雫,しずく,滴（水）,JLPT_1 JLPT,q+DG7K-9zr
システム,システム,系統,JLPT_1 JLPT,QzGyU%s_=+
沈める,しずめる,沉沒，淹沒,JLPT_1 JLPT,k#([X{>3G.
施設,しせつ,建立，設施,JLPT_1 JLPT,NLo.Oj~LZQ
事前,じぜん,事先事先，事先,JLPT_1 JLPT,"B`.[5%YoP,"
子息,しそく,（hon。）兒子,JLPT_1 JLPT,FTUd?vlNr&
持続,じぞく,繼續，耐力,JLPT_1 JLPT,z!R.0v{_I+
自尊心,じそんしん,自尊心，自負,JLPT_1 JLPT,"db,ehs16g5"
慕う,したう,渴望崇拜,JLPT_1 JLPT,Kg^oT02U+h
下心,したごころ,秘密意圖，動機,JLPT_1 JLPT,yNAARsc60)
下地,したじ,基礎，基礎,JLPT_1 JLPT,C0{8:(@F]r
親しむ,したしむ,與之親密，成為朋友,JLPT_1 JLPT,]t:px`?.Z
下調べ,したしらべ,初步調查,JLPT_1 JLPT,DxMjJ:J?n9
愛想,あいそう,社交性,JLPT JLPT_1,D5/lX+C:0I
間柄,あいだがら,關係,JLPT JLPT_1,r){:>bdZ&g
合間,あいま,間隔,JLPT JLPT_1,"JUK537Y{:,"
敢えて,あえて,敢於（做），冒險（去做），挑戰（要做）,JLPT JLPT_1,s1!E#AVJt2
仰ぐ,あおぐ,抬頭，尊重；要,JLPT JLPT_1,jM1|yl:^{3
垢,あか,污垢，污垢,JLPT JLPT_1,DBMz)Db=eM
赤字,あかじ,赤字，穿上紅色,JLPT JLPT_1,HI03WP|@HB
明かす,あかす,揭示；熬夜,JLPT JLPT_1,KwYk}cvf;4
赤らむ,あからむ,變成紅色，臉紅,JLPT JLPT_1,j<sn*Q2&fX
上がり,あがり,上升;收入;完成，停止,JLPT JLPT_1,P4)VsPElC3
諦め,あきらめ,辭職，和解，安慰,JLPT JLPT_1,t[6Mba+ksr
アクセル,アクセル,（Abbr。）加速器,JLPT JLPT_1,Ne4X+cGeo>
あくどい,あくどい,艷麗的惡毒,JLPT JLPT_1,lc&@RDrWR_
顎,あご,下巴,JLPT JLPT_1,Ptm5MS8ifU
憧れ,あこがれ,嚮往，渴望，願望,Intermediate_Japanese Intermediate_Japanese_Ln.8 JLPT JLPT_1,xBeDF#=-sz
麻,あさ,麻,JLPT JLPT_1,w(rcEk/VmK
あざ,あざ,胎記，瘀傷,JLPT JLPT_1,d*;1c9:{uT
浅ましい,あさましい,可恥，卑鄙，卑鄙,JLPT JLPT_1,s)pIL-ZA22
欺く,あざむく,欺騙,JLPT JLPT_1,A$ma^<[.oV
鮮やか,あざやか,生動，清晰,JLPT JLPT_1,NLW7^$tsZW
嘲笑う,あざわらう,嘲笑，嘲笑,JLPT JLPT_1,JUQ*e7*7@1
悪しからず,あしからず,不要誤會我，但是...，對不起,JLPT JLPT_1,mzY7to>XD=
味わい,あじわい,味道，美味,JLPT JLPT_1,AnF0/M>eGJ
焦る,あせる,急於不耐煩,JLPT JLPT_1,CQ6a[yufGz
あせる (こえが～),あせる (こえが～),褪色，變色,JLPT JLPT_1,z&GHas=YL$
値,あたい,價值，價格，價值,JLPT JLPT_1,npzK5/Lv`K
値する,あたいする,值得，應得,JLPT JLPT_1,ft<yLz[qaG
悪化,あっか,惡化，惡化,JLPT JLPT_1,sbr2W2n7MW
扱い,あつかい,治療，服務,JLPT JLPT_1,mENSd|EXrx
呆気ない,あっけない,不夠快，太快（短，長等）,JLPT JLPT_1,Ia5OpTaxp^
あっさり,あっさり,輕鬆，輕鬆，快速,JLPT JLPT_1,oXkv96df2[
斡旋,あっせん,善辦公室，調解,JLPT JLPT_1,e&lS=AStXV
圧倒,あっとう,壓倒性，壓倒性,JLPT JLPT_1,K|Yu^{#OdF
圧迫,あっぱく,壓力，脅迫，壓迫,JLPT JLPT_1,lV=]6c^zXy
あつらえる,あつらえる,下訂單，下訂單,JLPT JLPT_1,w5:fR-]SC?
圧力,あつりょく,壓力，壓力,JLPT JLPT_1,MjVQW+>`YR
当て,あて,期望；依賴,JLPT JLPT_1,jo;`0^*cS-
～宛,～あて,for…（例如，在一封信中）,JLPT JLPT_1,FnD29QA$}R
当て字,あてじ,語音等效特徵，替代性格,JLPT JLPT_1,"Q]8,F~AaiU"
跡継ぎ,あとつぎ,繼承人，繼任者,JLPT JLPT_1,FOSj&QueO&
後回し,あとまわし,推遲，推遲,JLPT JLPT_1,gtJh53r?xb
油絵,あぶらえ,油畫,JLPT JLPT_1,D+4-`qnb~N
アプローチ,アプローチ,進近（高爾夫）,JLPT JLPT_1,jEr0e9w(yl
あべこべ,あべこべ,相反，相反，逆,JLPT JLPT_1,"H,+X<T.gD6"
甘える,あまえる,表現得像被寵壞的孩子,JLPT JLPT_1,Ive+A5(inn
雨具,あまぐ,雨具,JLPT JLPT_1,I?IUPpQj*?
甘口,あまくち,甜味,JLPT JLPT_1,RiEI$=-[gq
アマチュア,アマチュア,業餘,JLPT JLPT_1,cX1.fT!T=M
網,あみ,網,JLPT JLPT_1,H|d6ZL#<h!
操る,あやつる,操縱，操作，拉弦,JLPT JLPT_1,NxyDR}@Pt9
危ぶむ,あやぶむ,害怕，疑慮，懷疑,JLPT_1 JLPT,NLhG0QOC$/
あやふや,あやふや,不確定，模糊，模棱兩可,JLPT_1 JLPT,LTY%:.1iV#
過ち,あやまち,故障，錯誤，輕率,JLPT_1 JLPT,tiN`@Or{&y
誤る,あやまる,犯錯,JLPT_1 JLPT,y69Q^~B7be
歩み,あゆみ,步驟，進步，歷史,JLPT_1 JLPT,d|SHU+C9ln
歩む,あゆむ,走路,JLPT_1 JLPT,wd7~%O7i%s
予め,あらかじめ,事先，以前,JLPT_1 JLPT,M^Q%nck}}~
荒らす,あらす,損壞；入侵,JLPT_1 JLPT,F`n@R=:)nH
争い,あらそい,爭議，吵架，衝突,JLPT_1 JLPT,iM26j%{^}<
改まる,あらたまる,被更新；是正式的,JLPT_1 JLPT,POJ?~MwZC;
荒っぽい,あらっぽい,粗糙，粗魯,JLPT_1 JLPT,"b<,B2X1W>,"
アラブ,アラブ,阿拉伯,JLPT_1 JLPT,w?fz6N5_8f
霰,あられ,冰雹（例如，掉冰球）,JLPT_1 JLPT,l3>xH[yiS~
有り様,ありさま,狀態，狀況,JLPT_1 JLPT,riAt}Dj+*6
ありのまま,ありのまま,坦率地說，事實是,JLPT_1 JLPT,u#p2]kp|]n
ありふれる,ありふれる,常見，普通的例行程序,JLPT_1 JLPT,L>m1Qj9_w`
アルカリ,アルカリ,鹼,JLPT_1 JLPT,bjn}>(kN_4
アルミ,アルミ,鋁（AL，鋁）,JLPT_1 JLPT,hd2y8v&/eK
アワー,アワー,小時,JLPT_1 JLPT,mk~JH>ZLLt
合わす,あわす,一起，面對，團結,JLPT_1 JLPT,NbeP;-&Q9x
～合せ,～あわせ,總的來說,JLPT_1 JLPT,txB~izZs$4
アンコール,アンコール,encore,JLPT_1 JLPT,Nor`ur!?#f
暗殺,あんさつ,暗殺,JLPT_1 JLPT,k9nuX~0z?!
暗算,あんざん,心算,JLPT_1 JLPT,iVkFrF?o$Q
暗示,あんじ,提示，建議,JLPT_1 JLPT,v]TQH!b:3E
案じる,あんじる,焦慮，思考,JLPT_1 JLPT,A+tw-W2up/
安静,あんせい,休息,JLPT_1 JLPT,m~/57eSA#(
案の定,あんのじょう,果然，照常,JLPT_1 JLPT,hA}d;?>d]S
いい加減,いいかげん,隨機，不負責任,JLPT_1 JLPT,m&1q/@m2Fo
言い訳,いいわけ,藉口，解釋,JLPT_1 JLPT,bHn3PYYDDh
イェス,イェス,是的;耶穌,JLPT_1 JLPT,JNh+4Yr8ef
家出,いえで,逃離家,JLPT_1 JLPT,Q=S6%hckV-
生かす,いかす,保持生命；利用,JLPT_1 JLPT,I!~Ls+W17l
いかに,いかに,如何以什麼方式,JLPT_1 JLPT,wc[[YL_8xy
いかにも,いかにも,確實（與実に（じつに）相同）,JLPT_1 JLPT Intermediate_Japanese_Ln.13 Intermediate_Japanese,pGTXJh*xKy
異議,いぎ,異議，異議，抗議,JLPT_1 JLPT,Ipl}wWGO>v
生き甲斐,いきがい,一個人居住的東西，非常重要,JLPT_1 JLPT,q|opo=i1Z%
行き違い,いきちがい,誤解，分歧,JLPT_1 JLPT,Kn3O$k3Ndh
意気込む,いきごむ,熱情,JLPT_1 JLPT,"uCP,dS?ITJ"
育成,いくせい,飼養，訓練，種植,JLPT_1 JLPT,xgDyhh?MvF
幾多,いくた,許多很多,JLPT_1 JLPT,sVgAdcK5_K
"(花を〜) 生ける, 活ける",(はなを～) いける,安排（鮮花）,JLPT JLPT_1 MediaMissing,"cEGS[d,K$s"
異見,いけん,不同的意見，異議,JLPT_1 JLPT,C`nnyFMEP*
意向,いこう,意圖，想法，傾向,JLPT_1 JLPT,c<RmCn8fq1
移行,いこう,切換到,JLPT_1 JLPT,zCUU7WXKx4
いざ,いざ,現在，來（現在），關鍵時刻,JLPT_1 JLPT,i:/h1W-xdl
移住,いじゅう,遷移，移民,JLPT_1 JLPT,yfmy@>bgJz
衣装,いしょう,衣服，服裝，服裝,JLPT_1 JLPT,JM:)/^6vfs
いじる,いじる,接觸，篡改,JLPT_1 JLPT,9Nx^_^#j8
異性,いせい,異性,JLPT_1 JLPT,c(LysD`~z]
遺跡,いせき,歷史性的廢墟,JLPT_1 JLPT,FHxuAULxsj
依存,いぞん,依賴，依賴,JLPT_1 JLPT,vHQ}.~FHmp
委託,いたく,委託（出售商品（出售）到公司），委託,JLPT_1 JLPT,"JRy,(Dx:,n"
いたって,いたって,非常，非常極端,JLPT_1 JLPT,%<{<.)4xj
出世,しゅっせ,晉升，成功的職業，傑出,JLPT_1 JLPT,"E,W%,6&bwX"
出題,しゅつだい,提出一個問題,JLPT_1 JLPT,s9z]c<[6wR
出動,しゅつどう,動員，行動,JLPT_1 JLPT,DVV5Q3:VIK
出費,しゅっぴ,費用，支出,JLPT_1 JLPT,t(JNS{XhuZ
出品,しゅっぴん,展覽，展示,JLPT_1 JLPT,w}1f=TEQZ|
主導,しゅどう,主要領導,JLPT_1 JLPT,"d-6;%xC,V("
主任,しゅにん,負責人，負責官員,JLPT_1 JLPT Intermediate_Japanese_Ln.8 Intermediate_Japanese,P`pi2j!/Zn
首脳,しゅのう,負責人，負責人,JLPT_1 JLPT,mH>udydI<)
守備,しゅび,防禦,JLPT_1 JLPT,QyYK8_+Gx6
手法,しゅほう,技術,JLPT_1 JLPT,fWl){e*%x`
樹木,じゅもく,樹木和灌木，喬木,JLPT_1 JLPT,A6EcuVTEn~
樹立,じゅりつ,建立，創建,JLPT_1 JLPT,<gHQ~x_IM
準急,じゅんきゅう,當地快車（火車，比快車慢）,JLPT_1 JLPT,s!T{c]d?zv
準じる,じゅんじる,跟隨，符合，申請,JLPT_1 JLPT,j=V@~uS;G4
～署,～しょ,部門,JLPT_1 JLPT,A<!E3T_0vF
～症,～しょう,疾病,JLPT_1 JLPT,y^!rJ~5v8t
～証,～しょう,證明，證書,JLPT_1 JLPT,w[XPaJS[}z
～嬢,～じょう,年輕女子,JLPT_1 JLPT,P&R@B~a4:4
上位,じょうい,上級，高階,JLPT_1 JLPT,s<}P@-YNu`
上演,じょうえん,藝術表演,JLPT_1 JLPT,Ih+PnzSX5U
城下,じょうか,land,JLPT_1 JLPT,FP&uiV(R^g
消去,しょうきょ,消除，擦除,JLPT_1 JLPT,KIr]^O720X
上空,じょうくう,天空，高空天空，上空空氣,JLPT_1 JLPT,AT)AL!}Jds
衝撃,しょうげき,震驚，崩潰，撞擊，彈道,JLPT_1 JLPT,rK5G)+e65!
証言,しょうげん,證據，證詞,JLPT_1 JLPT,s_3h<=-PI[
証拠,しょうこ,證據，證明,JLPT_1 JLPT,H}OPDaDiwx
照合,しょうごう,檢查，驗證,JLPT_1 JLPT,hlgHN62g|{
詳細,しょうさい,細節，細節,JLPT_1 JLPT,K:oLa1D.!N
上昇,じょうしょう,上升，上升，攀爬,JLPT_1 JLPT,sWkm1|AEBC
昇進,しょうしん,晉升,JLPT_1 JLPT,d~xF3H=[az
称する,しょうする,以自己的名字來稱呼自己,JLPT_1 JLPT,tSb%>:%%!V
情勢,じょうせい,狀態，狀況，情況,JLPT_1 JLPT,MJ1D.[x{)c
消息,しょうそく,新聞，信件，情況,JLPT_1 JLPT,u6>otPY%%b
承諾,しょうだく,同意，協議,JLPT_1 JLPT,qBKI4V%6RZ
情緒,じょうちょ,情緒，感覺,JLPT_1 JLPT,k3To8MWJIl
情緒,じょうしょ,情緒，感覺,JLPT_1 JLPT,tX-.yH%tsu
象徴,しょうちょう,象徵,JLPT_1 JLPT,Nr_Pr2R$>-
小児科,しょうにか,兒科,JLPT_1 JLPT,BV(PyO5`Xp
使用人,しようにん,僱員，僕人,JLPT_1 JLPT,LygcFyOci?
情熱,じょうねつ,熱情，熱情，熱情,JLPT_1 JLPT,I{iqV8B>VE
譲歩,じょうほ,特許權，和解，妥協,JLPT_1 JLPT,qTRRmo8`cg
条約,じょうやく,條約，契約,JLPT_1 JLPT Intermediate_Japanese_Ln.8 Intermediate_Japanese,mBj5_YKg@T
勝利,しょうり,勝利，勝利，獲勝,JLPT_1 JLPT,G@C3MHqMp~
上陸,じょうりく,著陸，下船,JLPT_1 JLPT,P?*6mTt|Ou
蒸溜,じょうりゅう,蒸餾,JLPT_1 JLPT,N0wHhg4iZ}
奨励,しょうれい,鼓勵，晉升,JLPT_1 JLPT,m8|HwkmQWl
ショー,ショー,展示,JLPT_1 JLPT,i~@270zDDg
除外,じょがい,例外，排除,JLPT_1 JLPT,An-_sCcDl?
職員,しょくいん,人員，人員,JLPT_1 JLPT,"c/)%MF,^yx"
植民地,しょくみんち,殖民地,JLPT_1 JLPT,pqv+nRs.EA
職務,しょくむ,專業職責,JLPT_1 JLPT,M%7$<MDK;D
諸君,しょくん,先生們！ ，女士們！,JLPT_1 JLPT,w8&8<Oq8q1
助言,じょげん,建議，建議,JLPT_1 JLPT Intermediate_Japanese Intermediate_Japanese_Ln.11,jgva&{5Yv}
徐行,じょこう,慢慢走,JLPT_1 JLPT,1}h4@}[.}
所在,しょざい,下落,JLPT_1 JLPT,HYCS:(5sD5
所持,しょじ,擁有，擁有,JLPT_1 JLPT,FFV#Fu]e{M
所属,しょぞく,附屬，屬於,JLPT_1 JLPT,kcA;O>C=q2
処置,しょち,治療,JLPT_1 JLPT,oElimwftu&
しょっちゅう,しょっちゅう,總是，不斷,JLPT_1 JLPT,qt.$TI&_S;
所定,しょてい,固定，處方,JLPT_1 JLPT,lE2*Emk;Hc
所得,しょとく,收入,JLPT_1 JLPT,x{~.Tp:rb[
処罰,しょばつ,懲罰,JLPT_1 JLPT,"gNz:>*,MG$"
初版,しょはん,第一版,JLPT_1 JLPT,fiRSr!;Y&A
書評,しょひょう,書評,JLPT_1 JLPT,x:`od~M8;V
処分,しょぶん,處置，交易，懲罰,JLPT_1 JLPT,ob921zNQ/x
庶民,しょみん,群眾，平民,JLPT_1 JLPT,m?>)`ISejw
庶務,しょむ,事務,JLPT_1 JLPT,ibnBaKrH9N
所有,しょゆう,一個人的財產，所有權,JLPT_1 JLPT,M/&X&72l%L
調べ,しらべ,調查，檢查,JLPT_1 JLPT,K1M}#OQ[$e
自立,じりつ,獨立，自力更生,JLPT_1 JLPT,AxK*wI27?U
記す,しるす,要注意，寫下,JLPT_1 JLPT,IY#:UXg$YC
指令,しれい,訂單，說明，指令,JLPT_1 JLPT,f3?Z1%=TF7
～心,～しん,〜的思想,JLPT_1 JLPT,jQ&{mv~mg}
陣,じん,戰鬥，營地，營地,JLPT_1 JLPT,P;NE${7wn9
進化,しんか,進化，進步,JLPT_1 JLPT,N0sG+rp=}d
人格,じんかく,個性，性格,JLPT_1 JLPT,bv:L&X%{w_
審議,しんぎ,審議,JLPT_1 JLPT,ljmGvuxGK[
新婚,しんこん,新人,JLPT_1 JLPT,kXZM5E]M1a
審査,しんさ,評判，檢查，檢查,JLPT_1 JLPT,Aov$8-^cUL
人材,じんざい,才華橫溢的人,JLPT_1 JLPT,C?4X*:ZTpD
紳士,しんし,紳士,JLPT_1 JLPT,x9OmT9u38P
真実,しんじつ,真理，現實,JLPT_1 JLPT,oVA.}`H~AT
信者,しんじゃ,信徒，奉獻者,JLPT_1 JLPT,xS[kK:ZdWC
真珠,しんじゅ,珍珠,JLPT_1 JLPT,AK4RS}QdNe
進出,しんしゅつ,進步,JLPT_1 Intermediate_Japanese_Ln.14 JLPT Intermediate_Japanese,K-D|x_JFrP
心情,しんじょう,心理,JLPT_1 JLPT,PHxCA~>U^}
新人,しんじん,新面孔，新來者,JLPT_1 JLPT,n<1jM&wYZ&
神聖,しんせい,聖潔，神聖，尊嚴,JLPT_1 JLPT,N+v0O:SZ6<
親善,しんぜん,友誼,JLPT_1 JLPT,e$!ZsAnYeT
真相,しんそう,真相，真實情況,JLPT_1 JLPT,"IQ@9>LJ,&M"
迅速,じんそく,快速，快速，及時,JLPT_1 JLPT,g^-!|Cie-4
人体,じんたい,人體,JLPT_1 JLPT,wqIT;%IHe9
新築,しんちく,新建築，新建築,JLPT_1 JLPT,Ozg8V>5l.l
心中,しんじゅう,雙重自殺,JLPT_1 JLPT,H1pTQNX=9t
進呈,しんてい,推介會,JLPT_1 JLPT,CZ`K3:aqAR
進展,しんてん,進步，發展,JLPT_1 JLPT,b(>k}9=qxl
神殿,しんでん,寺廟，神聖的地方,JLPT_1 JLPT,y(skY$ucA+
進度,しんど,進步,JLPT_1 JLPT,yu/)M8)V(L
振動,しんどう,振盪，振動,JLPT_1 JLPT,sad?lNEJ3g
新入生,しんにゅうせい,新生，一年級學生，新生,JLPT_1 Intermediate_Japanese_Ln.5 JLPT Intermediate_Japanese,x)<B[r6{jj
信任,しんにん,信任，信心，信任,JLPT_1 JLPT,"hWLnw4y,]t"
神秘,しんぴ,神秘,JLPT_1 JLPT,"N,Y7P[tIGQ"
辛抱,しんぼう,耐心，耐力,JLPT_1 JLPT,uU~=4Y)qMA
人民,じんみん,人，公眾,JLPT_1 JLPT,nAw=2?(bZX
侵略,しんりゃく,侵略，入侵，突襲,JLPT_1 JLPT,hsxv1184OS
診療,しんりょう,醫學檢查和治療,JLPT_1 JLPT,x1%iVb>rlb
粋,すい,本質,JLPT_1 JLPT,zsq|f`1Yv
水源,すいげん,河流,JLPT_1 JLPT,n/^g6e7/@{
推進,すいしん,推進，驅動力,JLPT_1 JLPT,"J08-VaUM,s"
吹奏,すいそう,演奏風樂器,JLPT_1 JLPT,m]6xm=<uJ6
推測,すいそく,猜猜，猜想,JLPT_1 JLPT,zvP)r1F]3S
水田,すいでん,（充滿水的）稻田,JLPT_1 JLPT,v5ySQN]{G>
推理,すいり,推理，推理，神秘或偵探類型,JLPT_1 JLPT,jer`Bu/O84
数詞,すうし,數字,JLPT_1 JLPT,p</Ez{aJ5+
崇拝,すうはい,敬拜，崇拜,JLPT_1 JLPT,Hw_TI!gx2(
据え付ける,すえつける,安裝，裝備，安裝,JLPT_1 JLPT,BP/>6=lZh5
据える,すえる,設置，放置，放置,JLPT_1 JLPT,t!g&pW29AZ
すがすがしい,すがすがしい,新鮮，令人耳目一新,JLPT_1 JLPT,rK/?@VVUlf
救い,すくい,幫助，幫助，救濟,JLPT_1 JLPT,qsOm7CX`b8
すくう (みずを～),すくう (みずを～),要sc,JLPT_1 JLPT,iDqa!wq<Tq
健やか,すこやか,有活力，健康，聲音,JLPT_1 JLPT,"hH9J*t,rc_"
濯ぐ,すすぐ,沖洗，洗淨,JLPT_1 JLPT,E0ffUY?7qt
進み,すすみ,進步,JLPT_1 JLPT,p1:(iOmlNJ
裾,すそ,（褲子）袖口，（裙子）下擺，髮型的剪切邊緣,JLPT_1 JLPT,xF_(AQj}lF
スタジオ,スタジオ,工作室,JLPT_1 JLPT,ic%[^BEKt/
スチーム,スチーム,蒸汽,JLPT_1 JLPT,nXB;]AdyMC
ストライキ,ストライキ,罷工,JLPT_1 JLPT,nf-SMH*rKm
スト,スト,（Abbr。）罷工,JLPT_1 JLPT,oc==H8k2kf
ストロー,ストロー,稻草,JLPT_1 JLPT,A.~AmwkH4Z
ストロボ,ストロボ,頻鏡（字面意思：Strobo，頻閃燈，頻閃燈）,JLPT_1 JLPT,rNiv+g8N.Q
すばしこい,すばしこい,靈活，聰明，快速,JLPT_1 JLPT,p[HsSa}_~h
素早い,すばやい,快速，快速,JLPT_1 JLPT,qLzUXrbxxM
ずばり,ずばり,果斷，毫無保留地，坦率地說,JLPT_1 JLPT,zNubn^c5m8
スプリング,スプリング,春天,JLPT_1 JLPT,M&<1|Qyfm^
スペース,スペース,空間,JLPT_1 JLPT,"mfYc5:,T$)"
ずぶぬれ,ずぶぬれ,浸透，滴濕,JLPT_1 JLPT,O=YLrvca-#
スポーツカー,スポーツカー,跑車,JLPT_1 JLPT,ILQ_{U)ioI
澄ます,すます,清楚，清楚，傾聽,JLPT_1 JLPT,o+[:%ypXAI
清ます,すます,清楚，清楚，傾聽,JLPT_1 JLPT,gWgE<)O|pN
済ます,すます,完成；定居；不做,JLPT_1 JLPT,BI9b~SlUc1
すみやか,すみやか,迅速,JLPT_1 JLPT,MC/)GM9mOK
スラックス,スラックス,休閒,JLPT_1 JLPT,tpKEoAzoEC
ずらっと,ずらっと,一行，連續,JLPT_1 JLPT,GHI-Z0iw2Q
ずるずる,ずるずる,拖延，嗅探的聲音,JLPT_1 JLPT,xPdB)weA$j
ずれ,ずれ,差異，差距,JLPT_1 JLPT,ml<Cz:NIm9
すれちがい,すれちがい,巧遇,JLPT_1 JLPT,h}n%.0]G*]
擦れる,すれる,摩擦，chafe,JLPT_1 JLPT,y1pczASP(>
すんなり,すんなり,通過不反對，苗條，細長,JLPT_1 JLPT,c{rT9&J2OZ
生育,せいいく,增長，發展，繁殖,JLPT_1 JLPT,A*eQ]~1bJ/
成育,せいいく,增長，提高,JLPT_1 JLPT,A=.t}i>GW3
成果,せいか,結果，水果,JLPT_1 JLPT,BVYQfcf%9
正解,せいかい,正確，正確的答案，解決方案,JLPT_1 JLPT,Lt;.HzCJ&F
正義,せいぎ,正義，對，公義,JLPT_1 JLPT,C*lSCCu$Is
生計,せいけい,生計，生活,JLPT_1 JLPT,sFe^vK-tW[
政権,せいけん,（政治）政治權力,JLPT_1 JLPT,ySl]BBHxv|
星座,せいざ,星座,JLPT_1 JLPT,v8-]C(eL~-
制裁,せいさい,克制，制裁，懲罰,JLPT_1 JLPT,"&>5Y-0M,/"
政策,せいさく,政治措施，政策,JLPT_1 JLPT,"hAD&H|lfX,"
生死,せいし,生死,JLPT_1 JLPT,[jWyFv3NW
静止,せいし,靜止，安息，站著,JLPT_1 JLPT,o*g2}G_T7@
誠実,せいじつ,真誠，誠實，忠實,JLPT_1 JLPT,bL3/~B_@Jx
成熟,せいじゅく,成熟，成熟,JLPT_1 JLPT,mi&AvT*VW%
青春,せいしゅん,青年，春天的生活，青春期,JLPT_1 JLPT,r1RCkb<y|$
清純,せいじゅん,純潔，純真,JLPT_1 JLPT,ONr5>]A5d|
聖書,せいしょ,聖經,JLPT_1 JLPT,Q@S9S%oEQ1
正常,せいじょう,正常，正常，正常,JLPT_1 JLPT,wA-k/9L$M{
制する,せいする,控制，命令,JLPT_1 JLPT,rf}l5O&Iya
整然,せいぜん,有序，定期，組織良好,JLPT_1 JLPT,PN>H*K1;6z
盛装,せいそう,打扮，穿豐富的衣服,JLPT_1 JLPT,"NT,a6{jkV^"
盛大,せいだい,盛大，繁榮，宏偉,JLPT_1 JLPT,oA#/^#fynU
清濁,せいだく,善與惡，純潔和雜質,JLPT_1 JLPT,LIBty_QSI!
制定,せいてい,制定，建立，創造,JLPT_1 JLPT,w/{{PKSO-l
静的,せいてき,靜止的,JLPT_1 JLPT,qS/}NK^[E0
製鉄,せいてつ,鐵生產,JLPT_1 JLPT,q1#~15/jx^
晴天,せいてん,天氣晴朗,JLPT_1 JLPT,O`AKp9t/nh
正当,せいとう,正好，適當,JLPT_1 JLPT,KYfFW0c&^H
制服,せいふく,制服,JLPT_1 JLPT,KjpnwgIuCJ
征服,せいふく,征服，征服，克服,JLPT_1 JLPT,UI+/g3/T<
製法,せいほう,製造方法，食譜，配方,JLPT_1 JLPT,r$Viif`6:S
精密,せいみつ,精確，精確，詳細，分鐘,JLPT_1 JLPT,k?w!_L!izK
税務署,ぜいむしょ,稅務局,JLPT_1 JLPT,cu&VjhU0YM
制約,せいやく,限制，約束,JLPT_1 JLPT,eGs}Rjdjyu
勢力,せいりょく,影響力，力量，力量，力量,JLPT_1 JLPT,jCKk=3Gx//
整列,せいれつ,連續站立，形成一條線,JLPT_1 JLPT,K=?{2[EdLY
セール,セール,銷售,JLPT_1 JLPT,bTb.7j.bY0
急かす,せかす,趕緊敦促,JLPT_1 JLPT,r25!gS/G>A
伜,せがれ,兒子，我的兒子,JLPT_1 JLPT,CVmDxN*tGx
責務,せきむ,職責，義務,JLPT_1 JLPT,ct_SCVUYk9
セクション,セクション,部分,JLPT_1 JLPT,oE+>)~hYZ>
世辞,せじ,奉承，稱讚,JLPT_1 JLPT,i2*b#^+2.G
世帯,せたい,家庭,JLPT_1 JLPT,M;wkDh)_[-
是正,ぜせい,更正，修訂,JLPT_1 JLPT,r4z<%];90$
世代,せだい,一代,JLPT_1 JLPT,vXhkxYs)ro
切開,せっかい,開放，切開,JLPT_1 JLPT,j3{#e(JGO?
セックス,セックス,性別,JLPT_1 JLPT,p^XJZeb_m$
切実,せつじつ,引人注目，嚴重，嚴重，急性,JLPT_1 JLPT,"b(%wDAP,4<"
接触,せっしょく,觸摸，聯繫,JLPT_1 JLPT,euP9o6khjK
接続詞,せつぞくし,連詞,JLPT_1 JLPT,jxx/dj^^[F
設置,せっち,建立，機構,JLPT_1 JLPT,dTa#ev1!lY
折衷,せっちゅう,妥協，交叉，混合，折衷主義,JLPT_1 JLPT,z.Jdo5|UwK
設定,せってい,建立，創造,JLPT_1 JLPT,EL[q3!y3K%
説得,せっとく,勸說,JLPT_1 JLPT,p@nzS4e%Pe
切ない,せつない,痛苦，努力，悲傷,JLPT_1 JLPT,Op2N@ZY@PL
絶版,ぜっぱん,絕版,JLPT_1 JLPT,wscau>2!!B
設立,せつりつ,建立，基金會，機構,JLPT_1 JLPT,nV|*LLs6}!
攻め,せめ,攻擊，進攻,JLPT_1 JLPT,lp+Bg:0JY+
ゼリー,ゼリー,果凍,JLPT_1 JLPT,pUMI]4pC]5
セレモニー,セレモニー,儀式,JLPT_1 JLPT,ElF~:n|$Dm
世論,せろん,輿論,JLPT_1 JLPT,cn7+uG:k{Q
先,せん,優先級，優先級，以前,JLPT_1 JLPT,K[s:+C@-V{
繊維,せんい,纖維，纖維，紡織品,JLPT_1 JLPT,IoI]vI^@?E
全快,ぜんかい,完全恢復健康,JLPT_1 JLPT,jMG%U5Y*b]
宣教,せんきょう,宗教任務,JLPT_1 JLPT,t2!m+EN<kt
宣言,せんげん,聲明，宣告，宣布,JLPT_1 JLPT,N*Sn3]6F}u
戦災,せんさい,戰爭傷害,JLPT_1 JLPT,g*>*T{UX8V
専修,せんしゅう,專業化,JLPT_1 JLPT,iF/[EjL/PH
戦術,せんじゅつ,策略,JLPT_1 JLPT,fClOu9u4S.
センス,センス,感官（用於音樂，風格，機智等）,JLPT_1 JLPT,kOf@Kc#S!?
潜水,せんすい,潛水,JLPT_1 JLPT,kXmApIVn4{
全盛,ぜんせい,繁榮的高度,JLPT_1 JLPT,PA4!?*R&)6
先代,せんだい,家庭前任，上年齡，上一代,JLPT_1 JLPT,A@$Xh`C*#q
先だって,せんだって,最近，前幾天,JLPT_1 JLPT,bpeAMs`g=B
先着,せんちゃく,首先到達,JLPT_1 JLPT,s5`[<)lze/
前提,ぜんてい,序言，前提，先決條件,JLPT_1 JLPT,M^(]5)Q28q
先天的,せんてんてき,固有，先天性，世襲,JLPT_1 JLPT,e8-*cxos*(
前途,ぜんと,未來的前景，前景，未來的旅程,JLPT_1 JLPT,rUv_dSLlLH
戦闘,せんとう,戰鬥，戰鬥，戰鬥,JLPT_1 JLPT,LE#Z8!)h7>
潜入,せんにゅう,滲透，潛入,JLPT_1 JLPT,jwMP<D<nu+
船舶,せんぱく,船,JLPT_1 JLPT,yT?Wj-:Bft
全滅,ぜんめつ,殲滅,JLPT_1 JLPT,gs]{cpbeS;
専用,せんよう,獨家使用，個人用途,JLPT_1 JLPT,E|;c&Jmrd8
占領,せんりょう,職業，財產，有一個自我的空間,JLPT_1 JLPT,N-V{tXojX`
善良,ぜんりょう,善良，卓越，美德,JLPT_1 JLPT,eGNEV*g</#
戦力,せんりょく,戰爭潛力,JLPT_1 JLPT,jsYNJMtfV.
前例,ぜんれい,先例,JLPT_1 JLPT,z6IRT7DoRm
相応,そうおう,適合性，健身,JLPT_1 JLPT,Cm`/n`5$^$
総会,そうかい,大會,JLPT_1 JLPT,v.Q]y8[=}p
創刊,そうかん,推出（例如報紙，第一期）,JLPT_1 JLPT,k7n}7cIr>q
雑木,ぞうき,各種各樣的小樹，各種各樣的樹木,JLPT_1 JLPT,K-dqvXawa`
早急,そうきゅう,緊迫的,JLPT_1 JLPT,xFEe8[1r^m
早急,さっきゅう,緊迫的,JLPT_1 JLPT,n`GeYo>FBk
増強,ぞうきょう,加強，增加,JLPT_1 JLPT,"rV,>ZZ=T]Q"
送金,そうきん,匯款，匯款,JLPT_1 JLPT,bDXNFraL0R
走行,そうこう,運行輪式車輛（例如，汽車，旅行）,JLPT_1 JLPT,E{T/IqjEfE
総合,そうごう,合成，概括,JLPT_1 JLPT,nY;2hmT##_
捜索,そうさく,搜索（尤其是為某人或某物缺少的人，調查）,JLPT_1 JLPT,Q:2J1qwTVc
蔵相,ぞうしょう,財政部長,JLPT_1 JLPT,fn1-ZB(4T-
装飾,そうしょく,裝飾品,JLPT_1 JLPT,QA)=&Wj6HM
増進,ぞうしん,促進，增加，進步,JLPT_1 JLPT,IZpN7AL;vh
相対,そうたい,相對的,JLPT_1 JLPT,I!n?!w[?BY
壮大,そうだい,宏偉，宏偉，雄偉,JLPT_1 JLPT,"mVUTF,w/3&"
騒動,そうどう,衝突，騷亂，叛亂,JLPT_1 JLPT,f=viWAh8g@
遭難,そうなん,災難，沉船，事故,JLPT_1 JLPT,E:/^OnBk`
相場,そうば,市場價格，猜測，估計,JLPT_1 JLPT,sA7SWg(`IK
装備,そうび,裝置,JLPT_1 JLPT,k;e~1ueRAo
創立,そうりつ,建立，成立,JLPT_1 JLPT,jki@VUPP0r
添える,そえる,添加，附加，陪伴,JLPT_1 JLPT,"h,nxD[s(P9"
ソース,ソース,來源,JLPT_1 JLPT,tTpwt)2AmK
即座に,そくざに,立即，馬上,JLPT_1 JLPT,P;B^M<8:(U
促進,そくしん,晉升，加速，鼓勵,JLPT_1 JLPT,qh4@1q0m.W
即する,そくする,符合，同意，適應，,JLPT_1 JLPT,t:DoS~nc0!
束縛,そくばく,克制，限制，監禁,JLPT_1 JLPT,l|/yaf0Kt?
側面,そくめん,側面，側面，橫向,JLPT_1 JLPT,g+c1Ex)t~@
損う,そこなう,傷害，傷害,JLPT_1 JLPT,lT+Npb!3tv
そこら,そこら,到處都是，某個地方,JLPT_1 JLPT,sWp/2)qrjX
素材,そざい,原材料，主題,JLPT_1 JLPT,k+jer~`){}
阻止,そし,阻塞，檢查，障礙,JLPT_1 JLPT,H_Bg*f2w~u
訴訟,そしょう,訴訟，訴訟,JLPT_1 JLPT,r473?K:c)w
育ち,そだち,繁殖，生長,JLPT_1 JLPT,I7y!o0nH<>
措置,そち,測量，步驟,JLPT_1 JLPT,wm=Ne<1R~K
ソックス,ソックス,襪子,JLPT_1 JLPT,bW`v0lIx&{
素っ気無い,そっけない,冷，短，cur，直率,JLPT_1 JLPT,m@~(NcJuf8
外方,そっぽ,以另一種方式看（或轉彎）,JLPT_1 JLPT,mx1|xYC`zo
備え付ける,そなえつける,提供，裝備，安裝,JLPT_1 JLPT,?a*256zVd
備わる,そなわる,配備,JLPT_1 JLPT,f0#k].O9>M
具わる,そなわる,配備,JLPT_1 JLPT,hS*=fc5g`d
聳える,そびえる,上升，塔樓，飆升,JLPT_1 JLPT,N#XbC.4.6E
素朴,そぼく,簡單，無藝術，天真,JLPT_1 JLPT,i)~;{+Y_4I
背く,そむく,反對，反對,JLPT_1 JLPT,lwG+$Mpa}3
染まる,そまる,要染色,JLPT_1 JLPT,D^_/a/#sXJ
染める,そめる,要染色，染色,JLPT_1 JLPT,"u,7!Dp;dsk"
そらす,そらす,彎曲，扭曲,JLPT_1 JLPT,O/=U<S;HO[
そり (～にのる),そり (～にのる),雪橇，雪橇,JLPT_1 JLPT,oD<qmOFt48
反る,そる,要經扭曲，扭曲，彎曲,JLPT_1 JLPT,IJaW-#q2K8
それゆえ,それゆえ,因此，因此，,JLPT_1 JLPT,fd1U3Eqd0z
ソロ,ソロ,獨奏,JLPT_1 JLPT,r<H?#?:lfS
揃い,そろい,設置，西裝，均勻,JLPT_1 JLPT,d$?[e]vP*A
ぞんざい,ぞんざい,粗魯，粗心，悲慘,JLPT_1 JLPT,IV/~qgGGDy
損失,そんしつ,損失,JLPT_1 JLPT,q}vnE8Gq;U
存続,そんぞく,持續時間，延續,JLPT_1 JLPT,k--fc+@]/s
ダース,ダース,打,JLPT_1 JLPT,LJ)2+[0^`@
対応,たいおう,處理,JLPT_1 JLPT,KZnf.&v={U
大家,たいか,富裕的家庭，傑出家庭,JLPT_1 JLPT,Nrwns(8SbS
退化,たいか,變性，逆轉,JLPT_1 JLPT,gPs^-F*IXX
大概,たいがい,通常，主要是,JLPT_1 JLPT,h9/$[pq28V
体格,たいかく,體質，憲法,JLPT_1 JLPT,F<F1njV;[$
大金,たいきん,大量資金,JLPT_1 JLPT,m_p4U|6#<L
待遇,たいぐう,治療，接收,JLPT_1 JLPT,F5l%#d#e`l
対決,たいけつ,對抗，攤牌,JLPT_1 JLPT,sKn[*vv=gw
体験,たいけん,個人經驗,JLPT_1 JLPT Intermediate_Japanese_Ln.13 Intermediate_Japanese,o%)Oc|W=Ka
対抗,たいこう,反對，對抗,JLPT_1 JLPT,Rd@pS:`}f/
退治,たいじ,滅絕,JLPT_1 JLPT,pC*Xx^dBSu
大衆,たいしゅう,公眾,JLPT_1 JLPT,nog=kohV~>
対処,たいしょ,處理，Cope,JLPT_1 JLPT,yMT#3SVsQ>
退職,たいしょく,退休（從辦公室）,JLPT_1 JLPT,zj2z79]QG@
題する,だいする,標題,JLPT_1 JLPT,"F)V}e,NP?K"
態勢,たいせい,態度，條件，趨勢,JLPT_1 JLPT,q2.f(w/7&
対談,たいだん,談話，對話,JLPT_1 JLPT,F(U~._UF.|
大胆,だいたん,大膽，大膽，大膽,JLPT_1 JLPT,NiV/^uCv:g
対等,たいとう,相等的,JLPT_1 JLPT,e2@L)L#}Hy
台無し,だいなし,混亂，被寵壞，（來）什麼都沒有,JLPT_1 JLPT,O<W!7i{%=i
滞納,たいのう,非付款，默認,JLPT_1 JLPT,"EVFf,lL5*1"
対比,たいひ,對比，比較,JLPT_1 JLPT,QS^fJ(5L6U
タイピスト,タイピスト,打字員,JLPT_1 JLPT,rgU6t{db}6
大部,たいぶ,大多數（例如，大多數情況更大，相當大，很多）,JLPT_1 JLPT,M:e6p(bi4/
大便,だいべん,屎,JLPT_1 JLPT,bxG(1E~XYm
代弁,だいべん,說另一個,JLPT_1 JLPT,MRN2]i=t=d
待望,たいぼう,長期以來，等待,JLPT_1 JLPT,qE#$km{TWt
台本,だいほん,libretto，場景,JLPT_1 JLPT,RgJye)6k}y
タイマー,タイマー,計時器,JLPT_1 JLPT,Jpmdj[Dy-8
怠慢,たいまん,疏忽，粗心,JLPT_1 JLPT,o+E(5HE.HE
タイミング,タイミング,定時,JLPT_1 JLPT,xPwaZgIXR*
タイム,タイム,時間,JLPT_1 JLPT,jbo*<.eMG[
タイムリー,タイムリー,及時，擊打（棒球），RBI,JLPT_1 JLPT,yP9[juCnL[
対面,たいめん,面試，會議,JLPT_1 JLPT,i`k./6SP4;
代用,だいよう,替代,JLPT_1 JLPT,mu!!VPGcN/
体力,たいりょく,體力,JLPT_1 JLPT,k5)wZQr4>y
タイル,タイル,瓦,JLPT_1 JLPT,ATn!+%/EU;
対話,たいわ,對話，對話,JLPT_1 JLPT,dArvNg;d~A
耐える,たえる,忍受，忍受,JLPT_1 JLPT,fX{nWJ2pLZ
堪える,たえる,忍受，忍受,JLPT_1 JLPT,Lk-i;aQnR+
絶える,たえる,死去，滅絕,JLPT_1 JLPT,rTE!2k^D@
断える,たえる,停止，滅絕,JLPT_1 JLPT,Qs%N8rxgY7
打開,だかい,解決方案，突破,JLPT_1 JLPT,mQ|SYI%fP]
焚火,たきび,（開火,JLPT_1 JLPT,LcA{{ZbodA
妥協,だきょう,妥協，屈服,JLPT_1 JLPT,"s%Avc+h,O*"
たくましい,たくましい,魁梧，堅固，堅固,JLPT_1 JLPT,"P8,W5KAJY/"
巧み,たくみ,技巧，聰明,JLPT_1 JLPT,i]Z*A6(YX(
丈,たけ,長度，高度,JLPT_1 JLPT,enuUDdn`y|
打撃,だげき,打擊，損壞；擊球（棒球）,JLPT_1 JLPT,"t;}gxU%<,g"
妥結,だけつ,協定,JLPT_1 JLPT,l2ZF^5r/@.
駄作,ださく,工作差,JLPT_1 JLPT,Lw)j7o&?}o
足し算,たしざん,添加,JLPT_1 JLPT,iE/CUShX8n
多数決,たすうけつ,多數規則,JLPT_1 JLPT,"OJ~&,3EcJ/"
助け,たすけ,協助,JLPT_1 JLPT,j0*?atjOa+
携わる,たずさわる,參與，參與,JLPT_1 JLPT,McI/Z<qse(
漂う,ただよう,漂流，漂浮，懸掛在空中,JLPT_1 JLPT,bR^R=T^]/Z
立ち去る,たちさる,離開，離開,JLPT_1 JLPT,x4xomzb{(l
立ち寄る,たちよる,要停下來，短暫訪問,JLPT_1 JLPT,"i~*^/,u.M%"
抱っこ,だっこ,（孩子）擁抱,JLPT_1 JLPT,u]W;19*#xC
達者,たっしゃ,熟練，身體健康,JLPT_1 JLPT,QMO]Jn&?Ra
脱出,だっしゅつ,逃脫,JLPT_1 JLPT,rfK<qkCIf]
脱する,だっする,逃脫，離開,JLPT_1 JLPT,t;JPYpd=u$
達成,たっせい,成就,JLPT_1 JLPT,y%qBRcv/jg
脱退,だったい,分裂，撤離,JLPT_1 JLPT,ncettC@%js
だったら,だったら,如果是這樣,JLPT_1 JLPT,C/Y!eNd>%+
立て替える,たてかえる,提前付款，支付另一個,JLPT_1 JLPT,kf$XJ8^ry/
建前,たてまえ,位置;立場一個公開場合；原則,JLPT_1 JLPT Intermediate_Japanese_Ln.15 Intermediate_Japanese,L3SqCRekB4
奉る,たてまつる,提供，尊重,JLPT_1 JLPT,f5~QK@<Z?-
だと,だと,如果是這樣,JLPT_1 JLPT,AdbIr)ODQy
他動詞,たどうし,瞬態動詞（直接對象）,JLPT_1 JLPT,k%4*4&yY`0
辿り着く,たどりつく,到達，使它以某種方式,JLPT_1 JLPT,g7HZru1rgh
辿る,たどる,跟隨（道路，追求（課程），跟進,JLPT_1 JLPT,wGxS[a6&-W
束ねる,たばねる,捆綁在一起，控制,JLPT_1 JLPT,f-6#7v|syX
だぶだぶ,だぶだぶ,鬆散，寬鬆,JLPT_1 JLPT,gN6($!p`)9
他方,たほう,另一方面，另一方面,JLPT_1 JLPT,kBVB0U>~W;
多忙,たぼう,忙碌的,JLPT_1 JLPT,&tDV5aeSi
給う,たまう,接受，授予,JLPT_1 JLPT,o3qNRs#MmC
魂,たましい,靈魂，精神,JLPT_1 JLPT,Lule^<EV8B
溜まり,たまり,收集的東西，聚會場所，欠款,JLPT_1 JLPT,vn*T!ewBaY
賜る,たまわる,給予，授予,JLPT_1 JLPT,HP!zs26?IS
保つ,たもつ,保持，保存，維持,JLPT_1 JLPT,gTbXu)j!`=
たやすい,たやすい,簡單，簡單，輕,JLPT_1 JLPT,AG]dUK?GLW
多様,たよう,多樣性，多樣性,JLPT_1 JLPT,vtZOkeWk&x
だるい,だるい,緩慢，感到沉重（疲倦），懶惰,JLPT_1 JLPT Intermediate_Japanese_Ln.12 Intermediate_Japanese,"ssq5O?,bMD"
弛み,たるみ,鬆弛，鬆弛,JLPT_1 JLPT,CfA9KvwrNs
弛む,たるむ,放鬆，放鬆，放鬆,JLPT_1 JLPT,Q3_&mJpm{q
垂れる,たれる,懸掛，下垂；滴,JLPT_1 JLPT,"dR~s,A!paY"
タレント,タレント,才華，明星，個性,JLPT_1 JLPT,lrfU7E]iMP
タワー,タワー,塔,JLPT_1 JLPT,v5:z0AFR9T
単一,たんいつ,單個，簡單，唯一,JLPT_1 JLPT,h$`k(ir0Rg
短歌,たんか,31音節日本詩,JLPT_1 JLPT,Ir#MY^13Ie
担架,たんか,擔架，垃圾,JLPT_1 JLPT,HV+tZ)Qo19
短気,たんき,脾氣快,JLPT_1 JLPT,"q,u5ZnTUee"
団結,だんけつ,團結，聯盟，團結,JLPT_1 JLPT,nY!|1{!OCq
探検,たんけん,探索，探險,JLPT_1 JLPT,sRi|/nSA`o
断言,だんげん,斷言，聲明，肯定,JLPT_1 JLPT,w+Gv2p_R~h
短縮,たんしゅく,縮短，縮寫，減少,JLPT_1 JLPT,"loQag*w7,y"
断然,だんぜん,絕對是堅定的,JLPT_1 JLPT,i4oX5JR1dF
炭素,たんそ,碳（C）,JLPT_1 JLPT,x^}A~2~z<O
短大,たんだい,初級學院,JLPT_1 JLPT,q^nCWsg[HX
単調,たんちょう,單調，單調，鈍,JLPT_1 JLPT,rL$X_?_Pk#
単独,たんどく,唯一，單身,JLPT_1 JLPT,esBhRW$7nM
旦那,だんな,丈夫（非正式）的大師（房屋）,JLPT_1 JLPT,Eg]wBS#KM/
短波,たんぱ,短波,JLPT_1 JLPT,i|6Bns+L;/
蛋白質,たんぱくしつ,蛋白質,JLPT_1 JLPT,Jp^dQ($699
ダンプ,ダンプ,自卸車,JLPT_1 JLPT,Nw}Lm}Btbw
断面,だんめん,橫截面,JLPT_1 JLPT,GKBfUV.8Iw
弾力,だんりょく,彈性，靈活性,JLPT_1 JLPT,msj@^X&|0|
治安,ちあん,公共秩序，安全性,JLPT_1 JLPT,"BnO,YE-DZD"
チームワーク,チームワーク,團隊合作,JLPT_1 JLPT,P=nF6sUVt[
チェンジ,チェンジ,改變,JLPT_1 JLPT,Dijxw<8QAe
違える,ちがえる,改變,JLPT_1 JLPT,l%F*x{2Z?s
畜産,ちくさん,畜牧業,JLPT_1 JLPT,JuGLp(:y{X
畜生,ちくしょう,野獸，野蠻，該死,JLPT_1 JLPT,vq_X{4/863
蓄積,ちくせき,積累，積累，存儲,JLPT_1 JLPT,Pr<}&RmAQ(
地形,ちけい,地形，地理特徵，地形,JLPT_1 JLPT,z9e8bk2QkU
知性,ちせい,智力,JLPT_1 JLPT,O7tGamj6Tf
乳,ちち,牛奶，乳房，環,JLPT_1 JLPT,"l,=LW~Hy+r"
縮まる,ちぢまる,縮短，簽約，收縮,JLPT_1 JLPT,wu7wbA:9_;
秩序,ちつじょ,訂單，規律性,JLPT_1 JLPT Intermediate_Japanese_Ln.10 Intermediate_Japanese,P)jMU1FkFO
窒息,ちっそく,窒息,JLPT_1 JLPT,fDBko;}]D
知的,ちてき,知識分子,JLPT_1 JLPT,jiAkN.}ZmV
着手,ちゃくしゅ,登機，發射,JLPT_1 JLPT,F[_a*7LJN.
着色,ちゃくしょく,著色，著色,JLPT_1 JLPT,N#Q=xWnJKS
着席,ちゃくせき,坐下，座位,JLPT_1 JLPT,MeN__AKyp|
着目,ちゃくもく,注意力,JLPT_1 JLPT,wi@WVZX@m|
着陸,ちゃくりく,著陸，降落,JLPT_1 JLPT,b|+eNo%pfV
着工,ちゃっこう,開始（施工）工作,JLPT_1 JLPT,Ew6+3{D_ru
茶の間,ちゃのま,客廳（日本風格）,JLPT_1 JLPT,N9-wCuA<Rp
茶の湯,ちゃのゆ,茶儀,JLPT_1 JLPT,ejvH[/WC(/
ちやほや,ちやほや,寵愛，大驚小怪,JLPT_1 JLPT,p7xbFu82u*
チャンネル,チャンネル,頻道,JLPT_1 JLPT,nV5l[5`h]F
宙返り,ちゅうがえり,翻筋斗，循環循環,JLPT_1 JLPT,G#D%$XG0_r
中継,ちゅうけい,接力，連接,JLPT_1 JLPT,MWNEDyrDN$
忠告,ちゅうこく,建議，警告,JLPT_1 JLPT,N9-O04D*/i
中傷,ちゅうしょう,誹謗，誹謗，誹謗,JLPT_1 JLPT,p0CsH{8#JZ
中枢,ちゅうすう,中心，支柱，核,JLPT_1 JLPT,r%Mjj+Ek{5
抽選,ちゅうせん,彩票，抽獎，繪畫（很多）,JLPT_1 JLPT,0KYkNtfpJ
中断,ちゅうだん,中斷，懸架，中斷,JLPT_1 JLPT,w>%6r/va[-
中毒,ちゅうどく,中毒,JLPT_1 JLPT,LzJ=jxfHor
中腹,ちゅうふく,山地，一半,JLPT_1 JLPT,tB+gKvvwou
中立,ちゅうりつ,中立,JLPT_1 JLPT,PZFB#``%5o
中和,ちゅうわ,中和，抵消,JLPT_1 JLPT,nyH&P(=%8Y
～著,～ちょ,由〜撰寫,JLPT_1 JLPT,fQ0a}K7p9f
腸,ちょう,腸子，腸,JLPT_1 JLPT,K%kn{5[S%7
蝶,ちょう,蝴蝶,JLPT_1 JLPT,q;0HqmYw1-
超,ちょう,超級，超級，超級,JLPT_1 JLPT,Eiftj43[ej
調印,ちょういん,簽名，標誌，密封,JLPT_1 JLPT,+X8b+]_hF
聴覚,ちょうかく,聽覺,JLPT_1 JLPT,C>6Ay%IdDe
長官,ちょうかん,酋長，（政府）秘書,JLPT_1 JLPT,"H,v:QJS0Yi"
聴講,ちょうこう,演講出勤，審計,JLPT_1 JLPT,dMxJpHdu-m
徴収,ちょうしゅう,收藏，徵稅,JLPT_1 JLPT,LIId5$2fh5
聴診器,ちょうしんき,聽診器,JLPT_1 JLPT,A2>D_NQ`=%
調停,ちょうてい,仲裁，和解，調解,JLPT_1 JLPT,zrfL7jNQ@_
重複,ちょうふく,重複，重複，重疊，冗餘，修復,JLPT_1 JLPT,yXhchN!{a9
長編,ちょうへん,長（例如，小說，電影）,JLPT_1 JLPT,u19=nL^X<]
重宝,ちょうほう,方便，有用,JLPT_1 JLPT,P`*HZ|)=W)
調理,ちょうり,烹飪,JLPT_1 JLPT,P`dt.f6=&.
調和,ちょうわ,和諧,JLPT_1 JLPT,MQV-Mk:gSq
ちょくちょく,ちょくちょく,經常，經常，時不時地，偶爾,JLPT_1 JLPT,eXEksqIu&w
直面,ちょくめん,對抗,JLPT_1 JLPT,Q%puR-vfcY
著書,ちょしょ,文學作品，書,JLPT_1 JLPT,k8We;qzOF?
貯蓄,ちょちく,儲蓄,JLPT_1 JLPT,yk~={SS:?P
直感,ちょっかん,直覺，本能,JLPT_1 JLPT,QySp}y0;^p
著名,ちょめい,眾所周知，慶祝，慶祝,JLPT_1 JLPT,X^slZ{jL{
ちらっと,ちらっと,一眼偶然,JLPT_1 JLPT,N3Y^D/sd+D
塵,ちり,灰塵，污垢,JLPT_1 JLPT,E+SU)Yck+x
塵取り,ちりとり,簸箕,JLPT_1 JLPT,APKgG.~B~%
賃金,ちんぎん,工資,JLPT_1 JLPT,R~b_`JWOQ
沈殿,ちんでん,降水，沉積，沉降,JLPT_1 JLPT,G+XQh2h;J
沈没,ちんぼつ,下沉，建立,JLPT_1 JLPT,iW4PqKe`G4
沈黙,ちんもく,沉默，沉默,JLPT_1 JLPT,px*6fcGx;&
陳列,ちんれつ,展覽，展示，展覽,JLPT_1 JLPT,iwMSM}M#]k
追及,ついきゅう,調查，查詢,JLPT_1 JLPT,noU*13b5O-
追跡,ついせき,追求,JLPT_1 JLPT,x&s%FCI5Z$
追放,ついほう,流放，放逐,JLPT_1 JLPT,wlC&^*I(#k
費やす,ついやす,花，奉獻，浪費,JLPT_1 JLPT,H-?H<E[N4R
墜落,ついらく,跌倒，崩潰,JLPT_1 JLPT,GIlG86j>ft
痛感,つうかん,敏銳，完全意識到,JLPT_1 JLPT,w#*!ZaG>/&
通常,つうじょう,常見，正常，通常,JLPT_1 JLPT,CK7#B(npW6
痛切,つうせつ,敏銳，深處,JLPT_1 JLPT,P)gMK#>#mQ
杖,つえ,甘蔗,JLPT_1 JLPT,E%FRI/LaC<
使い道,つかいみち,使用,JLPT_1 JLPT,C.3OB5&{uj
仕える,つかえる,服務，工作,JLPT_1 JLPT,"yJ9cY,O`h("
司る,つかさどる,統治，管理，管理,JLPT_1 JLPT,N0ki8Oo?OJ
つかの間,つかのま,時刻，短暫的時間，,JLPT_1 JLPT,"HjZRq7,M3q"
月並,つきなみ,常規，陳詞濫調，常見,JLPT_1 JLPT,"s,jIH8HGr)"
継目,つぎめ,關節，接縫,JLPT_1 JLPT,g`*Hbj}:;n
尽きる,つきる,被用完，用完,JLPT_1 JLPT,D@MfPrj.$e
尽くす,つくす,耗盡，用完；奉獻，服務,JLPT_1 JLPT,du~n(l-y;V
つくづく,つくづく,完全，真的,JLPT_1 JLPT,sr:&|?%)^o
作り,つくり,構成，結構，體質,JLPT_1 JLPT,k)o<GJT`g{
造り,つくり,構成，結構，體質,JLPT_1 JLPT,yc(=JOoe^y
繕う,つくろう,修補，維修,JLPT_1 JLPT,rVgUbJ=*17
付け加える,つけくわえる,將一件事添加到另一件事,JLPT_1 JLPT,G(BFo.4q2m
告げる,つげる,告知,JLPT_1 JLPT,<m$M~A%1_
つじつま (はなしの～),つじつま (はなしの～),連貫性，一致性,JLPT_1 JLPT,jvc[~0R.1u
筒,つつ,管，管,JLPT_1 JLPT,w^XrZ[jgo`
突く,つつく,推力，罷工，進攻；戳戳，輕推，挑選,JLPT_1 JLPT,B*u&&$(Hd.
突っ突く,つっつく,提示某人,JLPT_1 JLPT,"p5=i4N,JuA"
謹む,つつしむ,要小心，要貞潔或謹慎,JLPT_1 JLPT,gh_.MQ25nu
突っ張る,つっぱる,支持，變得僵硬；推力（對手），堅持（一個意見），堅持,JLPT_1 JLPT,J%0:#u3#VS
務まる,つとまる,相等，適合,JLPT_1 JLPT,cvC_+6=O[(
勤め先,つとめさき,工作地點,JLPT_1 JLPT,d%0{lsg|M/
努めて,つとめて,努力！ ，努力工作！,JLPT_1 JLPT,ie5f<%K4c(
津波,つなみ,海嘯，潮汐,JLPT_1 JLPT,MNnk0OWf1x
つねる,つねる,捏,JLPT_1 JLPT,uFreoT2Btm
角,つの,喇叭,JLPT_1 JLPT,de#UEAK(5-
募る,つのる,邀請，徵求幫助，參與等,JLPT_1 JLPT,LoJ`r.LWA^
唾,つば,唾液，吐痰，痰,JLPT_1 JLPT,BsP8}KfBI.
呟く,つぶやく,喃喃自語,JLPT_1 JLPT,ug.@5E|3HH
つぶら,つぶら,圓形，圓形,JLPT_1 JLPT,ef4-=?4kR%
つぶる (めを～),つぶる (めを～),閉上眼睛,JLPT_1 JLPT,ndE`WwYDbY
壷,つぼ,罐子，鍋，花瓶,JLPT_1 JLPT,C3S8JvZPeU
蕾,つぼみ,芽，花蕾,JLPT_1 JLPT,"QMJ,;+-HP?"
連なる,つらなる,延伸，伸展，連續站立,JLPT_1 JLPT,mp~Cp%LGWd
貫く,つらぬく,經歷,JLPT_1 JLPT,j32^3)_a~A
連ねる,つらねる,鏈接，加入，結合在一起,JLPT_1 JLPT,"f,+4Zn,xV["
釣り鐘,つりがね,寺廟鐘（罷工）,JLPT_1 JLPT,NCQt3~fkfu
吊り革,つりかわ,帶子,JLPT_1 JLPT,djH0o!(*c9
手当,てあて,津貼，賠償；治療,JLPT_1 JLPT,"re,MYOrC&P"
定義,ていぎ,定義,JLPT_1 JLPT,Ju;[Z@>(rL
提供,ていきょう,優惠，計劃贊助,JLPT_1 JLPT,nfoi|;u&u/
提携,ていけい,合作，合作，聯合業務,JLPT_1 JLPT,LK&~}-CW`X
体裁,ていさい,體面，風格，形式，外觀,JLPT_1 JLPT,Pn+88/;c&{
提示,ていじ,演示，展覽，建議，引用,JLPT_1 JLPT,"ghC1,HWr`q"
ティシュペーパー,ティシュペーパー,組織,JLPT_1 JLPT,E?F_x/Bz#;
定食,ていしょく,固定價格午餐，套餐，晚餐,JLPT_1 JLPT Intermediate_Japanese_Ln.13 Intermediate_Japanese,dh@a8noi3!
訂正,ていせい,更正，修訂,JLPT_1 JLPT,xK_nbbN*:9
停滞,ていたい,停滯，合作，擁塞，保留,JLPT_1 JLPT,IS{H3A{d1v
邸宅,ていたく,豪宅，居住,JLPT_1 JLPT,y<*6&i/ulR
定年,ていねん,退休年齡,JLPT_1 JLPT,L&j?pv3_Qz
堤防,ていぼう,銀行，威爾,JLPT_1 JLPT,vS/&|1=DC6
手遅れ,ておくれ,也（也是）；遲來的治療,JLPT_1 JLPT,nekju?5ubj
でかい,でかい,巨大的,JLPT_1 JLPT,Jx@s8-_D#U
手掛かり,てがかり,提示，線索，鑰匙,JLPT_1 JLPT,tv6_fmP+C^
手掛ける,てがける,處理，管理，合作,JLPT_1 JLPT,b`U6.}VMxH
手数,てかず,麻煩，勞動，處理,JLPT_1 JLPT,JN-JN1T)fO
手軽,てがる,簡單，簡單，便宜,JLPT_1 JLPT,O$[ge5&iL_
適応,てきおう,適應，住宿，合規,JLPT_1 JLPT,qk3tIV:T3#
適宜,てきぎ,適應性,JLPT_1 JLPT,jN;;V2!rB&
適性,てきせい,才能,JLPT_1 JLPT,piX3]-NbDU
できもの,できもの,沸騰，皮疹,JLPT_1 JLPT,O_GU07-J5^
手際,てぎわ,性能，技巧，機智,JLPT_1 JLPT,bEAk|h>/cN
出くわす,でくわす,碰巧見面，遇到,JLPT_1 JLPT,Q2(sjkHGlO
手順,てじゅん,過程，過程，協議,JLPT_1 JLPT Intermediate_Japanese_Ln.12 Intermediate_Japanese,c1%awvoN<G
手錠,てじょう,手銬，手銬,JLPT_1 JLPT,M]H9j1Gt/U
手数,てすう,麻煩，勞動，處理,JLPT_1 JLPT,f]Aus5bfMZ
デコレーション,デコレーション,裝飾,JLPT_1 JLPT,K-]Gk*htnp
手近,てぢか,附近，方便，熟悉,JLPT_1 JLPT,I~^!M@4Nmr
てっきり,てっきり,當然，毫無疑問,JLPT_1 JLPT,K?Vg%~I#2j
鉄鋼,てっこう,鐵和鋼,JLPT_1 JLPT,rVT@BH(A<O
デッサン,デッサン,粗糙的草圖（fre：dessin）,JLPT_1 JLPT,E=Z>y*~.3/
徹する,てっする,奉獻自己，相信,JLPT_1 JLPT,"vaiF^,!jUj"
てっぺん,てっぺん,頂部，峰會，頂點,JLPT_1 JLPT,e*DdFUG2(%
鉄棒,てつぼう,鐵桿，撬棍，水平酒吧（體操）,JLPT_1 JLPT,r<o!(5nPnk
出直し,でなおし,調整，修飾,JLPT_1 JLPT,PF+k$MO93w
掌,てのひら,手掌,JLPT_1 JLPT,D(Up6FVIZ(
手配,てはい,安排，搜索（警方）,JLPT_1 JLPT,J>A}Co`l`L
手筈,てはず,安排，計劃，計劃,JLPT_1 JLPT,O--?RK?-XP
手引,てびき,指南，指南，介紹,JLPT_1 JLPT,J{/gJ9FsV[
手本,てほん,模型，模式,JLPT_1 JLPT,"t|h[1W,pPs"
手回し,てまわし,準備工作，安排,JLPT_1 JLPT,dy-/j^Gui]
手元,てもと,（金錢）手頭或家裡的錢包；通常的技能,JLPT_1 JLPT,tu&}1&?g%w
デモンストレーション,デモンストレーション,示範,JLPT_1 JLPT,I55gT%~:[j
照り返す,てりかえす,反思，向後扔光,JLPT_1 JLPT,kIkT2-(*J3
テレックス,テレックス,電視節目交易所電視,JLPT_1 JLPT,v1+D>d&5H.
手分け,てわけ,勞工司,JLPT_1 JLPT,m#VeALIb8e
天,てん,天堂，天空,JLPT_1 JLPT,NGMN.ktbZT
田園,でんえん,國家，農村地區,JLPT_1 JLPT,u^Yf4=SXt+
天下,てんか,世界，整個國家,JLPT_1 JLPT,c`j(?T6s|2
転回,てんかい,革命，旋轉,JLPT_1 JLPT,CdUnq5y&]D
連休,れんきゅう,連續假期,JLPT_1 JLPT,v&B%&=.umW
レンジ,レンジ,範圍，爐子,JLPT_1 JLPT,"jL!E`UXR^,"
連日,れんじつ,每天,JLPT_1 JLPT,CSkupzR%yX
連帯,れんたい,團結,JLPT_1 JLPT,d+1viQ!EW$
レンタカー,レンタカー,租車,JLPT_1 JLPT,LHb}$Ksd`G
連中,れんちゅう,同事，公司，很多,JLPT_1 JLPT,fcpKtyDAP?
レントゲン,レントゲン,X射線（點亮：Roentgen）,JLPT_1 JLPT,GHk0mkE1#{
連邦,れんぽう,聯邦，國家聯合會,JLPT_1 JLPT,xfk/&QS*u}
連盟,れんめい,聯盟，工會，聯盟,JLPT_1 JLPT,rV)jw]&6Ih
老衰,ろうすい,衰老，老年衰變,JLPT_1 JLPT,w1ZJJ7QWeX
朗読,ろうどく,大聲朗讀，朗誦,JLPT_1 JLPT,El2iMtJ(Sl
浪費,ろうひ,廢物，奢侈,JLPT_1 JLPT,u{Vu7w)%?(
労力,ろうりょく,勞動，努力，麻煩,JLPT_1 JLPT,qiD=dg1#y~
ロープウエイ,ロープウエイ,繩索，天線電車,JLPT_1 JLPT,pKV@$<+q~Q
ロープ,ロープ,繩索,JLPT_1 JLPT,uDO_!v|0Dd
ろくな,ろくな,令人滿意，體面,JLPT_1 JLPT,s_@NG</ZI-
露骨,ろこつ,鈍，直言不諱；明顯廣泛，暗示性,JLPT_1 JLPT,okKA1R-|_f
ロマンチック,ロマンチック,浪漫的,JLPT_1 JLPT,M?mRP8})iJ
論議,ろんぎ,討論,JLPT_1 JLPT,c_VVnx7{Qw
論理,ろんり,邏輯,JLPT_1 JLPT,L6>bmEs.Go
惑星,わくせい,行星,JLPT_1 JLPT,i(EF_1YXl@
技,わざ,藝術，技術,JLPT_1 JLPT,BM:PE.Zf/W
わざわざ,わざわざ,遇到麻煩（要做），特別是做某事而不是偶然,JLPT_1 JLPT Intermediate_Japanese_Ln.9 Intermediate_Japanese,t+s8u__g5@
煩わしい,わずらわしい,繁重，麻煩，複雜,JLPT_1 JLPT Intermediate_Japanese_Ln.15 Intermediate_Japanese,d%nLdUaXBB
渡り鳥,わたりどり,候鳥，通道,JLPT_1 JLPT,OW4.0`K.za
ワット,ワット,瓦,JLPT_1 JLPT,Cl9:c$w_K0
詫び,わび,道歉,JLPT_1 JLPT,AUUCTG`g4{
和文,わぶん,日語文字，日語句子,JLPT_1 JLPT,hA!eAFwp%C
藁,わら,稻草,JLPT_1 JLPT,IT5]>S[<%w
～割,～わり,〜％,JLPT_1 JLPT,lrri&x/?!~
割当,わりあて,分配，分配，配額,JLPT_1 JLPT,IlKj$LsL25
割込む,わりこむ,切入，打擾,JLPT_1 JLPT,"ItKL,F,rvP"
悪者,わるもの,壞傢伙，Rascal,JLPT_1 JLPT,zqrlJ[/)nS
我,われ,我，自己，自我，自我,JLPT_1 JLPT,Cj(Z-pN+6@
捗る,はかどる,取得進步，向前邁進（通過工作），進步,JLPT_1 JLPT,LcVyrW<_Ko
はかない,はかない,短暫的，暫時的，短暫的,JLPT_1 JLPT,wqukd{`F!4
ばかばかしい,ばかばかしい,愚蠢的,JLPT_1 JLPT,PG3w`deiE$
破棄,はき,撤銷，廢止，破裂（例如，條約）,JLPT_1 JLPT,bm7xC^8X(_
剥ぐ,はぐ,撕下，剝離，撕下,JLPT_1 JLPT,D@e1MI=??R
迫害,はくがい,迫害,JLPT_1 JLPT,ApZ+iCu%0a
薄弱,はくじゃく,虛弱，弱點，弱,JLPT_1 JLPT,f:hfy$ygWT
白状,はくじょう,認罪,JLPT_1 JLPT,J/Jj0`N>b{
漠然,ばくぜん,晦澀，模糊，模棱兩可,JLPT_1 JLPT,z<3ukk)iX!
爆弾,ばくだん,炸彈,JLPT_1 JLPT,qYU+(QByX-
爆破,ばくは,爆炸，爆炸，炸毀,JLPT_1 JLPT,"m),XrBltSD"
暴露,ばくろ,披露，暴露，啟示,JLPT_1 JLPT,i/U;Q_t$DD
励ます,はげます,鼓勵，加油，提高（聲音）,JLPT_1 JLPT Intermediate_Japanese_Ln.13 Intermediate_Japanese,Ov]Au<DThv
励む,はげむ,熱心，努力,JLPT_1 JLPT,eRMmv1gB8h
剥げる,はげる,要脫落，磨損，褪色，變色,JLPT_1 JLPT,m#-VcH[ruD
化ける,ばける,偽裝，以,JLPT_1 JLPT,"zsj~iuc<,S"
派遣,はけん,調度，發送,JLPT_1 JLPT,xZEi_Ueutn
恥,はじ,恥辱，尷尬,JLPT_1 JLPT,H_9U]_^tqP
弾く,はじく,彈奏（鋼琴，吉他）,JLPT_1 JLPT,p02dcV&o1#
パジャマ,パジャマ,睡衣,JLPT_1 JLPT,Ipo@;IW-Nr
恥じらう,はじらう,感到害羞，害羞，臉紅,JLPT_1 JLPT,"D}9,{%uTed"
恥じる,はじる,感到ham愧,JLPT_1 JLPT,p`-?T7SXQx
橋渡し,はしわたし,橋樑建築”，調解,JLPT_1 JLPT,l%|j(`9GzE
弾む,はずむ,彈跳，被鼓勵，揮霍,JLPT_1 JLPT,jr]t()sL{)
破損,はそん,損害,JLPT_1 JLPT,AcKSLKW:yW
叩く,はたく,打擊，拍手，灰塵，擊敗,JLPT_1 JLPT,"dWYi~RDgh,"
裸足,はだし,赤腳,JLPT_1 JLPT,"po~Uf#TR,"
果たす,はたす,完成，實現，執行，實現,JLPT_1 JLPT,"DK+O{$,$^%"
蜂蜜,はちみつ,蜂蜜,JLPT_1 JLPT,t2`Wi>Wvpr
パチンコ,パチンコ,Pachinko（日本彈球）,JLPT_1 JLPT,"N,S-[g<N~X"
罰,ばつ,懲罰，處罰,JLPT_1 JLPT,pak.tgGX7x
発育,はついく,（身體）成長，發展,JLPT_1 JLPT,r)!<G?/hIO
発芽,はつが,發芽,JLPT_1 JLPT,odw.?IsV+e
発掘,はっくつ,發掘，發掘；發現（例如，新人才）,JLPT_1 JLPT,EM>uH;4cf/
発言,はつげん,話語，言語，提議,JLPT_1 JLPT,LH_cLO;>A#
バッジ,バッジ,徽章,JLPT_1 JLPT,yC^3FORnX|
発生,はっせい,爆發，出發，發生,JLPT_1 JLPT,[~75YIE]^
仕立てる,したてる,量身定制，做準備,JLPT_1 JLPT,c;3A;W&iox
下取り,したどり,交易，部分交換,JLPT_1 JLPT,x00~X}Z@;z
下火,したび,低燃燒，逐漸減弱，下降,JLPT_1 JLPT,GXttEHji#P
実,じつ,水果，良好的結果,JLPT_1 JLPT,"O,>]AbA1/T"
実家,じっか,（一個父母的家）,JLPT_1 JLPT,m9e#UdET8v
失格,しっかく,取消資格，淘汰，喪失能力（法律）,JLPT_1 JLPT,h!}VE0Z-kV
質疑,しつぎ,問題,JLPT_1 JLPT,Mk?<?~7ejy
失脚,しっきゃく,失去站立，被推翻，跌倒,JLPT_1 JLPT,dyF+u*87v/
実業家,じつぎょうか,工業家，商人,JLPT_1 JLPT,j8A-]Sd~|q
シック,シック,時尚,JLPT_1 JLPT,b].GYST!sM
じっくり,じっくり,故意，小心,JLPT_1 JLPT,OuD=.N_4bL
躾,しつけ,學科，培訓,JLPT_1 JLPT,p&pKDPj+ET
躾ける,しつける,紀律，教禮節,JLPT_1 JLPT,M=EeDC2V^e
実践,じっせん,練習，付諸實踐,JLPT_1 JLPT,lCEkku)Adc
質素,しっそ,簡單，謙虛，節儉,JLPT_1 JLPT,Lg&>>9*&@$
実態,じったい,真相，事實,JLPT_1 JLPT,r05!(zrd*p
失調,しっちょう,缺乏和諧，失衡,JLPT_1 JLPT,wL|Xhp<^m}
嫉妬,しっと,妒忌,JLPT_1 JLPT,"II[T1j,nrR"
実費,じっぴ,實際費用，成本價格,JLPT_1 JLPT,"Brcf8cxL,]"
指摘,してき,指出，身份證明,JLPT_1 JLPT,0XMUSx1~^
自転,じてん,旋轉，旋轉,JLPT_1 JLPT,eZnBlzL^Oi
助動詞,じょどうし,輔助動詞,JLPT_1 JLPT,MGBzC/KjZ/
淑やか,しとやか,優美,JLPT_1 JLPT,cs-RRQGVDP
萎びる,しなびる,要枯萎，褪色,JLPT_1 JLPT,n39PUN5yKB
シナリオ,シナリオ,設想,JLPT_1 JLPT,mcEC.#phJ/
しなやか,しなやか,柔軟，靈活，彈性,JLPT_1 JLPT,"llcgEUgd,}"
屎尿,しにょう,人類廢物,JLPT_1 JLPT,L{NJwSJvE1
地主,じぬし,房東,JLPT_1 JLPT,P7lP?kfIYU
凌ぐ,しのぐ,超越，超越；忍受,JLPT_1 JLPT,G74MSKaZvn
芝,しば,草地,JLPT_1 JLPT,M1OofFOiDR
始発,しはつ,第一列火車,JLPT_1 JLPT,b5g^3snh;^
耳鼻科,じびか,耳鼻喉科,JLPT_1 JLPT,M#I&@5u]tl
私物,しぶつ,私有財產，個人影響,JLPT_1 JLPT,vg>TaiCbc?
しぶとい,しぶとい,頑強，固執,JLPT_1 JLPT,mEFQwL`E!]
司法,しほう,司法管理,JLPT_1 JLPT,^h2%#WFiG
始末,しまつ,處理;之後清理,JLPT_1 JLPT,xVDH)/d;?h
染みる,しみる,浸泡；刺穿,JLPT_1 JLPT,uv-Quw{L2O
使命,しめい,任務，差事，消息,JLPT_1 JLPT,G+Vq)M-:^P
地元,じもと,當地的,JLPT_1 JLPT,v:38b>tQ|E
視野,しや,視野，前景,JLPT_1 JLPT,MXdrD7jy4!
弱,じゃく,精緻，柔軟,JLPT_1 JLPT,nRYFcY_m8}
社交,しゃこう,社交生活,JLPT_1 JLPT,vg:~]#q8^J
ジャズ,ジャズ,爵士樂,JLPT_1 JLPT,A5m[%vwV8S
謝絶,しゃぜつ,拒絕,JLPT_1 JLPT,MBe{>RfT0i
社宅,しゃたく,公司擁有的房屋,JLPT_1 JLPT,DbP-W*D~|w
若干,じゃっかん,有些，很少的數量,JLPT_1 JLPT,Q(Uny@e~8I
三味線,しゃみせん,三弦的日本吉他,JLPT_1 JLPT,s_z^^gPG!F
斜面,しゃめん,坡度，傾斜表面，斜角,JLPT_1 JLPT,x+=N.j3d7a
砂利,じゃり,礫石，鎮流器，鵝卵石,JLPT_1 JLPT,ATQMr:.4bz
洒落る,しゃれる,開玩笑，玩單詞；時髦的,JLPT_1 JLPT,H%!QFip;AM
ジャンパー,ジャンパー,夾克，跳線,JLPT_1 JLPT,"n,_jvSzMfG"
ジャンプ,ジャンプ,跳,JLPT_1 JLPT,pw$gcH64r%
ジャンボ,ジャンボ,巨型,JLPT_1 JLPT,uk]{9`9Xq{
ジャンル,ジャンル,類型,JLPT_1 JLPT,c5niOf<?L8
主,しゅ,所有者，主人，上帝,JLPT_1 JLPT,tZY2oe0@.s
種,しゅ,種子;種類,JLPT_1 JLPT,rY$n|JRb)Y
私有,しゆう,私有所​​有權,JLPT_1 JLPT,jZOSWJzMsO
～宗,～しゅう,教派,JLPT_1 JLPT,cpa^uYdTpm
収益,しゅうえき,收入，收益，收益,JLPT_1 JLPT,u?TiI-~;B#
修学,しゅうがく,學習,JLPT_1 JLPT,bPtmF5tna#
周期,しゅうき,週期，時期,JLPT_1 JLPT,CsG?_1Ru~6
衆議院,しゅうぎいん,下議院，眾議院,JLPT_1 JLPT,tTQG>y9]$G
就業,しゅうぎょう,就業，開始工作,JLPT_1 JLPT,cF>5iCVH#I
従業員,じゅうぎょういん,員工，工人,JLPT_1 JLPT,e0Gyloi?1+
集計,しゅうけい,總體化，匯總,JLPT_1 JLPT,s4<5~0hL>(
襲撃,しゅうげき,攻擊，衝鋒，突襲,JLPT_1 JLPT,ogO5j2R_;R
収支,しゅうし,收入和支出,JLPT_1 JLPT,kLuRkT404Z
終始,しゅうし,從頭到尾；一致（ly）,JLPT_1 JLPT,b9XF3_Vc&-
修士,しゅうし,碩士學位課程,JLPT_1 JLPT,eySOZRKm#K
従事,じゅうじ,參與，追隨，關注,JLPT_1 JLPT,kZT/egI[mV
終日,しゅうじつ,整天,JLPT_1 JLPT,AR^6lmvOwg
充実,じゅうじつ,豐滿，完美,JLPT_1 JLPT,tGa!Bufhy/
収集,しゅうしゅう,收集，收集,JLPT_1 JLPT,"g+wGkM,J!."
十字路,じゅうじろ,十字路口,JLPT_1 JLPT,M-P484f.3r
執着,しゅうじゃく,依戀，粘附，堅韌,JLPT_1 JLPT,u`m`$IGAEz
執着,しゅうちゃく,依戀，粘附，堅韌,JLPT_1 JLPT,k5L#!.1c@y
柔軟,じゅうなん,靈活的,JLPT_1 JLPT,o$JEWneOMf
重複,じゅうふく,重複，重複，重疊,JLPT_1 JLPT,xsR4^tk;%3
収容,しゅうよう,住宿;座位；保管,JLPT_1 JLPT,e@q$+H3N_E
従来,じゅうらい,到目前為止，傳統,JLPT_1 JLPT,m&r$7kIG&x
守衛,しゅえい,保安人員，門衛,JLPT_1 JLPT,e^0%h@~lt8
主演,しゅえん,主演，扮演領先的角色,JLPT_1 JLPT,n]D<c|Caow
主観,しゅかん,主觀性，主題，自我,JLPT_1 JLPT,lW5DbL!{A5
修行,しゅぎょう,追求知識，培訓，禁慾實踐,JLPT_1 JLPT,KirESaOr*_
塾,じゅく,課後（Cram）學校,JLPT Intermediate_Japanese JLPT_1 Intermediate_Japanese_Ln.5 Genki_Ln.22 Genki,r6*vU;-fx(
祝賀,しゅくが,慶祝，恭喜,JLPT_1 JLPT,wRzD+</l;5
宿命,しゅくめい,命運，命運，預定,JLPT_1 JLPT,BFNKk^{M1j
手芸,しゅげい,手工藝品,JLPT_1 JLPT,QuReZ-t?cb
主権,しゅけん,主權,JLPT_1 JLPT,bc]8:XVC+v
主催,しゅさい,組織，贊助，主持,JLPT_1 JLPT,Az?/+|wSuL
取材,しゅざい,覆蓋範圍，收集數據,JLPT_1 JLPT,ALv+C0}[Uy
趣旨,しゅし,對象，含義,JLPT_1 JLPT,r#aoMGQ7ru
種々,しゅじゅ,種類,JLPT_1 JLPT,L$zP;w1Dds
主食,しゅしょく,主食,JLPT_1 JLPT,Ff{n(i0=[l
主人公,しゅじんこう,主角,JLPT_1 JLPT,Ci-hQYEll
主体,しゅたい,主題，主要成分,JLPT_1 JLPT,"wk,7:5Ulq:"
主題,しゅだい,主題，主題，主題,JLPT_1 JLPT,t4<KTH8w{.
出演,しゅつえん,領先的表演者，舞台外觀,JLPT_1 JLPT,B>+JLE{F%w
出血,しゅっけつ,流血,JLPT_1 JLPT,jt7Tvjw[T<
出現,しゅつげん,外觀，到達,JLPT_1 JLPT,et$R3oC-m[
出産,しゅっさん,分娩,JLPT_1 Intermediate_Japanese_Ln.14 JLPT Intermediate_Japanese,CT4;+h>Ai7
出社,しゅっしゃ,上班,JLPT_1 JLPT,Gd$MA{t_:M
出生,しゅっしょう,出生,JLPT_1 JLPT,CwJVE%al3B
出生,しゅっせい,出生,JLPT_1 JLPT,cV$*)i2b6%
微量,びりょう,小額量，數量極少,JLPT_1 JLPT,Ix21c!hl+{
昼飯,ひるめし,午餐（午飯）,JLPT_1 JLPT,B4a{kV3{l&
比例,ひれい,部分,JLPT_1 JLPT,u^9gz.!&Uk
疲労,ひろう,疲勞，疲倦,JLPT_1 JLPT,m.KXL51O8=
敏感,びんかん,感性，敏感性，敏感（TO）,JLPT_1 JLPT,i]}jt3Q.(f
貧困,ひんこん,貧窮，缺乏,JLPT_1 JLPT,xy9G9E{K5M
品質,ひんしつ,品質,JLPT_1 JLPT,v)0nMB=(Mu
貧弱,ひんじゃく,貧窮，微不足道，無能為力,JLPT_1 JLPT,"AT#enW$Yd,"
品種,ひんしゅ,品種，類型，品種,JLPT_1 JLPT,K%9{]!|f1(
ヒント,ヒント,暗示,JLPT_1 JLPT,l]_+v%b&%R
頻繁,ひんぱん,頻率,JLPT_1 JLPT,D{nW!<u7<*
貧乏,びんぼう,貧窮，貧窮，貧窮,JLPT_1 JLPT,KjBzaYHZW.
ファイト,ファイト,鬥爭,JLPT_1 JLPT,"C?{V+<,&x0"
ファイル,ファイル,文件;文件夾,JLPT_1 Genki_Ln.16 JLPT Genki,srC<dgokBJ
ファン,ファン,扇子,JLPT_1 JLPT,hsy0ORScG&
不意,ふい,突然，突然，出乎意料,JLPT_1 JLPT,xgYlO*O}d~
フィルタ,フィルタ,篩選,JLPT_1 JLPT,jmKbIb6QcW
封,ふう,海豹,JLPT_1 JLPT,iHGcq7T#S>
封鎖,ふうさ,封鎖，凍結（資金）,JLPT_1 JLPT,Ae_x+Wt0^{
風車,ふうしゃ,風車,JLPT_1 JLPT,m${YvIujFj
風習,ふうしゅう,風俗,JLPT_1 JLPT,IfkXX^HH}1
風俗,ふうぞく,舉止，習俗；性愛行業,JLPT_1 JLPT,e3n120S&QB
ブーツ,ブーツ,靴子,JLPT_1 JLPT,Nihzy$?;~s
風土,ふうど,自然特徵，氣候,JLPT_1 JLPT,B(IXgyGNd~
ブーム,ブーム,繁榮,JLPT_1 JLPT,FMQ@X9![T+
フォーム,フォーム,泡沫;形式,JLPT_1 JLPT,N.>_aoM)4S
部下,ぶか,一個人的下屬,JLPT Intermediate_Japanese JLPT_1 Intermediate_Japanese_Ln.9 Genki_Ln.22 Genki,At:l-rSeL9
不可欠,ふかけつ,必不可少的，必不可少的,JLPT_1 JLPT,$D>BzY&Eq
ぶかぶか,ぶかぶか,太大，寬鬆,JLPT_1 JLPT,M4TQ1zs9*D
不吉,ふきつ,不祥的，險惡，運氣不好，病了,JLPT_1 JLPT,GG4guCQ>St
不況,ふきょう,經濟衰退，沮喪，低迷,JLPT_1 JLPT,NAxBuR@3>.
布巾,ふきん,菜布,JLPT_1 JLPT,P<Zf%&wJ!m
複合,ふくごう,複合，複雜,JLPT_1 JLPT,p=QT;iGf;n
福祉,ふくし,福利，幸福,JLPT_1 JLPT,b03!@u1#5V
覆面,ふくめん,面具，面紗，偽裝,JLPT_1 JLPT,QXg#lB9xS_
膨れる,ふくれる,膨脹（外出），膨脹，凸起,JLPT_1 JLPT,"Ie:O+1U,1j"
不景気,ふけいき,商業衰退，艱難時期，沮喪,JLPT_1 JLPT,"iNdMUnu]F,"
耽る,ふける,沉迷，放棄，被吸收,JLPT_1 JLPT,v[B)O.T7PD
老ける,ふける,年齡,JLPT_1 JLPT,QZ$)s`u+7V
富豪,ふごう,富人，百萬富翁,JLPT_1 JLPT,de)G:rS8ob
布告,ふこく,法令，宣言,JLPT_1 JLPT,m`EP77(8*G
ブザー,ブザー,蜂鳴器,JLPT_1 JLPT,C0kjm{<IuS
負債,ふさい,債務，負債,JLPT_1 JLPT,qG<ySRudYV
不在,ふざい,缺席,JLPT_1 JLPT,rCM+ktTr!?
ふさわしい,ふさわしい,合適的,JLPT_1 JLPT,j1c*Q9d`L}
不順,ふじゅん,不規則，不合理,JLPT_1 JLPT,kwTZda>KFz
負傷,ふしょう,受傷，傷口,JLPT_1 JLPT,o+oZbWGZ`o
侮辱,ぶじょく,侮辱，蔑視，輕微,JLPT_1 JLPT,g>J&PTIuaT
不審,ふしん,可疑，懷疑，不忠,JLPT_1 JLPT,jmIlRt&BUg
不振,ふしん,沉悶，沮喪，停滯,JLPT_1 JLPT,G]_~>elSdu
武装,ぶそう,武器，武器，武裝,JLPT_1 JLPT,JTlLA8kPQ$
札,ふだ,令牌，標籤；票，卡；魅力，護身符,JLPT_1 JLPT,P_/*Zy2*:b
負担,ふたん,負擔;加載,JLPT_1 Intermediate_Japanese_Ln.14 JLPT Intermediate_Japanese,Gta/;X`Z+t
不調,ふちょう,狀況不佳，混亂，低迷,JLPT_1 JLPT,j!ymTpYo|(
復活,ふっかつ,復興（例如音樂劇），修復,JLPT_1 JLPT,Hga}Pqjl1G
物議,ぶつぎ,公眾討論（批評）,JLPT_1 JLPT,E>jQlZ<@Gi
復旧,ふっきゅう,恢復，恢復原狀，康復,JLPT_1 JLPT,v+skQS.kck
復興,ふっこう,復興，文藝復興，重建,JLPT_1 JLPT,DSf6z@!#o3
物資,ぶっし,商品，材料,JLPT_1 JLPT,wx*<XPsco8
仏像,ぶつぞう,佛教圖像（雕像）,JLPT_1 JLPT,oCnal+d5Dm
物体,ぶったい,目的,JLPT_1 JLPT,vQK(_s<&_e
沸騰,ふっとう,沸騰，沸騰,JLPT_1 JLPT,K!6nK8uJ5*
不当,ふとう,不公正，不當行為，不公平,JLPT_1 JLPT,"AB;-J~^I,j"
不動産,ふどうさん,房地產,JLPT_1 JLPT,Mv%siEq0S4
無難,ぶなん,安全，安全,JLPT_1 JLPT,L:*{h+[3Gh
赴任,ふにん,（繼續）新約會,JLPT_1 JLPT,oAb.`u!o*I
腐敗,ふはい,衰敗，墮落,JLPT_1 JLPT,M`8*mP*qtg
不評,ふひょう,聲譽不佳，恥辱，不受歡迎,JLPT_1 JLPT,uWKg6kq8N?
不服,ふふく,不滿，不滿，反對,JLPT_1 JLPT,efQHJ:1O+%
普遍,ふへん,普遍性，無處不在，無處不在,JLPT_1 JLPT,DU4nCA/=D7
踏まえる,ふまえる,基於，起源於,JLPT_1 JLPT,FbvWJQ2aYz
踏み込む,ふみこむ,進入（其他人的領土，闖入，突襲,JLPT_1 JLPT,KsQ]!/u$%%
不明,ふめい,未知，模棱兩可,JLPT_1 JLPT,c[|*N}]Ng.
部門,ぶもん,班級，小組，類別，部門，現場，分支機構,JLPT_1 JLPT,fW<r$/Xexi
扶養,ふよう,支持，維護,JLPT_1 JLPT,c&|r4tzL6g
ふらふら,ふらふら,腳不穩定，totter，頭暈,JLPT_1 JLPT,cGi)S~zu?F
ぶらぶら,ぶらぶら,懸掛著沉重的搖擺，搖擺，來回閒逛,JLPT_1 JLPT,"cSlQ|q,LD<"
振り返る,ふりかえる,轉彎，轉身，回頭看,JLPT_1 JLPT,i6Y*X-6gv)
振り出し,ふりだし,初始，起點，​​繪圖或發行（草案）,JLPT_1 JLPT,"A2?E7UEb&,"
不良,ふりょう,壞事，犯罪，失敗,JLPT_1 JLPT,APww5XImb>
浮力,ふりょく,浮力,JLPT_1 JLPT,DkFrZlvY6D
武力,ぶりょく,武裝，軍事力量，劍，武力,JLPT_1 JLPT,l$;!dayR0#
ブル,ブル,公牛,JLPT_1 JLPT,vCf7eeE})t
震わせる,ふるわせる,搖晃，發抖,JLPT_1 JLPT,j:m!@?JEXR
無礼,ぶれい,不禮貌，粗魯,JLPT_1 JLPT,hx5Ck[5*mQ
付録,ふろく,附錄，補充,JLPT_1 JLPT,z3>_<:;2Kw
フロント,フロント,正面,JLPT_1 JLPT,QB*(L<))Uf
憤慨,ふんがい,憤慨，怨恨,JLPT_1 JLPT,M|ckH|tS}_
文化財,ぶんかざい,文化資產，文化財產,JLPT_1 JLPT,GKrt{zi]?g
分業,ぶんぎょう,勞工部，專業，裝配線生產,JLPT_1 JLPT,BTtV3{+^[7
文語,ぶんご,書面語言，文學語言,JLPT_1 JLPT,O2yEclYZ/f
分散,ぶんさん,分散，權力下放，方差（統計）,JLPT_1 JLPT,w2^IG)[nB&
分子,ぶんし,分子分子,JLPT_1 JLPT,rK-5&@bZ0^
紛失,ふんしつ,失去一些東西,JLPT_1 JLPT,j5|sBvq.}8
噴出,ふんしゅつ,噴口，噴湧，噴口,JLPT_1 JLPT,D3z2#~XD*U
文書,ぶんしょ,文檔，寫作,JLPT_1 JLPT,bo]+8nZw?m
紛争,ふんそう,爭議，麻煩，衝突,JLPT_1 JLPT,OV3#PrQH78
ふんだん,ふんだん,豐富，豐富，奢華,JLPT_1 JLPT,MwIZm`m=c%
分担,ぶんたん,分配，分享,JLPT_1 JLPT,gy+k.s^o1O
奮闘,ふんとう,艱苦的鬥爭，艱苦的努力,JLPT_1 JLPT,L`X>(7GS~^
分配,ぶんぱい,分享，分享,JLPT_1 JLPT,r[[VI2iWnz
分母,ぶんぼ,分母,JLPT_1 JLPT,BM+H~/z91A
粉末,ふんまつ,細粉,JLPT_1 JLPT,O?vF%vQ*a#
分離,ぶんり,分離，脫離，隔離,JLPT_1 JLPT,u?^XP3ZSZ)
分裂,ぶんれつ,分裂，分裂，分手,JLPT_1 JLPT,FG95S7^tJT
ペア,ペア,一對，梨,JLPT_1 JLPT,k=Nb=9qw5N
兵器,へいき,武器，武器，條例,JLPT_1 JLPT,wAUL<0|lY_
閉口,へいこう,閉嘴,JLPT_1 JLPT,g74gm$0hDG
閉鎖,へいさ,關閉，關閉，關閉,JLPT_1 JLPT,m*Y:Rj#(nz
兵士,へいし,士兵,JLPT_1 JLPT,B3%=Tm.br`
平常,へいじょう,正常，通常,JLPT_1 JLPT,i$h--6kH#|
平方,へいほう,正方形（例如儀表，正方形）,JLPT_1 JLPT,pZOmk8w#A@
並列,へいれつ,佈置，平行，並排,JLPT_1 JLPT,QDMVtj-X)]
ベース,ベース,基礎，低音,JLPT_1 JLPT,m~Et>&CToA
辟易,へきえき,畏縮，縮小，屈服於，被嚇到,JLPT_1 JLPT,wo~f0ok]vp
ぺこぺこ,ぺこぺこ,小鹿，非常餓,JLPT_1 JLPT,F.Cz<ZL1y8
ベスト,ベスト,最好的;背心,JLPT_1 JLPT,kVQ_O=hpyu
ベストセラー,ベストセラー,暢銷書,JLPT_1 JLPT,"k[DIJ,exg`"
隔たる,へだたる,要遠處,JLPT_1 JLPT,b4BPS$[Q>/
縁,へり,邊緣,JLPT_1 JLPT,g}BbfTHa#|
へりくだる,へりくだる,貶低自己並讚美聽眾,JLPT_1 JLPT,fb3Sk}Zmt.
弁解,べんかい,解釋，理由，藉口,JLPT_1 JLPT,Eu*5BbIK^d
変革,へんかく,變革，改革,JLPT_1 JLPT,JH(PT>%qS{
返還,へんかん,返回，修復,JLPT_1 JLPT,F`|5A?wBp8
便宜,べんぎ,便利，住宿,JLPT_1 JLPT,uw9O+5v>m#
偏見,へんけん,偏見，狹窄的視野,JLPT_1 JLPT,H5~Io~/)~0
弁護,べんご,國防，懇求，倡導,JLPT_1 JLPT,rHoP07l#m/
返済,へんさい,還款,JLPT_1 JLPT,G.5i-maV%u
弁償,べんしょう,補償，賠償，報銷,JLPT_1 JLPT,H^-g_F:FjG
変遷,へんせん,變化，過渡，替代,JLPT_1 JLPT,qt*X5m;y07
返答,へんとう,回覆,JLPT_1 JLPT,A+kZ]*6U1q
変動,へんどう,變化，波動,JLPT_1 JLPT,"giBey3?e,4"
弁論,べんろん,討論，辯論，爭論,JLPT_1 JLPT,A=n2+Ps#LJ
穂,ほ,耳朵（植物），（植物的頭部）,JLPT_1 JLPT,c0##(*ojkQ
保育,ほいく,護理，養育，飼養,JLPT_1 JLPT,i3iCkIhG8y
ボイコット,ボイコット,聯合抵制,JLPT_1 JLPT,mR[e%~Ga7o
ポイント,ポイント,觀點,JLPT_1 JLPT,J#f7z)[.2}
法案,ほうあん,法案（法律）,JLPT_1 JLPT,G67]H`pE*(
防衛,ぼうえい,防禦，保護，自衛,JLPT_1 JLPT,D~[_4zhU{o
防火,ぼうか,消防，消防，防火,JLPT_1 JLPT,nk53s<H-ud
崩壊,ほうかい,崩潰，腐爛（物理），崩潰,JLPT_1 JLPT,"jGI8,H>%=u"
妨害,ぼうがい,干擾，阻塞，干擾,JLPT_1 JLPT,k0?pSKRG!b
法学,ほうがく,法律，法學,JLPT_1 JLPT,Mp|Wasr2Aa
封建,ほうけん,封建,JLPT_1 JLPT,I3}@<tlawU
豊作,ほうさく,豐收，豐收,JLPT_1 JLPT,DcQa/!NBRf
方策,ほうさく,計劃，政策,JLPT_1 JLPT,jAYb5%jhb
奉仕,ほうし,出勤，服務,JLPT_1 JLPT,jl!5Ew9{A&
方式,ほうしき,形式，方法，系統,JLPT_1 JLPT,JK5hiz`$ai
放射,ほうしゃ,輻射，發射,JLPT_1 JLPT,s&NZ<R!wMX
放射能,ほうしゃのう,放射性,JLPT_1 JLPT,gGVwqx%~R]
報酬,ほうしゅう,報酬，補償，獎勵,JLPT_1 JLPT,f3~#Hf{b;R
放出,ほうしゅつ,釋放，發射,JLPT_1 JLPT,sh*BL^`)[I
報じる,ほうじる,告知，報告,JLPT_1 JLPT,JFEJ]`)bZ8
報ずる,ほうずる,告知，報告,JLPT_1 JLPT,"KRvk3^-|,F"
紡績,ぼうせき,旋轉,JLPT_1 JLPT,c(WbBZ;AX4
呆然,ぼうぜん,笨拙，驚訝地克服了,JLPT_1 JLPT,"D,29%Cq6kO"
放置,ほうち,離開原樣，獨自離開，忽視,JLPT_1 JLPT,v(CYy#&;?A
膨張,ぼうちょう,擴展，腫脹，增加,JLPT_1 JLPT,yrEhMT2lD[
法廷,ほうてい,法庭,JLPT_1 JLPT,DT=sfW*:r&
報道,ほうどう,報導，報告,JLPT_1 JLPT,c6C5#ID_tl
冒頭,ぼうとう,開始，開始，啟動,JLPT_1 JLPT,j#7sz+T+0t
暴動,ぼうどう,起義，騷亂，起義,JLPT_1 JLPT,z>Vj=5Gt8G
褒美,ほうび,獎勵，獎品,JLPT_1 JLPT,p$ZOw#.2V@
暴風,ぼうふう,風暴，風暴，大風,JLPT_1 JLPT,G7m5?HCHEG
葬る,ほうむる,埋葬，吞噬,JLPT_1 JLPT,o:m}t1oj2f
放り込む,ほうりこむ,扔進去,JLPT_1 JLPT,eWW}rHT.ef
放り出す,ほうりだす,扔出去，放棄，放棄,JLPT_1 JLPT,x@6@j{vH4g
暴力,ぼうりょく,暴力,JLPT_1 JLPT,"bBwqHP,dIr"
飽和,ほうわ,飽和,JLPT_1 JLPT,e-F){8|6>q
ホース,ホース,軟管,JLPT_1 JLPT,mR5}X@MWM{
ポーズ,ポーズ,暫停,JLPT_1 JLPT,o2eqJ-PY$U
ホール,ホール,大廳;洞,JLPT_1 JLPT,g=V#H+1mJd
保温,ほおん,保留溫暖，保持熱量，熱絕緣,JLPT_1 JLPT,caxU`1c?H}
捕獲,ほかく,捕獲，癲癇發作,JLPT_1 JLPT,b>64#LmJ&_
保管,ほかん,保管，保管，存儲,JLPT_1 JLPT,dQ*M>yKiW}
補給,ほきゅう,供應，供應，補充,JLPT_1 JLPT,Dc(.H5{&b@
補強,ほきょう,加強,JLPT_1 JLPT,J3$|<dn.re
募金,ぼきん,籌款，資金收集,JLPT_1 JLPT,h)Vl=R>l^q
牧師,ぼくし,牧師，部長，牧師,JLPT_1 JLPT,pz`YHSooKr
捕鯨,ほげい,捕鯨,JLPT_1 JLPT,x$O*osSX;x
惚ける,ぼける,成長老年，褪色,JLPT_1 JLPT,q*FJd;okG=
保険,ほけん,保證，保證,JLPT_1 JLPT,Bet5?24idk
母校,ぼこう,母校,JLPT_1 JLPT,qX^1y@?`G[
母国,ぼこく,一個人的祖國（與自分の國（じぶんのくに）相同）,JLPT_1 JLPT Intermediate_Japanese_Ln.15 Intermediate_Japanese,bSW6]:G@H?
誇る,ほこる,誇耀，為,JLPT_1 JLPT,M-#?~#CKEe
綻びる,ほころびる,在接縫處分開，微笑,JLPT_1 JLPT,IzpFoG;o+q
干し～,ほし～,幹〜,JLPT_1 JLPT,is?TC|:$uN
ポジション,ポジション,位置,JLPT_1 JLPT,PnsJ9Y`/xy
干し物,ほしもの,乾洗（衣服,JLPT_1 JLPT,fiEpVY&=zT
保守,ほしゅ,保守，維護,JLPT_1 JLPT,HeA:gQu%kE
補充,ほじゅう,補充，補充，補充,JLPT_1 JLPT,ovQ+M7ILU)
補助,ほじょ,協助，支持，輔助,JLPT_1 JLPT,m?5D3_JP+}
舗装,ほそう,路面，道路表面,JLPT_1 JLPT,glr.;x9$x0
補足,ほそく,補充，補充,JLPT_1 JLPT,inE4~;vRlL
墓地,ぼち,公墓，墓地,JLPT_1 JLPT,nNMpx>zT&}
発作,ほっさ,適合，攻擊,JLPT_1 JLPT,J-l0g]=x_p
没収,ぼっしゅう,沒收,JLPT_1 JLPT,FTZs|u+c%T
発足,ほっそく,開始，就職典禮,JLPT_1 JLPT,zOAVt?|e(1
ポット,ポット,鍋,JLPT_1 JLPT,eLxlfyvQa!
ほっぺた,ほっぺた,臉頰,JLPT_1 JLPT,Jt@~gSztWD
ぼつぼつ,ぼつぼつ,逐漸在這里和那裡斑點,JLPT_1 JLPT,jz~OVH6f~Q
没落,ぼつらく,廢墟，跌倒，崩潰,JLPT_1 JLPT,qo9QqJE?e^
解ける,ほどける,取消紐帶，分開,JLPT_1 JLPT,DA{v}3+Lp$
施す,ほどこす,給予，進行，執行,JLPT_1 JLPT,gYMa.e[yq>
ほとり,ほとり,湖附近；河,JLPT_1 JLPT,h5B>a}=Y4~
ぼやく,ぼやく,抱怨，抱怨,JLPT_1 JLPT,DOH?PxBsC~
ぼやける,ぼやける,變得昏暗，變得模糊,JLPT_1 JLPT,"rB,1PHpB=G"
保養,ほよう,健康保存，康復，娛樂,JLPT_1 JLPT,Q#{ir6[3o?
捕虜,ほりょ,戰俘,JLPT_1 JLPT,qxd6jwjQC6
ボルト,ボルト,伏特;螺栓,JLPT_1 JLPT,FZLDQ~YD+C
滅びる,ほろびる,被毀，滅亡，被摧毀,JLPT_1 JLPT,"O_YU5EzmO,"
滅ぼす,ほろぼす,摧毀，推翻，毀滅,JLPT_1 JLPT,eOA1)SbQq#
本格,ほんかく,禮節，全尺度,JLPT_1 JLPT,DzD$oDSZg.
本館,ほんかん,主樓,JLPT_1 JLPT,rO)PGxv/$V
本気,ほんき,嚴肅，真理，神聖,JLPT_1 JLPT,m?pL_oxeK4
本国,ほんごく,一個人自己的國家,JLPT_1 JLPT,HviGkp(Y>O
本質,ほんしつ,本質，真實本質，現實,JLPT_1 JLPT,HQcPpLF4DH
本体,ほんたい,物質，身體，樹幹,JLPT_1 JLPT,"f]jl3TlH~,"
本音,ほんね,（一個人）真正的意圖，動機,JLPT_1 JLPT Intermediate_Japanese_Ln.15 Intermediate_Japanese,Li:D?QHH;~
本能,ほんのう,本能,JLPT_1 JLPT,LYsP`F`>Yc
本場,ほんば,家，最好的地方，真實的,JLPT_1 JLPT,L1wT%E>`J`
ポンプ,ポンプ,泵,JLPT_1 JLPT,iq>r8*xxvq
本文,ほんぶん,文字（文檔），正文（字母）,JLPT_1 JLPT,OPcHo]s_IF
本名,ほんみょう,真名,JLPT_1 JLPT,tgSVI-BSzp
マーク,マーク,標記,JLPT_1 JLPT,xSmh(Hx|6s
マイ～,マイ～,我的〜，一個人〜,JLPT_1 JLPT,M3C.y[*%DG
マイクロフォン,マイクロフォン,麥克風,JLPT_1 JLPT,"O(^,e1PC5c"
埋蔵,まいぞう,埋葬財產，寶藏,JLPT_1 JLPT,x=IBNay?qY
舞う,まう,跳舞，顫抖，旋轉,JLPT_1 JLPT,E~)$*yPg`;
真上,まうえ,就在上方，頭頂,JLPT_1 JLPT,d)IsOG^B=)
前売,まえうり,預訂，預訂,JLPT_1 JLPT,bq0PjYAHh(
前置き,まえおき,序言，簡介,JLPT_1 JLPT,w66ywP/&&4
任す,まかす,委託，離開一個人,JLPT_1 JLPT,p:ILhp([Gw
負かす,まかす,打敗,JLPT_1 JLPT,qi|Hx;t;6u
賄う,まかなう,給董事會，提供餐點，付款,JLPT_1 JLPT,z7=~3@j0#5
紛らわしい,まぎらわしい,令人困惑，誤導，模棱兩可,JLPT_1 JLPT,"h,2f1PppwU"
紛れる,まぎれる,被轉移，滑入,JLPT_1 JLPT,d#WX3KXSxZ
真心,まごころ,真誠，奉獻,JLPT_1 JLPT,D6e()w&]x>
まごつく,まごつく,感到困惑，被慌亂,JLPT_1 JLPT,f/~oJkW$x!
誠,まこと,真理，信仰，忠誠,JLPT_1 JLPT,t$vv<u=?i:
誠に,まことに,確實，真的（非常有禮貌），絕對,JLPT_1 JLPT Genki_Ln.20 Genki,P/8R*Tv!+F
まさしく,まさしく,毫無疑問，顯然是,JLPT_1 JLPT,zuz5Xe$DuA
勝る,まさる,擅長，超越，超越競爭對手,JLPT_1 JLPT,t<|1#xSX&T
～増し,～まし,〜增加,JLPT_1 JLPT,z5+QCF_t-U
交える,まじえる,混合，交流，交叉（劍）,JLPT_1 JLPT,B~3MEZXI+!
真下,ました,就在下面的下方,JLPT_1 JLPT,Iz;A7a]fD~
まして,まして,更重要的是，更少（使用neg。動詞），什麼也沒說,JLPT_1 JLPT,PY/0T[blt;
交わる,まじわる,交叉，相交，與,JLPT_1 JLPT,mS|?u$Z<><
麻酔,ますい,麻醉,JLPT_1 JLPT,"mw>M%F[]D,"
またがる (うまを～),またがる (うまを～),跨越,JLPT_1 JLPT,uN3HnTL61M
待ち合わせ,まちあわせ,預約,JLPT_1 JLPT,IyY!Ll1/sj
待ち遠しい,まちどおしい,期待,JLPT_1 JLPT,w+0{4=a9>3
待ち望む,まちのぞむ,焦急地尋找,JLPT_1 JLPT,CwJO9mIIMV
まちまち,まちまち,各種不同,JLPT_1 JLPT,Ddw`;bcVVc
末期,まっき,臨終，死亡小時,JLPT_1 JLPT,GQt+3/1&iv
真っ二つ,まっぷたつ,在兩個相等的部分,JLPT_1 JLPT,rhE|8rVnO$
まと,まと,標記，目標,JLPT_1 JLPT,Q*)wm/p9we
纏まり,まとまり,結論，解決，一致性,JLPT_1 JLPT,"z55#c:D.,?"
纏め,まとめ,定居，結論,JLPT_1 JLPT,oa&iF{vs})
免れる,まぬがれる,逃脫，被豁免,JLPT_1 JLPT,s%K15EwNfz
招き,まねき,邀請,JLPT_1 JLPT,yU~T`=>LDi
瞬き,まばたき,眨眼，閃爍（恆星），閃爍（光線）,JLPT_1 JLPT,P9XKDg!![C
麻痺,まひ,癱瘓，麻痺，麻木,JLPT_1 JLPT,"E,_FTp$2/<"
～まみれ,～まみれ,被（in）覆蓋,JLPT_1 JLPT,"sqX,LlH3-A"
眉,まゆ,眉,JLPT_1 JLPT,s]w/H=It~C
鞠,まり,球,JLPT_1 JLPT,L0Js7PDQey
丸ごと,まるごと,整體，全部,JLPT_1 JLPT,oAOL{@?a=y
まるっきり,まるっきり,完全，完美，好像,JLPT_1 JLPT,roz]qfa`JS
丸々,まるまる,完全地,JLPT_1 JLPT,eV$3aB(/)x
丸める,まるめる,圓，四捨五入，捲起,JLPT_1 JLPT,Nd=%r[H=>c
満月,まんげつ,滿月,JLPT_1 JLPT,dZR3ROGpT$
満場,まんじょう,一致，全部觀眾,JLPT_1 JLPT,ffiOG%*5K_
真ん前,まんまえ,就在鼻子下方,JLPT_1 JLPT,B[GBnZiI4Z
真ん丸い,まんまるい,完全圓形,JLPT_1 JLPT,F)+$.BY>]K
真ん円い,まんまるい,完美圓形,JLPT_1 JLPT,l73GW43&1I
～味,～み,〜鑄造（品味感）,JLPT_1 JLPT,JZMc!Ve6^U
見合い,みあい,正式婚姻採訪,JLPT_1 JLPT,dP:cnU(>Lf
見合わせる,みあわせる,交換眼鏡；推遲,JLPT_1 JLPT,o0gE$9N?58
見落とす,みおとす,忽略，沒注意到,JLPT_1 JLPT,pxrQq~WN~>
未開,みかい,野蠻的土地，落後地區，不文明,JLPT_1 JLPT,A5z6h|*?{|
味覚,みかく,味道，口感，味覺,JLPT_1 JLPT,lw?sswB?B?
幹,みき,（樹）樹幹,JLPT_1 JLPT,l4N|@LrpFp
見苦しい,みぐるしい,難看，醜陋,JLPT_1 JLPT,"zoS)q7/,pA"
見込み,みこみ,前景，期望，希望,JLPT_1 JLPT,AJ2+ju9lav
未婚,みこん,未婚,JLPT_1 JLPT,y~*KiMDApr
未熟,みじゅく,缺乏經驗，不熟練，不成熟,JLPT_1 JLPT,Mm``I-uL4c
微塵,みじん,粒子，原子,JLPT_1 JLPT,xr|L`N8dB@
水気,みずけ,水分，潮濕,JLPT_1 JLPT,"AAG,tXSTs&"
ミスプリント,ミスプリント,印刷錯誤,JLPT_1 JLPT,MN~t-y(9f/
みすぼらしい,みすぼらしい,破舊，泥濘,JLPT_1 JLPT,zZ?|#(.Ue2
ミセス,ミセス,太太。,JLPT_1 JLPT,FN(%bDaCYE
見せびらかす,みせびらかす,炫耀，炫耀,JLPT_1 JLPT,vp0up+%&~4
見せ物,みせもの,展覽，展覽,JLPT_1 JLPT,Cc24XA|;u.
溝,みぞ,溝渠，排水，排水溝，間隙,JLPT_1 JLPT,"k,R(3N{_j9"
満たす,みたす,為了滿足，結識，填補，實現,JLPT_1 JLPT,B44j~=|$C}
乱す,みだす,扔掉秩序，混亂，打擾,JLPT_1 JLPT,C%T3isV/48
乱れる,みだれる,感到困惑，無序，被打擾,JLPT_1 JLPT,KLJg{.X@t^
未知,みち,尚不清楚,JLPT_1 JLPT,LJ513rxoTO
身近,みぢか,靠近一個靠近一個熟悉的人,JLPT_1 JLPT,bkRa/9L=lh
導く,みちびく,被指導，要顯示,JLPT_1 JLPT,"A,UwJ4E[I_"
密集,みっしゅう,人群，近距離構造，密集,JLPT_1 JLPT,iiclZ|l}Fq
密接,みっせつ,連接，親密，親密,JLPT_1 JLPT,o{R4~BmT^x
密度,みつど,密度,JLPT_1 JLPT,t`MF+}P~d:
見積もり,みつもり,估計，引號,JLPT_1 JLPT,KD?@iY>SQH
未定,みてい,尚未固定，不確定，待處理,JLPT_1 JLPT,Q}7[YRL|?=
見通し,みとおし,透視，毫無開創的觀點，前景,JLPT_1 JLPT,hHCL?CdIG]
見なす,みなす,考慮到，考慮,JLPT_1 JLPT,E8w4wKW7Y]
源,みなもと,來源，原點,JLPT_1 JLPT,zO=gu0Zqs*
見習う,みならう,跟隨他人的例子,JLPT_1 JLPT,p&yDgKca2!
身なり,みなり,個人外觀,JLPT_1 JLPT,s|<m`9tUtv
峰,みね,山峰，山脊,JLPT_1 JLPT,wx-mVJq6fi
身の上,みのうえ,一個人的未來，一個人的福利，一個人的個人歷史,JLPT_1 JLPT,j-p$+}.^ac
見逃す,みのがす,錯過，忽視，整個,JLPT_1 JLPT,IsG@e1nb*B
身の回り,みのまわり,一個人的外表，個人物品,JLPT_1 JLPT,"[(&,B0kXN"
見計らう,みはからう,自行決定,JLPT_1 JLPT,"z8AN&Zq,!-"
見晴らし,みはらし,看法,JLPT_1 JLPT,h3a00LHX8h
身振り,みぶり,手勢,JLPT_1 JLPT Intermediate_Japanese Intermediate_Japanese_Ln.11,Lm.Fj=%/7a
脈,みゃく,脈衝,JLPT_1 JLPT,C|`|>zxQM+
ミュージック,ミュージック,音樂,JLPT_1 JLPT,t9mG6QGvsw
未練,みれん,揮之不去的感情，依戀，遺憾,JLPT_1 JLPT,B=cwZ~017_
見渡す,みわたす,查看調查（場景），以廣泛的了解,JLPT_1 JLPT,x&]mO6(]ee
民宿,みんしゅく,為遊客提供住宿和餐點的私人房屋,JLPT_1 JLPT Intermediate_Japanese_Ln.10 Intermediate_Japanese,yy/1y<3;Yk
民族,みんぞく,人，種族,JLPT_1 JLPT,p>p/|sT6Jg
民俗,みんぞく,民間習俗,JLPT_1 JLPT,M(tc2N/}z{
無意味,むいみ,胡說八道，沒有意義,JLPT_1 JLPT,B9C6%m[4lF
ムード,ムード,情緒,JLPT_1 JLPT,JZzdb{.Zc^
無口,むくち,沉默,JLPT_1 JLPT,z:Ts^0TQ4#
婿,むこ,女婿,JLPT_1 JLPT,bX1GlIQN8L
無効,むこう,無效，無效，無法使用,JLPT_1 JLPT,EqE:ixA-k+
無言,むごん,沉默,JLPT_1 JLPT,fZ{o?TF{7B
無邪気,むじゃき,純真，簡單,JLPT_1 JLPT,L)xB!4E<k?
むしる,むしる,採摘，挑選，撕裂,JLPT_1 JLPT,.d8S>K-=k
結び,むすび,結束，結論，聯盟,JLPT_1 JLPT,d{_<>*~x%J
結び付き,むすびつき,連接，關係,JLPT_1 JLPT,"O3KGVopE,2"
結び付く,むすびつく,要連接或相關，一起加入,JLPT_1 JLPT,EMFAQ1Kh)m
結び付ける,むすびつける,結合，連接，綁紮，與一個結連接,JLPT_1 JLPT,fRB2/x*X`A
無線,むせん,無線，收音機,JLPT_1 JLPT,y?)Jdm`O>c
無駄遣い,むだづかい,浪費錢，浪費金錢,JLPT_1 JLPT Genki_Ln.22 Genki,"O?A,`d=isH"
無断,むだん,未經許可，恕不另行通知,JLPT_1 JLPT,I$Ua7qpQZH
無知,むち,無知,JLPT_1 JLPT,g+^m*mx.<r
無茶,むちゃ,荒謬，不合理,JLPT_1 JLPT Intermediate_Japanese_Ln.12 Intermediate_Japanese,AEYrHxjg#f
無茶苦茶,むちゃくちゃ,困惑，混亂，混雜，不合理,JLPT_1 JLPT,KCqc4.UxPr
空しい,むなしい,空置，徒勞，徒勞,JLPT_1 JLPT,P|:1(IV_+~
無念,むねん,chagrin，後悔,JLPT_1 JLPT,b;piP^Vw+j
無能,むのう,效率低下，無能,JLPT_1 JLPT,izu(:0$`9@
無闇に,むやみに,不合理，荒謬，隨機,JLPT_1 JLPT,N)&c#LP7Bq
無用,むよう,毫無用處，不必要,JLPT_1 JLPT,"Oc`U#P0i,-"
斑,むら,不平衡，不一致，不規則性,JLPT_1 JLPT,ejP4z=)m?O
群がる,むらがる,蜂擁而至，聚集,JLPT_1 JLPT,vyc%)s7Efv
無論,むろん,當然，自然,JLPT_1 JLPT,I(9V_xrT80
名産,めいさん,著名的產品,JLPT_1 JLPT,KN>?5r|..h
名称,めいしょう,姓名,JLPT_1 JLPT,P!9gSFK*GV
命中,めいちゅう,熱門,JLPT_1 JLPT,Qq0/BP{lJ:
明白,めいはく,顯而易見，清晰,JLPT_1 JLPT,g|K4[<><hX
名簿,めいぼ,名稱註冊,JLPT_1 JLPT,xkhYhi]K-$
名誉,めいよ,榮譽，信用，聲望,JLPT_1 JLPT,PiLIi1%_ER
明瞭,めいりょう,明晰,JLPT_1 JLPT,"s[dks,f=+A"
明朗,めいろう,明亮，清晰，開朗,JLPT_1 JLPT,Kzdx<dR.%]
メーカー,メーカー,製造商,JLPT_1 JLPT,r)Eust:VuL
目方,めかた,重量,JLPT_1 JLPT,"unS}*nsB,_"
恵み,めぐみ,祝福,JLPT_1 JLPT,gdikXkV`X<
恵む,めぐむ,祝福，表達憐憫,JLPT_1 JLPT,u_D+Zdxyy/
目覚しい,めざましい,輝煌，出色,JLPT_1 JLPT,"z8UKuy,l`d"
目覚める,めざめる,醒來,JLPT_1 JLPT,~I1tdEiJ_
召す,めす,打電話，發送，穿上,JLPT_1 JLPT,K%!n2|&<A0
雌,めす,雌性（動物）,JLPT_1 JLPT,EW)C>Dc!w6
目付き,めつき,看，眼睛的表達，眼睛,JLPT_1 JLPT,MWZLbZ@^R+
滅亡,めつぼう,倒下，崩潰，破壞,JLPT_1 JLPT,"v,{^w}Wj5u"
メディア,メディア,媒體,JLPT_1 JLPT,A?+IR*&l/Z
目途,めど,目標，前景,JLPT_1 JLPT,iewKY)jVg]
目盛,めもり,比例，等級,JLPT_1 JLPT,"q0F+,vU3vc"
メロディー,メロディー,旋律,JLPT_1 JLPT,coHp=(F!o=
面会,めんかい,面試,JLPT_1 JLPT,QB;1.39?j>
免除,めんじょ,豁免，免責，出院,JLPT_1 JLPT,ro}g@BYFqK
面する,めんする,面對，看,JLPT_1 JLPT,oK/f+%co{~
面目,めんぼく,臉，榮譽，聲譽,JLPT_1 JLPT,xl=a%LW1Mr
面目,めんもく,臉，榮譽，聲譽,JLPT_1 JLPT,p4D(kkU&Ya
～網,～もう,〜網絡,JLPT_1 JLPT,"kks{,EwPh"
設ける,もうける,創建，建立,JLPT_1 JLPT,MQGAfGCn2s
申し入れる,もうしいれる,建議，建議,JLPT_1 JLPT,A!/~oWN34l
申込,もうしこみ,申請，請求，建議,JLPT_1 JLPT,iTX<OH$n{u
申出,もうしで,請求，要求，報告,JLPT_1 JLPT,"v,YJy~@#5$"
申し出る,もうしでる,向我報告建議,JLPT_1 JLPT,o$K|y3;=)!
申し分,もうしぶん,異議，缺點,JLPT_1 JLPT,GNY9])J3>&
盲点,もうてん,盲點,JLPT_1 JLPT,m.:>Z[agNy
猛烈,もうれつ,暴力，強烈，憤怒,JLPT_1 JLPT,yLUeQW5(ZA
モーテル,モーテル,汽車旅館,JLPT_1 JLPT,mg2c}$GoZg
もがく,もがく,掙扎，蠕動，不耐煩,JLPT_1 JLPT,C7rE2*5O^8
目録,もくろく,目錄，目錄，列表,JLPT_1 JLPT,uL+agcp`WN
目論見,もくろみ,計劃，計劃，意圖,JLPT_1 JLPT,c9iE`D<`%d
模型,もけい,模特，虛擬，馬奎特,JLPT_1 JLPT,ed!.{WEf4?
模索,もさく,摸索（用於）,JLPT_1 JLPT,"B4,c<+ikaa"
もしかして,もしかして,也許，可能,JLPT_1 JLPT,w5+%$rMA:M
もしくは,もしくは,或者，否則,JLPT_1 JLPT,f24/]y_t7c
もたらす,もたらす,帶來，接受，帶來,JLPT_1 JLPT,k=cp%Lr}Pw
持ち切り,もちきり,熱門話題，談論小鎮,JLPT_1 JLPT,Q~!SFE+j1*
目下,もっか,目前，現在,JLPT_1 JLPT,J1]`GmmTSp
専ら,もっぱら,完全，完全，完全,JLPT_1 JLPT,tu&L<v;Fqv
もてなす,もてなす,娛樂，歡迎,JLPT_1 JLPT,K@A<3)}2cZ
もてる,もてる,受歡迎，很受歡迎,JLPT_1 JLPT,K^XraA[CV!
モニター,モニター,（計算機）監視器,JLPT_1 JLPT,ztCrx#(s0[
物好き,ものずき,（閒置）好奇心,JLPT_1 JLPT,Rb?3(vt:f>
物足りない,ものたりない,不滿意，不滿意,JLPT_1 JLPT,KI9JcrBw_2
もはや,もはや,現在已經了,JLPT_1 JLPT,fZ`+BeK9z~
模範,もはん,模型，示例,JLPT_1 JLPT,Mau9*C?C72
模倣,もほう,模仿，複製,JLPT_1 JLPT,yUL<]q3$8n
もめる,もめる,不同意，爭議,JLPT_1 JLPT,v(j?vVE;el
股,もも,大腿，股骨,JLPT_1 JLPT,G_TQ_^K>(0
腿,もも,大腿，股骨,JLPT_1 JLPT,Fl0F`YIkpg
催す,もよおす,舉行（會議），給（晚餐）,JLPT_1 JLPT,qKmEag$Qr@
漏らす,もらす,讓洩漏，揭示,JLPT_1 JLPT,k!U%{2y7j|
盛り上がる,もりあがる,喚起，膨脹，上升,JLPT_1 JLPT,g[M=aCpEE[
漏る,もる,洩漏，用完,JLPT_1 JLPT,ke69%r#AD.
漏れる,もれる,洩漏，逃脫，過濾掉,JLPT_1 JLPT,f:|ir!hLeQ
脆い,もろい,脆弱，脆弱，溫柔,JLPT_1 JLPT,m7?rDT~~db
もろに,もろに,完全，完全，身體,JLPT_1 JLPT,K3fu7*E_vY
矢,や,箭,JLPT_1 JLPT,uA$qbca=&2
野外,やがい,田野，郊區，露天，郊區,JLPT_1 JLPT,"gD=,$2gpm|"
～薬,～やく,藥物,JLPT_1 JLPT,O.[e|Y6E?j
夜具,やぐ,寢具,JLPT_1 JLPT,EFUa$D)qGB
役職,やくしょく,職位，管理職位，官方職位,JLPT_1 JLPT,o1K=ON/OTS
役場,やくば,市政廳,JLPT_1 JLPT,g(k9.|^KSZ
やけに,やけに,當然，非常,JLPT_1 JLPT,tyF=qET&O!
屋敷,やしき,大廈,JLPT_1 JLPT,kyE@%cV[?g
養う,やしなう,向後，維持，耕種,JLPT_1 JLPT,neyyq^bU/c
野心,やしん,野心，志向,JLPT_1 JLPT,n<1rbhOoTc
安っぽい,やすっぽい,廉價的，雜草,JLPT_1 JLPT,q./Z7LJ%[7
休める,やすめる,休息，暫停，救濟,JLPT_1 JLPT,JqF3vGaVV
野生,やせい,荒野,JLPT_1 JLPT,Fy^pVCXg]$
奴,やつ,（vulg。）夥伴，蓋伊，小伙子,JLPT_1 JLPT,"zof3FA<N,u"
闇,やみ,黑暗，陰暗，非法,JLPT_1 JLPT,s|4s:5(PD;
病む,やむ,生病，生病,JLPT_1 JLPT,H5M2j-I:6B
ややこしい,ややこしい,令人困惑，糾結，複雜，複雜,JLPT_1 JLPT,ICemn<#!-X
やりとおす,やりとおす,進行，實現，完成,JLPT_1 JLPT,J/n?:UTJiF
やりとげる,やりとげる,完成,JLPT_1 JLPT,pEIG3P~OVf
和らげる,やわらげる,軟化，適度，緩解,JLPT_1 JLPT,kl6br!q.AY
ヤング,ヤング,年輕的,JLPT_1 JLPT,"gk{d%L,)K+"
～油,～ゆ,〜油,JLPT_1 JLPT,QcD#WpcqE6
優位,ゆうい,優勢，優勢，優越性,JLPT_1 JLPT,kt30`|;>Vo
憂鬱,ゆううつ,抑鬱，憂鬱,JLPT_1 JLPT,oT|*}x?p{D
有益,ゆうえき,有益，有利可圖,JLPT_1 JLPT,B/K9zqnWV+
優越,ゆうえつ,至高無上，優勢，優於,JLPT_1 JLPT,J@3^J2[Dqz
勇敢,ゆうかん,英勇，英雄主義，勇敢,JLPT_1 JLPT,ij|^m_ZF8l
夕暮れ,ゆうぐれ,晚上（晚上）暮光,JLPT_1 JLPT,xn0Tp1JH0v
融資,ゆうし,融資，貸款,JLPT_1 JLPT,G&m_H=N/D;
有する,ゆうする,擁有，被賦予,JLPT_1 JLPT,vkF;K$-{=^
優勢,ゆうせい,優越，優勢，優勢,JLPT_1 JLPT,L0nx>W(-e+
優先,ゆうせん,偏好，優先級,JLPT_1 JLPT,l)|YgL5_SN
誘導,ゆうどう,指導，領導，誘因,JLPT_1 JLPT,uG_U[CknG5
融通,ゆうずう,適應性，多功能性，財務,JLPT_1 JLPT,n>A>S2P-0$
優美,ゆうび,恩典，精緻，優雅,JLPT_1 JLPT,}Ap|`a2gY
有望,ゆうぼう,良好的前景，充滿希望，有希望,JLPT_1 JLPT,oFsPf~4K.z
遊牧,ゆうぼく,游牧,JLPT_1 JLPT,gJX#eMq!5y
夕焼け,ゆうやけ,日落,JLPT_1 JLPT,H_x[IPS7*X
有力,ゆうりょく,影響力，突出；有效,JLPT_1 JLPT,uhNbfXeT%o
幽霊,ゆうれい,幽靈，幽靈，幻影,JLPT_1 JLPT,d6/M)isa9B
誘惑,ゆうわく,誘惑，誘惑，誘餌,JLPT_1 JLPT,hy!Cy1YJLH
故,ゆえ,原因，原因，情況,JLPT_1 JLPT,h8UChh;E+0
歪む,ゆがむ,要彎曲，被歪曲，被扭曲,JLPT_1 JLPT,O/sWb*b+n=
揺さぶる,ゆさぶる,搖晃，震動，搖滾，擺動,JLPT_1 JLPT,o>L:}zi#N(
濯ぐ,ゆすぐ,沖洗，洗淨,JLPT_1 JLPT,z.SPsly;Tq
ゆとり,ゆとり,儲備，富裕，時間（備用時間）,JLPT_1 JLPT,NS_6$;R>$L
ユニーク,ユニーク,獨特的,JLPT_1 JLPT,E5Uv4)V5=f
ユニフォーム,ユニフォーム,制服,JLPT_1 JLPT,n$7/R&Ww((
指差す,ゆびさす,指向,JLPT_1 JLPT,AE`Cr+k?sb
弓,ゆみ,弓,JLPT_1 JLPT,mG05Jx(c4U
揺らぐ,ゆらぐ,擺動，搖擺，搖晃,JLPT_1 JLPT,zGZf|<JX8y
緩む,ゆるむ,放鬆，放鬆,JLPT_1 JLPT,m#?_Dh<o@V
緩める,ゆるめる,放鬆，放慢腳步,JLPT_1 JLPT,RfPhr}DF_M
緩やか,ゆるやか,寬容,JLPT_1 JLPT,"jM`-s,o~rY"
要因,よういん,主要因素，主要原因,JLPT_1 JLPT,"PDhRFT[0+,"
溶液,ようえき,解決方案,JLPT_1 JLPT,"r|,.l+IJQ{"
用件,ようけん,商業,JLPT_1 JLPT,C-)X0ioICv
養護,ようご,保護，護理，防護護理,JLPT_1 JLPT,N|{MY>0Lab
用紙,ようし,一種形式,JLPT_1 JLPT Intermediate_Japanese Intermediate_Japanese_Ln.3,bG0P/-5o6f
様式,ようしき,樣式，形式，圖案,JLPT_1 JLPT,xVY.ZL|vDW
要する,ようする,要求，需要，服用,JLPT_1 JLPT,P^j;$V:Pev
要請,ようせい,索賠，需求，請求，申請,JLPT_1 JLPT,"Dy@,)<4%*N"
様相,ようそう,方面,JLPT_1 JLPT,jpni?rjeGN
用品,ようひん,文章，供應，零件,JLPT_1 JLPT,M7dV_3mZ.d
洋風,ようふう,西方風格,JLPT_1 JLPT,tBk{]R??>Z
用法,ようほう,方向，使用規則,JLPT_1 JLPT,NFkcD+Ao.H
要望,ようぼう,需求，要求,JLPT_1 JLPT,B{KHwh(BxM
余暇,よか,休閒，休閒時間，業餘時間,JLPT_1 JLPT,u`/)9|k2cq
予感,よかん,臨時，預感,JLPT_1 JLPT,CdRj.vDXXz
余興,よきょう,側面表演，娛樂,JLPT_1 JLPT,se@{9}ijE~
預金,よきん,存款，銀行帳戶,JLPT_1 JLPT,AT=*3Iv8cw
欲,よく,貪婪，想要,JLPT_1 JLPT,wL1+)L#<Om
抑圧,よくあつ,克制，壓迫，壓制,JLPT_1 JLPT,b!*U/^@Y/m
浴室,よくしつ,浴室，洗澡,JLPT_1 JLPT,H)~?~hPVN<
抑制,よくせい,控制，克制，抑制,JLPT_1 JLPT,H)Ghd^1QF6
欲深い,よくふかい,貪婪的,JLPT_1 JLPT,e?a3SOn$}u
欲望,よくぼう,慾望，食慾,JLPT_1 JLPT Intermediate_Japanese_Ln.13 Intermediate_Japanese,o.og0WiUHF
避ける,よける,避免（與物理接觸；阻止，避免,JLPT_1 JLPT,w}V+UOhCI~
予言,よげん,預測，承諾，預後,JLPT_1 JLPT,H_Z4P-@?E;
横綱,よこづな,相撲大冠軍,JLPT_1 JLPT,P#D)i6dV;s
汚れ,よごれ,污垢，污垢,JLPT_1 JLPT,"jq?[h<.nx,"
よし (かん),よし (かん),好的！,JLPT_1 JLPT,u5UVAmt|+p
良し,よし,好的！,JLPT_1 JLPT,ze3SZ]}-(^
善し悪し,よしあし,好是壞，優點或缺點，質量,JLPT_1 JLPT,ub0?2]DZCo
余所見,よそみ,看著，看著,JLPT_1 JLPT,rQWf8.vXBd
余地,よち,地點，房間，邊距,JLPT_1 JLPT,cFUuXOAAN@
よって (よりどころ),よって (よりどころ),因此，因此,JLPT_1 JLPT,Jty=:!ShWn
与党,よとう,政府黨（統治）政府，政府,JLPT_1 JLPT,Pjs4V/6-Tk
呼び止める,よびとめる,向下標記,JLPT_1 Intermediate_Japanese_Ln.6 JLPT Intermediate_Japanese,oQ(`IiM1(t
夜更し,よふかし,熬夜，保持很晚,JLPT_1 JLPT,b2@Q&QWM~Z
夜更け,よふけ,深夜,JLPT_1 JLPT,EAa.IIVk2{
余程,よほど,非常，很大程度上,JLPT_1 JLPT,r:W.A5F_=m
読み上げる,よみあげる,大聲朗讀（清楚），打電話,JLPT_1 JLPT,c2W8@Ns@MB
～寄り,～より,接近〜（例如，北部向東）,JLPT_1 JLPT,AF4/UYB9T5
寄り掛かる,よりかかる,依靠，傾斜，傾斜，依靠，依靠,JLPT_1 JLPT,n>&m--dPQu
世論,よろん,輿論,JLPT_1 JLPT,gryKv+N</S
弱る,よわる,削弱，陷入困境，被衰減,JLPT_1 JLPT,K>FuuD!+>/
来場,らいじょう,出勤,JLPT_1 JLPT,o#f@&YbcYY
ライス,ライス,米,JLPT_1 JLPT,q#0OB)RX;*
酪農,らくのう,奶牛場,JLPT_1 JLPT,ym$h5c;ttT
落下,らっか,跌倒，下來,JLPT_1 JLPT,A7]wCr6wWL
楽観,らっかん,樂觀,JLPT_1 JLPT,k~>dbLQz-7
ランプ,ランプ,燈;坡道,JLPT_1 JLPT,C!7~*Q0J*S
濫用,らんよう,濫用，濫用，多餘,JLPT_1 JLPT,CFNU<F}Co&
リード,リード,帶領;蘆葦,JLPT_1 JLPT,f;Gy:Z95DB
理屈,りくつ,理論，原因,JLPT_1 JLPT,"Mh,Xn3W#yG"
利子,りし,利息（銀行）,JLPT_1 JLPT,AEJ.8_NM:H
利潤,りじゅん,利潤，回報,JLPT_1 JLPT,LuA(&F@>8^
理性,りせい,理性，感覺,JLPT_1 JLPT,hFk%V[}poF
利息,りそく,利息（銀行）,JLPT_1 JLPT,jiW}gvaFbu
立体,りったい,固體,JLPT_1 JLPT,c$*Ro:kj?0
立方,りっぽう,立方體,JLPT_1 JLPT,f~_S5!(=mz
立法,りっぽう,立法，立法,JLPT_1 JLPT,Ap&ba>BFUP
利点,りてん,優勢，贊成,JLPT_1 JLPT,tXy6bul-X8
略奪,りゃくだつ,搶劫，搶劫，搶劫,JLPT_1 JLPT,gDxp+5=#Xg
略語,りゃくご,縮寫，首字母縮寫,JLPT_1 JLPT,K>oKmQ]kga
流通,りゅうつう,貨幣或商品的發行，分配,JLPT_1 JLPT,H5O$EOa.I6
領域,りょういき,區域，地區，地區,JLPT_1 JLPT,HiA.[31{b|
了解,りょうかい,理解，同意，理解,JLPT_1 JLPT,kxhJ=)Od=Q
領海,りょうかい,領土,JLPT_1 JLPT,MB@]yC;xab
両極,りょうきょく,四肢，北極和南極,JLPT_1 JLPT,I]j83bI=8Q
良好,りょうこう,有利，令人滿意,JLPT_1 JLPT,d:q8$rI;Jz
良識,りょうしき,良好的感覺,JLPT_1 JLPT,g^(nW>D*vj
良質,りょうしつ,優質，卓越的質量,JLPT_1 JLPT,nVu=s-lEz|
了承,りょうしょう,致謝，理解,JLPT_1 JLPT,j]m*irzgE:
良心,りょうしん,良心,JLPT_1 JLPT,I#~pygL#h!
領地,りょうち,領土,JLPT_1 JLPT,y}6|eQ/0%E
領土,りょうど,領土，財產,JLPT_1 JLPT,xYhB+8`@i2
両立,りょうりつ,兼容性，共存，站在一起,JLPT_1 JLPT,p7by!eTW@3
旅客,りょかく,乘客,JLPT_1 JLPT,I8wSM=gOtR
旅券,りょけん,護照,JLPT_1 JLPT,u/udi_w#M!
履歴,りれき,個人歷史，背景，日誌,JLPT_1 JLPT,lgw@;Sby)x
理論,りろん,理論,JLPT_1 JLPT,Kkq/Vwo|)`
林業,りんぎょう,林業,JLPT_1 JLPT,l$qH?E<2YH
類,るい,善良，班級，家庭,JLPT_1 JLPT,o&+Ivn(%oO
類推,るいすい,類比,JLPT_1 JLPT,MG!~-T=}_S
類似,るいじ,類似,JLPT_1 JLPT,l=?07xJqV=
ルーズ,ルーズ,鬆動的,JLPT_1 JLPT,t;l^jLhRxc
冷酷,れいこく,殘酷，冷痛，無情,JLPT_1 JLPT,Gpei)G)?`V
冷蔵,れいぞう,冷藏,JLPT_1 JLPT,"IYaX-(,sbM"
冷淡,れいたん,冷靜，冷漠,JLPT_1 JLPT,Q5Ez[qRMa0
レース,レース,種族;蕾絲,JLPT_1 JLPT,kxs-fAUJum
レギュラー,レギュラー,常規的,JLPT_1 JLPT,"f@``;g,,Yd"
レッスン,レッスン,課,JLPT_1 JLPT,JfvUf_?9-:
レディー,レディー,女士,JLPT_1 JLPT,p!9sykDKO0
レバー,レバー,槓桿;肝,JLPT_1 JLPT,Ml*IZFZKKl
恋愛,れんあい,愛，浪漫,JLPT_1 JLPT,"g0Js_zq8,k"
バッテリー,バッテリー,電池,JLPT_1 JLPT,p?ZvzxPq%b
バット,バット,蝙蝠，增值稅,JLPT_1 JLPT,Q^}DTOnkl|
発病,はつびょう,攻擊，生病,JLPT_1 JLPT,BvVN^85[N;
初耳,はつみみ,第一次聽到的東西,JLPT_1 JLPT,DQ%JLcfuZZ
果て,はて,末端，肢體，極限,JLPT_1 JLPT,"b57,px8J*K"
果てる,はてる,結束，要完成，精疲力盡,JLPT_1 JLPT,"bAff*:bf*,"
ばてる,ばてる,精疲力盡，磨損,JLPT_1 JLPT,r>0SmD(F4h
パトカー,パトカー,巡邏車,JLPT_1 JLPT,"EO|xx2G2G,"
甚だ,はなはだ,非常，非常，非常,JLPT_1 JLPT,OQgv[Rp`!?
華々しい,はなばなしい,輝煌，宏偉，壯觀,JLPT_1 JLPT,v^@Rm/*uYq
花びら,はなびら,（花）花瓣,JLPT_1 JLPT,gVEobi&glz
華やか,はなやか,輝煌，華麗，佛羅里德,JLPT_1 JLPT,b*1sjY=VE6
阻む,はばむ,阻止某人做，停止，反對,JLPT_1 JLPT,KW0lr0LPyk
浜,はま,海灘，海濱,JLPT_1 JLPT,gaeewOTy8/
浜辺,はまべ,海灘，前沿,JLPT_1 JLPT,AL_W(0hn&V
はまる,はまる,進入，進入，適應，適應，適合，適合,JLPT_1 JLPT,key3o7$aM}
早める,はやめる,加速，快速，加速,JLPT_1 JLPT,hS]svbo-ig
腹立ち,はらだち,憤怒,JLPT_1 JLPT,p.*AhT>Yg8
原っぱ,はらっぱ,開放田，空地，平原,JLPT_1 JLPT,BF1(%i;>nB
はらはら,はらはら,感到緊張,JLPT_1 JLPT,m<Y%mFA4zS
ばらまく,ばらまく,傳播，散射,JLPT_1 JLPT,wmN`A*3CG)
張り紙,はりがみ,注意，海報,JLPT_1 JLPT,BB7%DI+bc=
遥か,はるか,遠，遙遠，遙遠,JLPT_1 JLPT,fUD7d;W?9R
破裂,はれつ,爆炸，破裂，破裂,JLPT_1 JLPT,"b^2,E+JYkn"
腫れる,はれる,膨脹（從炎症，變得腫脹）,JLPT_1 JLPT,z8C-Q:96;k
繁栄,はんえい,繁榮，繁榮，繁榮,JLPT_1 JLPT,nH@_ep+1}j
版画,はんが,藝術印刷,JLPT_1 JLPT,sBPn!C6|$0
ハンガー,ハンガー,（外套）衣架,JLPT_1 JLPT,HNMn){L;p@
反感,はんかん,反感，起義，敵意,JLPT_1 JLPT,KAT#$^~N=[
反響,はんきょう,迴聲，迴響，反感,JLPT_1 JLPT,(!Sbp/Ryc
パンク,パンク,穿刺，破裂；朋克,JLPT_1 JLPT,LzYO%D<&Ei
反撃,はんげき,反攻擊，反攻，反駁,JLPT_1 JLPT,BBy/kmWv|!
判決,はんけつ,司法決定，判斷，判決，法令,JLPT_1 JLPT,K@f^#cZ5Q`
反射,はんしゃ,反思，混響,JLPT_1 JLPT,LDqIUH^=vr
繁盛,はんじょう,繁榮，繁榮，繁榮,JLPT_1 JLPT,oD{V&C=!wS
繁殖,はんしょく,繁殖，繁殖,JLPT_1 JLPT,Gps#@ydvak
反する,はんする,與不一致，反對，矛盾,JLPT_1 JLPT,fVrr[FObH2
判定,はんてい,判斷，決策，獎勵，判決,JLPT_1 JLPT,l.y^yE`fLF
万人,ばんにん,所有人，每個人，10000人,JLPT_1 JLPT,gTmA]f8[{J
晩年,ばんねん,（一個人）去年,JLPT_1 JLPT,DKi7Lij}b#
反応,はんのう,反應，反應,JLPT_1 JLPT,tmAeij8aDL
万能,ばんのう,全能，全能，無所不能,JLPT_1 JLPT,z`.g9zaN?
半端,はんぱ,片段，分數，不完整,JLPT_1 JLPT,eK}21?Q<uQ
反発,はんぱつ,排斥，反彈，反對,JLPT_1 JLPT,rHA_.Kqp5U
反乱,はんらん,叛亂，起義，起義,JLPT_1 JLPT,"JJB,BD9|0D"
氾濫,はんらん,溢出，洪水,JLPT_1 JLPT,"Im~yS%,7(E"
美,び,美麗,JLPT_1 JLPT,Oi9jkr_JC
ひいては,ひいては,不僅……而且，除了,JLPT_1 JLPT,jOz98=%a=I
ビールス,ビールス,病毒,JLPT_1 JLPT,k4c<|hYsN{
控室,ひかえしつ,候診室,JLPT_1 JLPT,y&_T~x>Y8R
控える,ひかえる,退縮；做筆記,JLPT_1 JLPT,v:A0($lqMw
悲観,ひかん,悲觀，失望,JLPT_1 JLPT,b5j5UZJ)]S
引き上げる,ひきあげる,退出，離開，退出,JLPT_1 JLPT,N^;oc:0[e;
率いる,ひきいる,領導，矛頭（一個小組），指揮（部隊）,JLPT_1 JLPT,puJ9X.qkPt
引き起こす,ひきおこす,引起,JLPT_1 JLPT,wH2wMsnzkj
引下げる,ひきさげる,下拉，降低，減少，退出,JLPT_1 JLPT,M7FZ16-#)F
引きずる,ひきずる,拖動，拉動，延長,JLPT_1 JLPT,qTp%jki[ap
引取る,ひきとる,回來；採用；離開,JLPT_1 JLPT,bqG=Sz>mVR
否決,ひけつ,拒絕，否定，投票,JLPT_1 JLPT,H=WQ4MO0SN
日頃,ひごろ,通常，習慣性地,JLPT_1 JLPT,y9J%2)~r.v
久しい,ひさしい,長，長期，古老（故事）,JLPT_1 JLPT,x^qb6Ainn%
悲惨,ひさん,悲劇，災難；痛苦，可憐，可憐,JLPT_1 JLPT,dkkS+?oHtT
ビジネス,ビジネス,商業,JLPT JLPT_1 Genki_Ln.2 Genki_Ln.1 Genki,stJO[>w5pM
比重,ひじゅう,比重,JLPT_1 JLPT,l4}j=7jzb:
美術,びじゅつ,藝術，美術,JLPT_1 JLPT,",I91nlD38"
秘書,ひしょ,（私人）秘書,JLPT_1 JLPT,HbDP7]^^wK
微笑,びしょう,微笑,JLPT_1 JLPT,"y,db|5_YaV"
歪む,ひずむ,扭曲，被扭曲,JLPT_1 JLPT,KT[PkhY&vP
密か,ひそか,秘密，私人，秘密,JLPT_1 JLPT,jJ5o@8/`~@
浸す,ひたす,浸泡，蘸醬，淋濕,JLPT_1 JLPT,g_KlG}!uS#
ひたすら,ひたすら,無非是，認真，專心,JLPT_1 JLPT,r_F?uM8zZq
左利き,ひだりきき,左撇子，清酒飲酒者，左撇子,JLPT_1 JLPT,k-sYD9-/$o
引っ掻く,ひっかく,刮擦,JLPT_1 JLPT,E.o[!3b:Nm
必修,ひっしゅう,必需（主題）,JLPT_1 JLPT,v$oSFhOWfe
びっしょり,びっしょり,濕透，濕透,JLPT_1 JLPT,z/^[4xCt0B
必然,ひつぜん,不可避免的，必要的,JLPT_1 JLPT,Q)ow/ypncR
匹敵,ひってき,與競爭對手相比,JLPT_1 JLPT,JEil[{vK3q
一息,ひといき,呼吸，停頓，努力,JLPT_1 JLPT,E^BIFQp}ze
人影,ひとかげ,人的影子，靈魂,JLPT_1 JLPT,lEh{t=A?Px
人柄,ひとがら,個性，性格,JLPT_1 JLPT,dM5AOlir)Y
人気,ひとけ,生命的跡象,JLPT_1 JLPT,NG2)}0vQ0h
一頃,ひところ,曾經，一段時間前,JLPT_1 JLPT,g6jcX?>0?e
人質,ひとじち,人質,JLPT_1 JLPT,zJcHfH}ajC
一筋,ひとすじ,一條線，誠實，盲目，直截了當,JLPT_1 JLPT,Iw`AaG(p-#
人目,ひとめ,瞥見，公眾目光,JLPT_1 JLPT,I=B$#9HzY_
日取り,ひどり,固定日期，指定日,JLPT_1 JLPT,"E,%=}b)+ea"
雛,ひな,幼鳥，小雞，洋娃娃,JLPT_1 JLPT,x|ru;#K_h[
雛祭,ひなまつり,女孩（娃娃'）節,JLPT_1 JLPT,"ExRH,Fb)`{"
日向,ひなた,陽光明媚的地方，在陽光下,JLPT_1 JLPT,"JkB,TYa,o3"
非難,ひなん,責備，攻擊，批評,JLPT_1 JLPT,Dk(|@/*v__
避難,ひなん,避難，尋找庇護,JLPT_1 JLPT,L:}JI$`!GO
日の丸,ひのまる,日本國旗,JLPT_1 JLPT,t9<.]@%ayT
火花,ひばな,火花,JLPT_1 JLPT,um|5.IJ}3z
ひび (かべの～),ひび (かべの～),裂縫，裂縫，缺陷,JLPT_1 JLPT,"y]|C%f,K4~"
悲鳴,ひめい,尖叫，尖叫,JLPT_1 JLPT,"iBM$!,wWJ6"
冷やかす,ひやかす,開玩笑，取笑，嘲笑，冷卻，冷藏,JLPT_1 JLPT,g|eu{@|Ra<
日焼け,ひやけ,曬斑,JLPT_1 JLPT,B*x^zGN+6l
標語,ひょうご,座右銘，口號，流行字,JLPT_1 JLPT,q2-le>_XWl
描写,びょうしゃ,描述，描述，刻畫,JLPT_1 JLPT,JFYofDRI3{
ひょっと,ひょっと,可能是偶然的,JLPT_1 JLPT,H?O[$H2[.i
びら,びら,講義，傳單,JLPT_1 JLPT,t%GemgZ-on
平たい,ひらたい,平坦，甚至水平,JLPT_1 JLPT,Gv<+$jy(Xp
びり,びり,最後的列表，底部,JLPT_1 JLPT,"B~`,swB&=7"
比率,ひりつ,比率，比例，百分比,JLPT_1 JLPT,r*He=~rO@q
