expression,reading,meaning,tags,guid
作法,さほう,禮節，禮節，禮節,JLPT JLPT_2 JLPT_3,HYeQ[!t+v+
様々,さまざま,多樣，多樣,JLPT JLPT_2 JLPT_3,l>?/o{CjV<
冷ます,さます,冷卻，讓冷卻,JLPT JLPT_2 JLPT_3,m(o0n4^}Z$
覚ます,さます,喚醒,JLPT JLPT_2 JLPT_3,t9@aJ[u<UZ
冷める,さめる,變得涼爽，磨損,JLPT JLPT_2 JLPT_3,LR.A;82:W|
覚める,さめる,醒來，醒來,JLPT JLPT_2 JLPT_3,Dob+O4(+<L
左右,さゆう,左右;影響,JLPT JLPT_2 JLPT_3,d8br}6f4&T
皿,さら,盤子，盤子,JLPT Genki_Ln.14 JLPT_3 JLPT_2 Genki,p*f@mDk_ih
更に,さらに,此外，此外,JLPT JLPT_2 JLPT_3,n=YLy+|9V>
去る,さる,離開，走開,JLPT JLPT_2 JLPT_3,q:@^dVE|Ux
猿,さる,猴,JLPT JLPT_3 JLPT_2 Genki_Ln.22 Genki,I;FmV}C|Mm
騒ぎ,さわぎ,騷動，干擾,JLPT JLPT_2 JLPT_3,"b-,^J/-<a("
参加,さんか,參與,JLPT JLPT_2 JLPT_3,NJ??D?6U!^
参考,さんこう,參考，諮詢,JLPT JLPT_2 JLPT_3,Han8<B?^r0
賛成,さんせい,批准，協議,JLPT JLPT_2 JLPT_3,"emfZ/!E,?["
酸性,さんせい,酸度,JLPT JLPT_2 JLPT_3,geVhjMXt@#
酸素,さんそ,氧,JLPT JLPT_2 JLPT_3,DM##q[%RFu
氏,し,姓氏，血統,JLPT JLPT_2 JLPT_3,LAOK_nHPS/
詩,し,詩;詩,JLPT Intermediate_Japanese JLPT_3 JLPT_2 Intermediate_Japanese_Ln.13,PI;rr><.*1
幸せ,しあわせ,幸福，祝福,JLPT JLPT_2 JLPT_3,MYpn~@*11o
ジーンズ,ジーンズ,牛仔褲,JLPT JLPT_3 JLPT_2 Genki_Ln.2 Genki,o3hhzYEH)l
ジェット機,ジェットき,噴射機,JLPT JLPT_2 JLPT_3,fS!]EX&j7m
四角,しかく,正方形,JLPT JLPT_2 JLPT_3,J[L(f7xE~B
直に,じかに,立即直接，直接直接,JLPT JLPT_2 JLPT_3,"Gui,0]IdY5"
しかも,しかも,此外，此外，此外，,JLPT Intermediate_Japanese JLPT_3 JLPT_2 Intermediate_Japanese_Ln.9 Intermediate_Japanese_Ln.2,NW!O~u6B#]
四季,しき,四季,JLPT JLPT_2 JLPT_3,j=w0weSQi)
直,じき,很快，很快,JLPT JLPT_2 JLPT_3,wd?tx<3Bac
時期,じき,時間，季節，時期,JLPT JLPT_2 JLPT_3,DJ<W>Fb$j>
支給,しきゅう,付款，津貼,JLPT JLPT_2 JLPT_3,MpCDrKuR@c
至急,しきゅう,緊迫，緊迫,JLPT JLPT_2 JLPT_3,"K+,ttKQ<dz"
しきりに,しきりに,經常反复，熱切地,JLPT JLPT_2 JLPT_3,E|Rw@W(/Em
刺激,しげき,刺激，動力，激勵,JLPT JLPT_2 JLPT_3,PD*^rLK60i
資源,しげん,資源,JLPT JLPT_2 JLPT_3,m(PG+T&|gr
事件,じけん,事件，外遇，事件,JLPT JLPT_2 JLPT_3,MbFCnlA+g8
時刻,じこく,時間，小時,JLPT JLPT_2 JLPT_3,"oN.E,s)Z}n"
自殺,じさつ,自殺,JLPT JLPT_2 JLPT_3,y#JDw}f8E1
事実,じじつ,事實，真理，現實,JLPT JLPT_2 JLPT_3,qUB-Jtt?i`
支出,ししゅつ,支出，支出,JLPT JLPT_2 JLPT_3,PrmuroD(_w
事情,じじょう,情況，情況，原因,JLPT JLPT_2 JLPT_3,B&D.VmCJRe
詩人,しじん,詩人,JLPT JLPT_2 JLPT_3,J|*bb(L^Qr
自身,じしん,自己,JLPT Intermediate_Japanese JLPT_3 JLPT_2 Intermediate_Japanese_Ln.14,Mms_kL$qBA
沈む,しずむ,下沉；感到沮喪,JLPT JLPT_2 JLPT_3,v(wY-5e=dv
自然,しぜん,自然，自發,JLPT JLPT_2 JLPT_3,K#D]Lme)]J
思想,しそう,思想，想法,JLPT JLPT_2 JLPT_3,"udM,dvR}EZ"
舌,した,舌頭,JLPT JLPT_2 JLPT_3,i22E-x*lSS
次第,しだい,命令;情況;立即地）,JLPT JLPT_2 JLPT_3,m7IQESq>:Z
従う,したがう,遵守（根據規則），服從,JLPT JLPT_2 JLPT_3,jQOK[Z2G2a
したがって,したがって,因此，因此,JLPT JLPT_2 JLPT_3,zE+XZL-yO%
親しい,したしい,親密，親密（例如，朋友）,JLPT JLPT_2 JLPT_3,JLb1]#eUH.
質,しつ,質量，自然（人的自然）,JLPT JLPT_2 JLPT_3,i9bGgE8&)u
失業,しつぎょう,失業,JLPT JLPT_2 JLPT_3,L*e(K1S8y>
湿気,しっけ,水分，濕度，潮濕,JLPT JLPT_2 JLPT_3,mI:_~nX$Y!
実験,じっけん,實驗室工作；實驗,JLPT Intermediate_Japanese JLPT_3 JLPT_2 Intermediate_Japanese_Ln.5,hmPfhao45;
実現,じつげん,實施，實現，實現,JLPT JLPT_2 JLPT_3,fGH.>rJnym
実行,じっこう,練習，執行（例如程序），實現,JLPT JLPT_2 JLPT_3,O_Qp[P4rQP
実際,じっさい,實際上;實際,JLPT Intermediate_Japanese JLPT_3 JLPT_2 Intermediate_Japanese_Ln.15,"B6Z:.Y11k,"
実施,じっし,執法，執行，操作,JLPT JLPT_2 JLPT_3,dXLqmB^MiP
湿度,しつど,濕度,JLPT JLPT_2 JLPT_3,lZGX2R~;Bn
じっと,じっと,耐心，安靜地,JLPT JLPT_2 JLPT_3,Nkvz[eNt`n
実に,じつに,確實，確實，肯定是,JLPT JLPT_2 JLPT_3,I|OQWMaQog
実は,じつは,實際上;實際上,JLPT Intermediate_Japanese JLPT_3 JLPT_2 Intermediate_Japanese_Ln.1,s#X::H+4<F
失望,しつぼう,失望，絕望,JLPT JLPT_2 JLPT_3,mi8g|r~Txf
実力,じつりょく,能力;力量,JLPT JLPT_2 JLPT_3,F5g81kES4+
支店,してん,分店（辦公室）,JLPT JLPT_3 JLPT_2 Genki_Ln.20 Genki,h*O$^StSa>
指導,しどう,領導，指導，教練,JLPT JLPT_2 JLPT_3,AKsjeKTYcK
自動,じどう,自動，自我運動,JLPT JLPT_2 JLPT_3,O4.zUw/o_S
児童,じどう,孩子，少年,JLPT JLPT_2 JLPT_3,"e,|tEbv]Zq"
品,しな,東西，文章，商品,JLPT JLPT_2 JLPT_3,bDnAvhtlH7
支配,しはい,規則，控制，方向,JLPT JLPT_2 JLPT_3,GJx2Cizi1x
芝居,しばい,戲劇，戲劇,JLPT JLPT_2 JLPT_3,gtSlTkyCFW
しばしば,しばしば,經常一次又一次,JLPT JLPT_2 JLPT_3,oKzAa``eqH
芝生,しばふ,草地,JLPT JLPT_2 JLPT_3,"wbx:,PABM*"
支払,しはらい,支付,JLPT JLPT_2 JLPT_3,Ev?:EQ7Ks`
支払う,しはらう,支付,JLPT JLPT_2 JLPT_3,"ND2,<K].}x"
死亡,しぼう,死亡,JLPT JLPT_2 JLPT_3,zYjIN3r3C
資本,しほん,資金，資本,JLPT JLPT_2 JLPT_3,K]eJp4bmn-
姉妹,しまい,姐妹,JLPT JLPT_2 JLPT_3,D=K+>4{9gs
しまった (かん),しまった (かん),該死的！,JLPT JLPT_2 JLPT_3,lG^NNUo)xn
自慢,じまん,驕傲，誇耀,JLPT JLPT_2 JLPT_3,I/xy:2]J/|
地味,じみ,安靜，簡單，保守,JLPT JLPT_2 JLPT_3,o(yU(Vt?_.
示す,しめす,表明，指示,JLPT JLPT_2 JLPT_3,Jd8*LeirRj
占める,しめる,佔領；要考慮,JLPT Intermediate_Japanese JLPT_3 JLPT_2 Intermediate_Japanese_Ln.14,r`M6Y4!/$F
湿る,しめる,要濕，潮濕,JLPT JLPT_2 JLPT_3,uFiSD0nBbH
下,しも,在下面，下方，下方,JLPT JLPT_2 JLPT_3,"NEdu]f-jA,"
霜,しも,霜,JLPT JLPT_2 JLPT_3,r%B(k2*%-2
借金,しゃっきん,債務，貸款，負債,JLPT JLPT_2 JLPT_3,HTrhI~ql4k
しゃべる,しゃべる,說話，聊天，聊天（與話す（はなす）相同）,JLPT Intermediate_Japanese JLPT_3 JLPT_2 Intermediate_Japanese_Ln.8,xm(;YK[sEF
週,しゅう,星期,JLPT JLPT_2 JLPT_3,"x+o,UuIX0t"
州,しゅう,州，省,JLPT JLPT_2 JLPT_3,"P_~2Qd-Z,0"
銃,じゅう,槍,JLPT JLPT_2 JLPT_3,g}R=q_AV`]
周囲,しゅうい,周圍環境，周圍環境,JLPT JLPT_2 JLPT_3,k;vO#x`Yq;
収穫,しゅうかく,收穫，農作物，開創性,JLPT JLPT_2 JLPT_3,Q1;gC;3=ME
宗教,しゅうきょう,宗教,JLPT Intermediate_Japanese JLPT_3 JLPT_2 Intermediate_Japanese_Ln.3,h2}ja7i^zZ
重視,じゅうし,重要性，壓力,JLPT JLPT_2 JLPT_3,p)R=DLs-/X
就職,しゅうしょく,尋找工作,JLPT JLPT_2 JLPT_3,G#y*V:{2Bq
ジュース,ジュース,果汁，軟飲料； deuce,JLPT Genki_Ln.12 JLPT_3 JLPT_2 Genki,w1Xid7|yfz
修正,しゅうせい,修正案，更正,JLPT JLPT_2 JLPT_3,gUKGu[G9oC
重体,じゅうたい,嚴重生病，關鍵狀態,JLPT JLPT_2 JLPT_3,"F]Ml+g6],&"
渋滞,じゅうたい,擁塞（例如，流量），延遲,JLPT JLPT_2 JLPT_3,f6HLmc1`E?
重大,じゅうだい,認真，重要,JLPT JLPT_2 JLPT_3,bRTiuj?[St
住宅,じゅうたく,居民，住房,JLPT JLPT_2 JLPT_3,"bO,.P:9Wr8"
集団,しゅうだん,集團，彌撒,JLPT JLPT_2 JLPT_3,O[N$vC_)x(
集中,しゅうちゅう,集中精力，集中精力,JLPT JLPT_2 JLPT_3,z{<Xu{#h*c
収入,しゅうにゅう,收入，收入,JLPT Intermediate_Japanese JLPT_3 JLPT_2 Intermediate_Japanese_Ln.14,Ow2ez*OE$v
住民,じゅうみん,居民，居民,JLPT JLPT_2 JLPT_3,M3~&[?-]c=
重要,じゅうよう,重要，必不可少,JLPT JLPT_2 JLPT_3,d;5d4|x2m2
修理,しゅうり,修理，修補,JLPT JLPT_2 JLPT_3,i2Z^HI-&!g
主義,しゅぎ,學說，原因，原則,JLPT JLPT_2 JLPT_3,mm(7ICuhH@
宿泊,しゅくはく,住宿,JLPT JLPT_2 JLPT_3,sJf/S8qo)G
手術,しゅじゅつ,手術,JLPT JLPT_2 JLPT_3,O=U-eHfq4I
首相,しゅしょう,總理,JLPT JLPT_2 JLPT_3,"h%Bt%?=g9,"
手段,しゅだん,手段，方式，測量,JLPT JLPT_2 JLPT_3,cG]JN2+6BK
主張,しゅちょう,主張，堅持，主張,JLPT JLPT_2 JLPT_3,PQKr-g-1[?
出場,しゅつじょう,參與,JLPT JLPT_2 JLPT_3,u|Gl.@-_{b
出身,しゅっしん,來自,JLPT JLPT_2 JLPT_3,E~$fFKz?VN
出版,しゅっぱん,出版品,JLPT JLPT_2 JLPT_3,pHGL?y?[mQ
首都,しゅと,首都,JLPT JLPT_2 JLPT_3,"pV,3~,Z87["
主婦,しゅふ,家庭主婦,JLPT Intermediate_Japanese JLPT_3 JLPT_2 Intermediate_Japanese_Ln.8 Genki_Ln.1 Genki,cu7/mz5_+B
主要,しゅよう,酋長，主,JLPT JLPT_2 JLPT_3,e/wz>k>*.!
需要,じゅよう,要求,JLPT JLPT_2 JLPT_3,wIb;!:/d[S
種類,しゅるい,品種，善良,JLPT JLPT_2 JLPT_3,yLzP_}wHk~
順,じゅん,訂單，轉,JLPT JLPT_2 JLPT_3,j(7}!qj-R?
瞬間,しゅんかん,片刻，第二,JLPT JLPT_2 JLPT_3,w74BNqe`C[
順調,じゅんちょう,做得好,JLPT JLPT_2 JLPT_3,QTXqs`sU2C
順番,じゅんばん,轉彎（排隊），順序,JLPT JLPT_2 JLPT_3,"B3?=*++0m,"
使用,しよう,使用（與使うこと（つかうこと）相同），應用，就業，利用率,JLPT Intermediate_Japanese JLPT_3 JLPT_2 Intermediate_Japanese_Ln.11,"fv),c7#%~v"
小,しょう,小的,JLPT JLPT_2 JLPT_3,He3e1#-/kV
章,しょう,章節；勳章,JLPT JLPT_2 JLPT_3,Cp$qz7LRQ1
賞,しょう,獎項，獎勵,JLPT JLPT_2 JLPT_3,ixda5oQQ=r
上,じょう,第一卷；優質質量；政府,JLPT JLPT_2 JLPT_3,bjtdx{-WQ5
障害,しょうがい,障礙，障礙,JLPT JLPT_2 JLPT_3,lN`%jCJ3Cv
奨学金,しょうがくきん,獎學金,Genki_Ln.16 JLPT JLPT_3 JLPT_2 Genki,Q-*B#$A6L:
乗客,じょうきゃく,乘客,JLPT JLPT_2 JLPT_3,F?2lxj<[^L
上京,じょうきょう,進入首都（東京）,JLPT JLPT_2 JLPT_3,EmcG8c7y3D
状況,じょうきょう,狀況，情況,JLPT JLPT_2 JLPT_3,eJ+`w-qU@C
条件,じょうけん,條件，條款,JLPT JLPT_2 JLPT_3,PesF@2hHde
正午,しょうご,中午，中午,JLPT JLPT_2 JLPT_3,i0$lSUJ-1J
正直,しょうじき,誠實，正直，坦率,JLPT JLPT_2 JLPT_3,l~d^29Cn=%
常識,じょうしき,常識,JLPT JLPT_2 JLPT_3,b?[*`UKS8R
少女,しょうじょ,年輕女孩,JLPT JLPT_2 JLPT_3,lN;?Tr6q{x
少々,しょうしょう,一點;短（時間）（少し（すこし）正式）,JLPT Intermediate_Japanese JLPT_3 JLPT_2 Intermediate_Japanese_Ln.8 Genki_Ln.20 Genki,Ievwu]EUfz
症状,しょうじょう,症狀，狀況,JLPT Intermediate_Japanese JLPT_3 JLPT_2 Intermediate_Japanese_Ln.12,v+Eb}=L(fE
生じる,しょうじる,發生，生成,JLPT JLPT_2 JLPT_3,"F/qG4,c8v/"
状態,じょうたい,條件，情況,JLPT JLPT_2 JLPT_3,u!E?FPG-@p
上達,じょうたつ,改進，進步,JLPT JLPT_2 JLPT_3,Cc{1AI[wlm
冗談,じょうだん,開玩笑,JLPT Intermediate_Japanese JLPT_3 JLPT_2 Intermediate_Japanese_Ln.10,CllWuV2>%{
上等,じょうとう,頭等艙，很好,JLPT JLPT_2 JLPT_3,tjn_MUpJQp
衝突,しょうとつ,碰撞，衝突,JLPT JLPT_2 JLPT_3,D@=pGn%86P
商人,しょうにん,交易員，店主，商人,JLPT JLPT_2 JLPT_3,MlJB*>A^h!
承認,しょうにん,認可，批准,JLPT JLPT_2 JLPT_3,"N==,~orf~["
少年,しょうねん,男孩，少年,JLPT JLPT_2 JLPT_3,p6fQoD5WK;
商売,しょうばい,貿易，商業，商業,JLPT JLPT_2 JLPT_3,"LoHl,.u1Y|"
消費,しょうひ,消費，支出,JLPT JLPT_2 JLPT_3,r7nT91%)]@
商品,しょうひん,商品，商品,JLPT JLPT_2 JLPT_3,w+UOx&@[sL
賞品,しょうひん,獎品，獎杯,JLPT JLPT_2 JLPT_3,M}I~*8Gv<&
消防,しょうぼう,消防部門消防部門,JLPT JLPT_2 JLPT_3,u20O%VZ|ID
情報,じょうほう,信息，（軍事）情報,JLPT Intermediate_Japanese JLPT_3 JLPT_2 Intermediate_Japanese_Ln.3,cpG:I1X!x-
証明,しょうめい,證明，驗證,JLPT JLPT_2 JLPT_3,l8;-B$4N!G
省略,しょうりゃく,遺漏，縮寫，刪節,JLPT JLPT_2 JLPT_3,jp1y&-#kyn
女王,じょおう,女王,JLPT JLPT_2 JLPT_3,furG^[#|I<
職,しょく,就業,JLPT JLPT_2 JLPT_3,"hJY}5,Qu8j"
職業,しょくぎょう,職業，業務,JLPT JLPT_2 JLPT_3,tU=ntM)WP{
食卓,しょくたく,餐桌,JLPT JLPT_2 JLPT_3,o})uu+vtqN
食品,しょくひん,食品,JLPT JLPT_2 JLPT_3,iU(>r<G;@0
植物,しょくぶつ,植物，植被,JLPT JLPT_2 JLPT_3,mpdopLG{vR
食物,しょくもつ,食物，食物,JLPT JLPT_2 JLPT_3,KrMVp?T5YJ
食欲,しょくよく,食慾（用於食物）,JLPT Intermediate_Japanese JLPT_3 JLPT_2 Intermediate_Japanese_Ln.12,qt1GC>c)@^
食料,しょくりょう,食物,JLPT JLPT_2 JLPT_3,"k76m(C.Z,~"
食糧,しょくりょう,條款，口糧,JLPT JLPT_2 JLPT_3,"e~`&J:],P}"
書斎,しょさい,研究，書房,JLPT JLPT_2 JLPT_3,z(Zi=4k7-t
女子,じょし,女人，女孩,JLPT JLPT_2 JLPT_3,y}`qNApt9R
助手,じょしゅ,助理，助手,JLPT JLPT_2 JLPT_3,F9rI>UKU}`
徐々に,じょじょに,慢慢地，一點一點地,JLPT JLPT_2 JLPT_3,Ik@-$!%)*d
署名,しょめい,簽名,JLPT JLPT_2 JLPT_3,"C)w4*u^eJ,"
書物,しょもつ,圖書,JLPT JLPT_2 JLPT_3,dsq%HW0O`l
女優,じょゆう,演員,JLPT JLPT_2 JLPT_3,g6/0nLbYEk
処理,しょり,處理，治療，處置,JLPT JLPT_2 JLPT_3,"n-}WPF,.CB"
書類,しょるい,文件，官方文件,JLPT Intermediate_Japanese JLPT_3 JLPT_2 Intermediate_Japanese_Ln.14 Genki_Ln.22 Genki,Ehj{.OHy`#
知らせ,しらせ,注意,JLPT JLPT_2 JLPT_3,tE;LJdiq{b
尻,しり,臀部，底部,JLPT JLPT_2 JLPT_3,Cp-T01W>>7
知合い,しりあい,熟人,JLPT JLPT_2 JLPT_3,Jz(h+XVbH4
印,しるし,標記;象徵;證據,JLPT JLPT_2 JLPT_3,F?8:NFp=(i
城,しろ,城堡,JLPT JLPT_2 JLPT_3,GnhkX+7b^.
進学,しんがく,上大學,JLPT JLPT_2 JLPT_3,p#!GLXFzk~
神経,しんけい,神經，靈敏度,JLPT JLPT_2 JLPT_3,"mz&,NqxuZ0"
真剣,しんけん,認真，認真,JLPT JLPT_2 JLPT_3,PuRLKa9@q(
信仰,しんこう,（宗教）信仰，信仰,JLPT JLPT_2 JLPT_3,g~oH1SUq[>
信号,しんごう,交通信號燈，信號，信號量,JLPT JLPT_3 JLPT_2 Genki_Ln.20 Genki,z?zKX+/#?f
人工,じんこう,人造，人造，人工工作，,JLPT JLPT_2 JLPT_3,zQ3t>E=&2U
深刻,しんこく,嚴肅的,JLPT JLPT_2 JLPT_3,Kel_M-JGRX
診察,しんさつ,體檢（患者）,JLPT Intermediate_Japanese JLPT_3 JLPT_2 Intermediate_Japanese_Ln.12,Mx*u-x#R2}
人種,じんしゅ,種族（人）,JLPT JLPT_2 JLPT_3,Mm&n`P$vPl
信じる,しんじる,相信,JLPT JLPT_2 JLPT_3,E~EJs-CkJ`
人生,じんせい,（人類）生命（例如，構思到死亡）,JLPT JLPT_2 JLPT_3,G{?]K0G%It
親戚,しんせき,親屬）,Genki_Ln.16 JLPT Intermediate_Japanese JLPT_3 JLPT_2 Intermediate_Japanese_Ln.9 Genki,f;-yjmPO85
新鮮,しんせん,新鮮的,JLPT JLPT_2 JLPT_3,hgsIFo;k1C
心臓,しんぞう,心,JLPT JLPT_2 JLPT_3,FBeXkqV5hu
身体,しんたい,身體,JLPT JLPT_2 JLPT_3,t3y~q`<OO!
身長,しんちょう,身高（身體），身材,JLPT JLPT_2 JLPT_3,v2>$s!00R?
慎重,しんちょう,小心，謹慎，謹慎,JLPT JLPT_2 JLPT_3,H{qX;#1p@y
審判,しんぱん,裁判，裁判，審判,JLPT JLPT_2 JLPT_3,"i+^OoCXV,-"
人物,じんぶつ,性格，個性，才華橫溢的人,JLPT JLPT_2 JLPT_3,OXSwNDOM:u
進歩,しんぽ,改進，進步，發展,JLPT Intermediate_Japanese JLPT_3 JLPT_2 Intermediate_Japanese_Ln.13,C*Oco$5$I7
親友,しんゆう,密友，好友,JLPT JLPT_2 JLPT_3,e!XKqiS_]u
信用,しんよう,自信，依賴,JLPT JLPT_2 JLPT_3,D_Xu621X(*
信頼,しんらい,依賴，信任，信心,JLPT JLPT_2 JLPT_3,Cc(neZE[/;
心理,しんり,心理,JLPT JLPT_2 JLPT_3,M4-pHm{8Hp
人類,じんるい,人類，人類,JLPT JLPT_2 JLPT_3,yGfC3NH0c~
巣,す,巢，繁殖地,JLPT JLPT_2 JLPT_3,wae)m$%B2U
酢,す,醋,JLPT JLPT_2 JLPT_3,S|>MWw8{x
図,ず,圖，繪畫，插圖,JLPT JLPT_2 JLPT_3,o=i@Vi;`4G
水準,すいじゅん,等級，標準,JLPT JLPT_2 JLPT_3,LrR5Wf1Z7N
推薦,すいせん,推薦,JLPT JLPT_2 JLPT_3,jvDU?eC@&E
スイッチ,スイッチ,轉變,JLPT Genki_Ln.18 JLPT_3 JLPT_2 Genki,D+{$1{/[wR
睡眠,すいみん,睡覺,JLPT JLPT_2 JLPT_3,wh0!*D%WvE
数,すう,數字，圖,JLPT JLPT_2 JLPT_3,J]}my?o<Q!
数字,すうじ,數字，圖,JLPT JLPT_2 JLPT_3,B[Gra1kO)v
スープ,スープ,（西方）湯,JLPT JLPT_2 JLPT_3,"s,J:5SYdW2"
末,すえ,粉末的末端,JLPT Intermediate_Japanese JLPT_3 JLPT_2 Intermediate_Japanese_Ln.4,EyKo./;AAl
姿,すがた,圖，形狀，外觀,JLPT JLPT_2 JLPT_3,gTn!6ZHkYs
スキー,スキー,滑雪,JLPT JLPT_3 JLPT_2 Genki_Ln.9 Genki,EDq$^7+uK~
救う,すくう,從中救出，幫助,JLPT JLPT_2 JLPT_3,Pzdj_}ruVB
すくなくとも,すくなくとも,至少,JLPT JLPT_2 JLPT_3,s64aNUZ0&F
優れる,すぐれる,超越，超越，超越,JLPT JLPT_2 JLPT_3,"fFuIf,@I[N"
スケート,スケート,滑冰，滑冰,JLPT JLPT_2 JLPT_3,DQ0-nYW7>.
スケジュール,スケジュール,日程,JLPT JLPT_2 JLPT_3,m}P~NJ788C
少しも,すこしも,什麼，沒有一點,JLPT JLPT_2 JLPT_3,pSmTW}7_?}
過ごす,すごす,通過，花時間（時間）,JLPT Intermediate_Japanese JLPT_3 JLPT_2 Intermediate_Japanese_Ln.11,oE9$X-z%xN
筋,すじ,肌肉，弦，線,JLPT JLPT_2 JLPT_3,M#_TzTBk6]
進める,すすめる,促進，促進，加速,JLPT JLPT_2 JLPT_3,u2l`IqNk23
勧める,すすめる,敦促（某人）做（某事），建議,JLPT Intermediate_Japanese JLPT_3 JLPT_2 Intermediate_Japanese_Ln.13,"IBeh,nV1Dt"
スター,スター,星星,JLPT JLPT_2 JLPT_3,hHJocr{1ix
スタイル,スタイル,風格,JLPT JLPT_2 JLPT_3,wQruLdJqJI
スタンド,スタンド,站立,JLPT JLPT_2 JLPT_3,"Qz:R,pd5SR"
頭痛,ずつう,頭痛,JLPT JLPT_2 JLPT_3,hcxF9uQ5ZX
ずっと,ずっと,許久;一直以來連續,JLPT Intermediate_Japanese JLPT_3 JLPT_2 Intermediate_Japanese_Ln.5 Genki_Ln.22 Genki,OCoZDHO:^u
すっぱい,すっぱい,酸，酸,JLPT JLPT_2 JLPT_3,d)l(J.2Nu=
すてき,すてき,可愛，很棒,JLPT JLPT_2 JLPT_3,B~-XSf&NNC
既に,すでに,已經（與もう）,JLPT Intermediate_Japanese JLPT_3 JLPT_2 Intermediate_Japanese_Ln.13,d=:dSSUK:`
すなわち,すなわち,也就是說，例如,JLPT JLPT_2 JLPT_3,zS=.lQe1_+
スピーチ,スピーチ,演講,JLPT JLPT_3 JLPT_2 Genki Genki_Ln.21,pvM3{8vA`1
全て,すべて,全部，全部,JLPT JLPT_2 JLPT_3,kq!H^iT|N4
済ませる,すませる,要完成,JLPT JLPT_2 JLPT_3,vQUpvSA005
角,すみ,角落,JLPT JLPT_2 JLPT_3,b^^N<lR$T]
墨,すみ,墨水,JLPT JLPT_2 JLPT_3,Pt>IB]Y%[8
すみません (かん),すみません (かん),對不起，對不起,JLPT JLPT_2 JLPT_3,Kr6X0TH7=(
澄む,すむ,清除（例如天氣），要變得透明,JLPT JLPT_2 JLPT_3,d^/yYeQD1M
清む,すむ,清除（例如天氣），要變得透明,JLPT JLPT_2 JLPT_3,wMyt{WAjxX
刷る,する,列印,JLPT JLPT_2 JLPT_3,MuPBNA;83U
為る,する,做，嘗試,JLPT JLPT_2 JLPT_3,z;FwzGK-v+
鋭い,するどい,尖銳，鋒利,JLPT JLPT_2 JLPT_3,s@c[Ya@R|h
すれ違う,すれちがう,彼此通過,JLPT JLPT_2 JLPT_3,fP+0(@n(JZ
ずれる,ずれる,移開,JLPT JLPT_2 JLPT_3,F2j?XV=5UF
正,せい,（邏輯）是正確的,JLPT JLPT_2 JLPT_3,AC@`-8Z+qv
生,せい,出生,JLPT JLPT_2 JLPT_3,"yDy>Z9R,FJ"
性,せい,性別，性別,JLPT JLPT_2 JLPT_3,Gy*nj#x|I/
姓,せい,姓氏，姓氏,JLPT JLPT_2 JLPT_3,"sO,Mg|Q.hG"
所為,せい,原因，原因，錯誤,JLPT JLPT_2 JLPT_3,yy|zc*n):n
税,ぜい,稅,JLPT JLPT_2 JLPT_3,eEs:NyUxEV
性格,せいかく,性格，個性,JLPT Intermediate_Japanese Genki_Ln.19 JLPT_3 JLPT_2 Genki Intermediate_Japanese_Ln.3,l3(d&u3o-<
正確,せいかく,準確，守時，精確,JLPT JLPT_2 JLPT_3,rg^|Ktq*}h
世紀,せいき,世紀,JLPT JLPT_2 JLPT_3,MQfIjnh7j}
請求,せいきゅう,索賠，要求，要求,JLPT JLPT_2 JLPT_3,KNbh$sySYl
税金,ぜいきん,稅，稅,Genki_Ln.15 JLPT JLPT_3 JLPT_2 Genki,Ah}s1$;.$[
清潔,せいけつ,乾淨的,JLPT JLPT_2 JLPT_3,vJiZ-)))FJ
制限,せいげん,限制，約束，限制,JLPT JLPT_2 JLPT_3,P3D^cMd_|f
成功,せいこう,成功，熱門,JLPT Intermediate_Japanese JLPT_3 JLPT_2 Intermediate_Japanese_Ln.12,bkv%QuVn22
正式,せいしき,官方，正式,JLPT JLPT_2 JLPT_3,zSQ*)G#Yvj
性質,せいしつ,自然，財產，處置,JLPT JLPT_2 JLPT_3,E(70}4c-m*
精神,せいしん,心靈，靈魂，精神,JLPT JLPT_2 JLPT_3,tLy]a8CB9?
成人,せいじん,成人,JLPT JLPT_2 JLPT_3,"g@,iQ!8;."
精々,せいぜい,最多只能,JLPT JLPT_2 JLPT_3,q[aqj]#7$-
成績,せいせき,等級（即測試），學術記錄,JLPT Genki_Ln.12 Intermediate_Japanese JLPT_3 JLPT_2 Genki Intermediate_Japanese_Ln.3,o4$BUl?TFA
製造,せいぞう,製造，生產,JLPT JLPT_2 JLPT_3,OAvZo`.~[q
贅沢,ぜいたく,奢侈，奢侈,JLPT JLPT_2 JLPT_3,"iRbk]j,(Bl"
成長,せいちょう,生長,JLPT JLPT_2 JLPT_3,lSq)ru5`@&
生長,せいちょう,生長,JLPT JLPT_2 JLPT_3,G5ys*Os]kn
制度,せいど,系統，機構,JLPT Intermediate_Japanese JLPT_3 JLPT_2 Intermediate_Japanese_Ln.14,]d3#w;wAU
青年,せいねん,年輕人，年輕人,JLPT JLPT_2 JLPT_3,r|D|m%Ih@3
生年月日,せいねんがっぴ,出生日期,JLPT JLPT_2 JLPT_3,H8|M5HOte?
製品,せいひん,製成品，成品,JLPT JLPT_2 JLPT_3,GY93^mZ;)a
政府,せいふ,政府，管理,JLPT Intermediate_Japanese Genki JLPT_3 JLPT_2 Intermediate_Japanese_Ln.15 Genki_Ln.21,zDQAHO%nD/
生物,せいぶつ,生物，有機體,JLPT JLPT_2 JLPT_3,nx3;swk;nm
生命,せいめい,生活,JLPT JLPT_2 JLPT_3,HfE8+JV[><
整理,せいり,排序，安排,JLPT JLPT_2 JLPT_3,zlHgN/N7&U
咳,せき,咳嗽,JLPT Genki_Ln.12 JLPT_3 JLPT_2 Genki,yQ$e7`wCNr
石炭,せきたん,煤炭,JLPT JLPT_2 JLPT_3,t&C>c}0]R(
責任,せきにん,職責，責任,JLPT JLPT_2 JLPT_3,HKrlH:Fl)i
石油,せきゆ,石油，石油，煤油,JLPT JLPT_2 JLPT_3,"gJm,E%Jb`a"
世間,せけん,世界，社會,JLPT JLPT_2 JLPT_3,pFmc#=7y9*
説,せつ,理論,JLPT JLPT_2 JLPT_3,kNv(nqwBQ3
積極的,せっきょくてき,積極，主動，主動,JLPT JLPT_2 JLPT_3,zQ[EQ]wde[
設計,せっけい,計劃，設計,JLPT JLPT_2 JLPT_3,i>to8js@e$
絶対,ぜったい,絕對沒有失敗，絕對性,JLPT Intermediate_Japanese JLPT_3 JLPT_2 Intermediate_Japanese_Ln.7,"g,<A9qJmV)"
セット,セット,放,JLPT JLPT_2 JLPT_3,qu4w*^0<Ni
愛,あい,愛,JLPT JLPT_2 JLPT_3,hFW1YrLt0]
相変わらず,あいかわらず,和往常一樣,JLPT JLPT_2 JLPT_3,Ojow^*$or
愛情,あいじょう,愛，感情,JLPT JLPT_2 JLPT_3,Qzcx!}<3R3
合図,あいず,標誌，信號,JLPT JLPT_2 JLPT_3,fU+XD$S~|s
アイスクリーム,アイスクリーム,冰淇淋,JLPT JLPT_2 JLPT_3,NP9A]*VE%:
愛する,あいする,愛,JLPT JLPT_2 JLPT_3,DeM>~uF)IC
相手,あいて,夥伴;收件人;您正在與之交談的人,Genki Genki_Ln.22 Intermediate_Japanese Intermediate_Japanese_Ln.2 JLPT JLPT_2 JLPT_3,y[.4]/S_M)
あいにく,あいにく,很遺憾,JLPT JLPT_2 JLPT_3,hzWiJ*CbeE
遭う,あう,見面，遇到（不良細微差別）,JLPT JLPT_2 JLPT_3,5(WM8:K%>
アウト,アウト,出去,JLPT JLPT_2 JLPT_3,l:i}>N{A|}
明かり,あかり,燈光，光線（通常）,JLPT JLPT_2 JLPT_3,evqBji16kk
空き,あき,空缺，開放，空間,JLPT JLPT_2 JLPT_3,o4~on{17B&
明らか,あきらか,顯而易見，清晰,JLPT JLPT_2 JLPT_3,xr&[9MdyXM
諦める,あきらめる,放棄，放棄,Genki Genki_Ln.14 Intermediate_Japanese Intermediate_Japanese_Ln.13 JLPT JLPT_2 JLPT_3,cVjy7W5yAS
飽きる,あきる,厭倦，失去興趣,JLPT JLPT_2 JLPT_3,MTVy#<!xxJ
握手,あくしゅ,握手,JLPT JLPT_2 JLPT_3,BX@vSTsJMQ
悪魔,あくま,魔鬼，惡魔，邪惡精神,JLPT JLPT_2 JLPT_3,gY|8LCMcvD
明ける,あける,黎明，成為日光,JLPT JLPT_2 JLPT_3,QYMAJT+i|R
揚げる,あげる,舉起，炸,JLPT JLPT_2 JLPT_3,kDT9EKS)@x
挙げる,あげる,提高；列出，引用,JLPT JLPT_2 JLPT_3,"GPil,F&M@,"
預かる,あずかる,保留（某人）,Intermediate_Japanese Intermediate_Japanese_Ln.10 JLPT JLPT_2 JLPT_3,n!!dea66oU
預ける,あずける,被拘留，存入,JLPT JLPT_2 JLPT_3,ITjUmdJ?SA
汗,あせ,汗，出汗,JLPT JLPT_2 JLPT_3,L.:p?!w~-_
与える,あたえる,給,Intermediate_Japanese Intermediate_Japanese_Ln.5 JLPT JLPT_2 JLPT_3,GyK@0^nn9D
温かい,あたたかい,溫暖的,JLPT JLPT_2 JLPT_3,QwQJvr;Yu/
暖まる,あたたまる,熱身,JLPT JLPT_2 JLPT_3,cRMS.07iEY
温まる,あたたまる,溫暖，要溫暖,JLPT JLPT_2 JLPT_3,Cc_8n~b{Xr
暖める,あたためる,溫暖（到某人/某物），加熱（到某人/某物）,JLPT JLPT_2 JLPT_3,c^bO3wi-j`
温める,あたためる,溫暖，加熱,JLPT JLPT_2 JLPT_3,nR%K+*);#2
辺り,あたり,附近附近,Intermediate_Japanese Intermediate_Japanese_Ln.6 JLPT JLPT_2 JLPT_3,Nhf6;`GIs6
当たり前,あたりまえ,通常，常見，顯而易見,JLPT JLPT_2 JLPT_3,"F|qH}g,OWJ"
当たる,あたる,受到打擊，成功,JLPT JLPT_2 JLPT_3,c~5${Vgwlg
あちこち,あちこち,這里和那裡,JLPT JLPT_2 JLPT_3,zllf&_UO$c
扱う,あつかう,治療，處理，處理,Intermediate_Japanese Intermediate_Japanese_Ln.14 JLPT JLPT_2 JLPT_3,"o08cD,?4sA"
集まり,あつまり,聚會，會議，收集,JLPT JLPT_2 JLPT_3,jBK/@[g6Hm
当てる,あてる,擊中;申請,JLPT JLPT_2 JLPT_3,z-r@1e!?]p
跡,あと,痕跡;遺跡;瘢痕,JLPT JLPT_2 JLPT_3,q{EbQ0$xa;
穴,あな,洞,JLPT JLPT_2 JLPT_3,J_{zaxL58i
油,あぶら,油,JLPT JLPT_2 JLPT_3,h++g*X+)DT
脂,あぶら,胖的,JLPT JLPT_2 JLPT_3,yaI6J=&24M
誤り,あやまり,錯誤,JLPT JLPT_2 JLPT_3,Q&O=zHLH43
粗,あら,缺陷，缺陷，故障,JLPT JLPT_2 JLPT_3,uo3L]S3}+n
嵐,あらし,風暴,JLPT JLPT_2 JLPT_3,"x>[,-C/.7:"
争う,あらそう,爭議，爭論，戰鬥,JLPT JLPT_2 JLPT_3,gCt~zB/0M*
新た,あらた,新，新鮮,JLPT JLPT_2 JLPT_3,vUk>5+m4>^
あらゆる,あらゆる,全部，每個,JLPT JLPT_2 JLPT_3,fRH=B?!]8k
表す,あらわす,表達，顯示,JLPT JLPT_2 JLPT_3,J4D9:Mg)~^
現す,あらわす,展示，出現，揭示,JLPT JLPT_2 JLPT_3,"J};,Fjv6&g"
著す,あらわす,寫，發布,JLPT JLPT_2 JLPT_3,A}kQPl<:b_
現れ,あらわれ,表達，指示，符號,JLPT JLPT_2 JLPT_3,wIR$)+P>p)
現れる,あらわれる,出現（v.i。），變得可見；表達,JLPT Intermediate_Japanese JLPT_3 JLPT_2 Intermediate_Japanese_Ln.8,uNu]Gn1cS@
ありがとう,ありがとう,謝謝,JLPT JLPT_2 JLPT_3,"BCk,]QT,C;"
在る; 有る,ある,活著，存在,JLPT JLPT_2 JLPT_3,ugXsXN3GZ/
或,ある,一定...，有些...,JLPT JLPT_2 JLPT_3,fPA~S.(r2^
あるいは,あるいは,或者，也許,JLPT JLPT_2 JLPT_3,GpvtMObv5I
アルバム,アルバム,專輯,JLPT JLPT_2 JLPT_3,LY~;26p.Bn
泡,あわ,泡沫，泡沫,JLPT JLPT_2 JLPT_3,xuN<Cc$=0q
合わせる,あわせる,結合,JLPT Intermediate_Japanese JLPT_3 JLPT_2 Intermediate_Japanese_Ln.14,I=R#`?=:d[
慌てる,あわてる,變得困惑，恐慌,JLPT JLPT_2 JLPT_3,QKvMMW7GPN
哀れ,あわれ,無助，可悲，可悲,JLPT JLPT_2 JLPT_3,Di(vg]NB]7
案,あん,計劃，計劃，建議,JLPT JLPT_2 JLPT_3,wa#Lw#FwSj
案外,あんがい,不料,JLPT JLPT_2 JLPT_3,c{:][-]9cx
暗記,あんき,記憶，內心學習,JLPT JLPT_2 JLPT_3,J|(sO>=G;)
安定,あんてい,穩定性，平衡,JLPT JLPT_2 JLPT_3,tq=A(a}mBR
あんなに,あんなに,在這個程度上,JLPT JLPT_2 JLPT_3,qL7ozV1EL!
あんまり,あんまり,不是很少,JLPT JLPT_2 JLPT_3,nQM2*X0Uly
胃,い,胃,JLPT Intermediate_Japanese JLPT_3 JLPT_2 Intermediate_Japanese_Ln.12,J;|<l]nldO
委員,いいん,委員,JLPT JLPT_2 JLPT_3,"yw,e]%D0#"
意外,いがい,意外，令人驚訝,JLPT JLPT_2 JLPT_3,w~HVZz5(Yv
行き,いき,去,JLPT JLPT_2 JLPT_3,sv:5&WPn~-
行き,ゆき,去,JLPT JLPT_2 JLPT_3,Qo3!wH.:.8
息,いき,氣息,JLPT JLPT_2 JLPT_3,Mg6)U{FFzO
勢い,いきおい,力量，活力，動力,JLPT JLPT_2 JLPT_3,b/)jjg52IA
生き物,いきもの,生物，生物,JLPT JLPT_2 JLPT_3,cJD+|G`QOg
いけない,いけない,一定不能做，不好，錯了,JLPT JLPT_2 JLPT_3,rH~_kL3NSH
医師,いし,醫生，醫生,JLPT JLPT_2 JLPT_3,L]3urgx$u7
意思,いし,意圖，目的,JLPT JLPT_2 JLPT_3,GeK4#dpi2R
意志,いし,意志,JLPT JLPT_2 JLPT_3,F^=nB=4_Bt
維持,いじ,維護，保存,JLPT JLPT_2 JLPT_3,NkxQSQGjpb
意識,いしき,意識，感官,JLPT JLPT_2 JLPT_3,B.j@@N??C@
異常,いじょう,陌生，異常，混亂,JLPT JLPT_2 JLPT_3,O08lYk-IK<
意地悪,いじわる,惡意，卑鄙，不友善,JLPT JLPT_2 JLPT_3,Q2_n%:>L!6
泉,いずみ,春天，噴泉,JLPT JLPT_2 JLPT_3,l*ms=cUi*A
いずれ,いずれ,在哪裡，誰，誰,JLPT JLPT_2 JLPT_3,tyll~{/>;}
以前,いぜん,在過去;前,JLPT Intermediate_Japanese JLPT_3 JLPT_2 Intermediate_Japanese_Ln.15,vzioeTDgh&
板,いた,木板，木板,JLPT JLPT_2 JLPT_3,rTsp9B=&#y
偉大,いだい,偉大,JLPT JLPT_2 JLPT_3,Dj58mSmcXd
抱く,いだく,持有（v.t。）（書面表達），擁抱，寄予,JLPT Intermediate_Japanese JLPT_3 JLPT_2 Intermediate_Japanese_Ln.8,bnBW}<VC5Y
いたずら,いたずら,技巧，實用的笑話,JLPT JLPT_2 JLPT_3,GffoWqmg)Q
いただきます,いただきます,進餐前的感激表達,JLPT JLPT_2 JLPT_3,jhTihku]b|
痛み,いたみ,疼痛，疼痛，酸痛,JLPT JLPT_2 JLPT_3,fCH])@V^N}
至る,いたる,來，到達,JLPT JLPT_2 JLPT_3,go_hN=pqmn
市,いち,市場，公平,JLPT_1 JLPT JLPT_2 JLPT_3,b}j[=OS2%d
位置,いち,位置，位置,JLPT JLPT_2 JLPT_3,rRL{bp[klU
一時,いちじ,一段時間，暫時,JLPT JLPT_2 JLPT_3,rZn?lv+;:4
一度に,いちどに,一下子,JLPT JLPT_2 JLPT_3,AK)V=Yq3mS
市場,いちば,市場，集市,JLPT JLPT_2 JLPT_3,DBqN2uJ#li
いつか,いつか,有一天，有一天,JLPT JLPT_2 JLPT_3,FR_y9u}n#<
一家,いっか,家庭，氏族,JLPT JLPT_2 JLPT_3,l/wm^:qD$x
一種,いっしゅ,一種物種，一種，一種,JLPT JLPT_2 JLPT_3,sn._eGR[}-
一瞬,いっしゅん,片刻，瞬間,JLPT JLPT_2 JLPT_3,Qq!{_/r0wa
一生,いっしょう,整個人生,JLPT Intermediate_Japanese JLPT_3 JLPT_2 Intermediate_Japanese_Ln.8,AtHZ6K9AwM
一層,いっそう,更多，更多,JLPT JLPT_2 JLPT_3,CjCbT!QO~}
一体,いったい,一個對象；身體;到底是什麼？一般來說,JLPT JLPT_2 JLPT_3,K?hP0<cU>&
一致,いっち,協議;一致性,JLPT JLPT_2 JLPT_3,ysxIQslQyD
いつでも,いつでも,（at）任何時候，總是,JLPT JLPT_2 JLPT_3,N>sX%eJi!w
いつのまにか,いつのまにか,在知道之前,JLPT JLPT_2 JLPT_3,D<V5f@i{!T
一般,いっぱん,一般，平均,JLPT JLPT_2 JLPT_3,mhggl5@LT?
一方,いっぽう,另一方面;同時,JLPT JLPT_2 JLPT_3,ta7h-#VP%b
いつまでも,いつまでも,永遠，永遠，永遠,JLPT JLPT_2 JLPT_3,r@zE/Lc+82
移動,いどう,遷移，運動,JLPT JLPT_2 JLPT_3,yz:o#%V|;@
従兄弟,いとこ,表弟（男）,JLPT JLPT_2 JLPT_3,CcBJPKt<s5
従姉妹,いとこ,表弟（女）,JLPT JLPT_2 JLPT_3,s78r`;/ON~
稲,いね,水稻植物,JLPT JLPT_2 JLPT_3,HQD[kKI--m
居眠り,いねむり,打zing，點頭,JLPT JLPT_2 JLPT_3,p&}.agckN6
命,いのち,生活,JLPT JLPT_2 JLPT_3,"z7V@a,~`Re"
違反,いはん,違反（法律），侵權,JLPT JLPT_2 JLPT_3,jOqAs(GP-H
衣服,いふく,衣服,JLPT JLPT_2 JLPT_3,pHoA66%Mk&
居間,いま,客廳,JLPT JLPT_2 JLPT_3,G/@=.gt:M?
今に,いまに,不久，很快,JLPT JLPT_2 JLPT_3,E1NlCS5^&;
今にも,いまにも,任何時候，很快,JLPT JLPT_2 JLPT_3,Kiwg*7Fayc
イメージ,イメージ,一個人的形象,JLPT JLPT_2 JLPT_3,m5PWtQuC8
否,いや,不，Noes,JLPT JLPT_2 JLPT_3,t%b|d?y!x;
以来,いらい,從此開始,JLPT JLPT_2 JLPT_3,wKMM5>=Rhf
依頼,いらい,要求;依賴,JLPT Intermediate_Japanese JLPT_3 JLPT_2 Intermediate_Japanese_Ln.15,"A,;GX*Z1pN"
いらいら,いらいら,變得緊張，刺激,JLPT JLPT_2 JLPT_3,cX)s!En;S_
いらっしゃい,いらっしゃい,歡迎,JLPT JLPT_2 JLPT_3,c2%8d/UU0k
医療,いりょう,醫療，醫療,JLPT JLPT_2 JLPT_3,kJzii8E*wG
岩,いわ,岩石,JLPT JLPT_2 JLPT_3,G|eL<b]=]q
祝い,いわい,慶祝活動，節日,JLPT JLPT_2 JLPT_3,GZfmX5Jx8(
祝う,いわう,祝賀，慶祝,JLPT JLPT_2 JLPT_3,X@UPs?&].
言わば,いわば,可以這麼說,JLPT JLPT_2 JLPT_3,ISB~|Yz?TD
いわゆる,いわゆる,所謂的說話,JLPT Intermediate_Japanese JLPT_3 JLPT_2 Intermediate_Japanese_Ln.14,pIL=hHO-Je
インク,インク,墨水,JLPT JLPT_2 JLPT_3,q1l^_2FS@C
印刷,いんさつ,印刷,JLPT JLPT_2 JLPT_3,M!0uun/z}U
印象,いんしょう,印象,JLPT JLPT_2 JLPT_3,Q*RbG8|1@p
引退,いんたい,退休,JLPT JLPT_2 JLPT_3,CiE>>/IlUa
インタビュー,インタビュー,面試,JLPT Intermediate_Japanese JLPT_3 JLPT_2 Intermediate_Japanese_Ln.15,Lr#jpXZo&{
引用,いんよう,引用，引用,JLPT JLPT_2 JLPT_3,mgmTGyy@R!
ウイスキー,ウイスキー,威士忌酒,JLPT JLPT_2 JLPT_3,pU);qhPs)v
上,うわ,上，外表面,JLPT JLPT_2 JLPT_3,Alx@.Upj.V
魚,うお,魚,JLPT JLPT_2 JLPT_3,"OhV1B,p7lY"
うがい,うがい,垃圾,JLPT Intermediate_Japanese JLPT_3 JLPT_2 Intermediate_Japanese_Ln.12,k@]kPJW~yl
受け取る,うけとる,接受，獲得，接受,JLPT JLPT_2 JLPT_3,"Jr/,h++/bg"
動かす,うごかす,移動，移動,JLPT JLPT_2 JLPT_3,NB>1{PM|;}
兎,うさぎ,兔子，野兔,JLPT JLPT_2 JLPT_3,"fu:N<z:T,%"
牛,うし,牛，牛,JLPT Intermediate_Japanese JLPT_3 JLPT_2 Intermediate_Japanese_Ln.10,f~4k*~tyLI
失う,うしなう,輸掉，分開,JLPT Intermediate_Japanese JLPT_3 JLPT_2 Intermediate_Japanese_Ln.14,pYDJ7QMJY3
疑う,うたがう,懷疑，不信任,JLPT JLPT_2 JLPT_3,rNjW1$Ny&Q
宇宙,うちゅう,宇宙，宇宙，空間,JLPT JLPT_2 JLPT_3,z$:a2a^Sj:
討つ,うつ,攻擊，報仇,JLPT JLPT_2 JLPT_3,PyYz(3~uk@
撃つ,うつ,進攻，射擊,JLPT JLPT_2 JLPT_3,E~&l5[EXS/
うっかり,うっかり,粗心無意中,JLPT Intermediate_Japanese JLPT_3 JLPT_2 Intermediate_Japanese_Ln.15,e}eZDDJ?#=
映す,うつす,投影，反思，投射（陰影）,JLPT JLPT_2 JLPT_3,v%$=^xk|L|
訴える,うったえる,抱怨，呼籲，起訴（一個人）,JLPT Intermediate_Japanese JLPT_3 JLPT_2 Intermediate_Japanese_Ln.12,q3vDC2@R>l
写る,うつる,被拍照，投影,JLPT JLPT_2 JLPT_3,CI<Sr}lwt|
映る,うつる,被反映，出來（照片）,JLPT JLPT_2 JLPT_3,b:A%=5OyPu
うなる,うなる,吟，mo吟,JLPT JLPT_2 JLPT_3,s+o0tk>SxK
奪う,うばう,搶劫，剝奪,JLPT JLPT_2 JLPT_3,wyO.=2:4&2
馬,うま,馬;促進主教（以日本國際象棋稱為shogi）,JLPT Intermediate_Japanese JLPT_3 JLPT_2 Intermediate_Japanese_Ln.10,I-Qwz&8r5B
生まれ,うまれ,出生，出生地,JLPT JLPT_2 JLPT_3,deVvQ9]dKk
有無,うむ,是或否，存在或不存在,JLPT JLPT_2 JLPT_3,q6A?^f?DMI
梅,うめ,李子，最低（三層排名系統的最低）,JLPT JLPT_2 JLPT_3,unQPf%DK.[
埋める,うめる,埋葬，填充，填充（座位，空置位置）,JLPT JLPT_2 JLPT_3,wtEE639hh4
裏切る,うらぎる,背叛，變成叛徒,JLPT JLPT_2 JLPT_3,hCN[eLWk|~
羨ましい,うらやましい,嫉妒，令人羨慕,JLPT JLPT_2 JLPT_3,P/?}=]sJqp
売れる,うれる,要出售,JLPT JLPT_2 JLPT_3,"wjQK4P,#&y"
噂,うわさ,謠言，八卦,JLPT JLPT_2 JLPT_3,iJw30XJ732
運,うん,運氣,JLPT JLPT_2 JLPT_3,"niW>.BR,WX"
運転,うんてん,操作，駕駛,JLPT JLPT_2 JLPT_3,x@0Upz+IK7
柄,え,手柄（劍，匕首等），握住,JLPT_1 JLPT JLPT_2 JLPT_3,vAFwXg-!s2
永遠,えいえん,永恆，永生，永生,JLPT JLPT_2 JLPT_3,DxPif#CAiw
永久,えいきゅう,永恆，永生，永生,JLPT JLPT_2 JLPT_3,"H2N,Hwk+O>"
影響,えいきょう,影響，效果,JLPT Intermediate_Japanese JLPT_3 JLPT_2 Intermediate_Japanese_Ln.9,xzq]$1i3z}
営業,えいぎょう,業務，貿易，管理,JLPT JLPT_2 JLPT_3,xesLH`A]]j
衛星,えいせい,衛星,JLPT_1 JLPT JLPT_2 JLPT_3,mODPl+GnJ<
栄養,えいよう,營養，營養,JLPT JLPT_2 JLPT_3,D*<eW1UGaQ
笑顔,えがお,微笑（在臉上）,JLPT Intermediate_Japanese JLPT_3 JLPT_2 Intermediate_Japanese_Ln.11,"ck|m~NB,1+"
描く,えがく,畫，描述，描述,JLPT JLPT_2 JLPT_3,A%|&4/hW0O
餌,えさ,飼料，誘餌,JLPT JLPT_2 JLPT_3,kFT)$ftn@z
エネルギー,エネルギー,能量（GER：ENERGIE）,JLPT JLPT_2 JLPT_3,z36oBXl-RE
得る,える,獲得，獲獎，贏，學習,JLPT Intermediate_Japanese JLPT_3 JLPT_2 Intermediate_Japanese_Ln.11,v$jA3Lrsi]
得る,うる,獲得，獲取，獲勝,JLPT JLPT_2 JLPT_3,sT#y1FGTc!
円,えん,圓，日元,JLPT JLPT_2 JLPT_3,lsb6<icN4?
延期,えんき,推遲，休會,JLPT JLPT_2 JLPT_3,DUXFS%Wd#v
演技,えんぎ,表演，表現,JLPT JLPT_2 JLPT_3,IH<gd>zmOh
援助,えんじょ,協助，援助，支持,JLPT JLPT_2 JLPT_3,h`{I^&2VL&
エンジン,エンジン,引擎,JLPT JLPT_2 JLPT_3,qw.wG*b!Qa
演説,えんぜつ,語音，地址,JLPT JLPT_2 JLPT_3,ubLUzysT08
演奏,えんそう,音樂表演,JLPT JLPT_2 JLPT_3,G9]&KRGi[P
老い,おい,老年人,JLPT JLPT_2 JLPT_3,"Hz1%S/^$?,"
追い付く,おいつく,超越，趕上（與）,JLPT JLPT_2 JLPT_3,g{~7a$v2sm
王,おう,國王,JLPT JLPT_2 JLPT_3,k#_<4ay=~G
追う,おう,追逐，追趕,JLPT JLPT_2 JLPT_3,x%>16|CvCA
応援,おうえん,援助，幫助，幫助,JLPT JLPT_2 JLPT_3,NDS^Ak)|LB
王様,おうさま,國王,JLPT JLPT_2 JLPT_3,nKPemrJ_V5
王子,おうじ,王子,JLPT JLPT_2 JLPT_3,"L`,J_WL+]h"
応じる,おうじる,適應，回應，遵守,JLPT Intermediate_Japanese JLPT_3 JLPT_2 Intermediate_Japanese_Ln.14,"xK:s,vBFc7"
横断,おうだん,交叉,JLPT JLPT_2 JLPT_3,z/T^y6%uiO
終える,おえる,完成,JLPT JLPT_2 JLPT_3,"hO,Zn$Rx<F"
大いに,おおいに,很多，相當大（與大変（たいへん）相同），很大,JLPT Intermediate_Japanese JLPT_3 JLPT_2 Intermediate_Japanese_Ln.13,fVz%iJ3-E?
覆う,おおう,掩蓋，躲藏，隱藏,JLPT JLPT_2 JLPT_3,Lm%oB!j+E)
大家,おおや,房東,JLPT JLPT_2 JLPT_3,gc9}{t}#g|
丘,おか,山，高度,JLPT JLPT_2 JLPT_3,j@=CkW8>0!
沖,おき,外海,JLPT JLPT_2 JLPT_3,d?Pt2wu__v
奥,おく,內部，內部,JLPT JLPT_2 JLPT_3,V}(}>#0tD
贈る,おくる,呈現，給予，授予,JLPT JLPT_2 JLPT_3,rV3X4}6{nQ
起こる,おこる,發生，發生,JLPT JLPT_2 JLPT_3,jY1}sGq4X}
押える,おさえる,停止，克制，壓下,JLPT JLPT_2 JLPT_3,Om1hU>MYS0
幼い,おさない,很小，幼稚,JLPT JLPT_2 JLPT_3,uA[`]K&k.D
収める,おさめる,存儲付款，供應,JLPT JLPT_2 JLPT_3,jL2$>p8($[
納める,おさめる,存儲付款，供應,JLPT JLPT_2 JLPT_3,I#wxPQAM&H
治める,おさめる,管理，管理；征服,JLPT JLPT_2 JLPT_3,Groy5Mh=b[
お辞儀,おじぎ,弓,JLPT JLPT_2 JLPT_3,N&e8jCT!9`
お洒落,おしゃれ,穿著巧妙的時尚意識,JLPT JLPT_2 JLPT_3,q1.@7#(;?<
お喋り,おしゃべり,chat不休，說話,JLPT JLPT_2 JLPT_3,J0fhZBKfSu
汚染,おせん,污染，污染,JLPT JLPT_2 JLPT_3,I?+Cu[l]f]
恐らく,おそらく,也許,JLPT JLPT_2 JLPT_3,kL/tl<Mv0J
恐れる,おそれる,害怕，害怕,JLPT JLPT_2 JLPT_3,x;Xt$GbU:n
恐ろしい,おそろしい,可怕，可怕,JLPT JLPT_2 JLPT_3,JGyLnws+gz
教わる,おそわる,被教,JLPT JLPT_2 JLPT_3,"j.|V-R,hM8"
お互い,おたがい,相互互惠，彼此,JLPT Intermediate_Japanese JLPT_3 JLPT_2 Intermediate_Japanese_Ln.1,"I%(y!,oeu|"
穏やか,おだやか,冷靜，溫柔，安靜,JLPT JLPT_2 JLPT_3,iQhH7HaHk_
男の人,おとこのひと,男人,JLPT JLPT_3 JLPT_2 Genki_Ln.7 Genki,Bqnqcw;5C8
大人しい,おとなしい,服從，溫順，安靜,JLPT JLPT_2 JLPT_3,NiKO$K>WA9
劣る,おとる,落後於,JLPT JLPT_2 JLPT_3,Kb0v_SukC>
鬼,おに,Ogre，惡魔，“ IT”（例如，在標籤遊戲中）,JLPT JLPT_2 JLPT_3,Ewa5_MZt)z
帯,おび,樂隊，腰帶,JLPT JLPT_2 JLPT_3,x^<)4<JIn8
お昼,おひる,午餐，中午,JLPT JLPT_2 JLPT_3,"QU,c7/WKET"
オフィス,オフィス,辦公室,JLPT JLPT_2 JLPT_3,t+v1qGjm`2
溺れる,おぼれる,被淹死，沉迷於,JLPT JLPT_2 JLPT_3,L6mI#frmDD
お前,おまえ,您（唱歌），存在（高人物）,JLPT JLPT_2 JLPT_3,kiGe-uw>iW
おめでとう,おめでとう,恭喜！ ，一個吉祥的場合！,JLPT JLPT_2 JLPT_3,IjwH:94kN^
お目に掛かる,おめにかかる,遇見〜，看〜,JLPT JLPT_2 JLPT_3,O[qSUns&-f
思い付く,おもいつく,想到，打擊,JLPT JLPT_2 JLPT_3,phC=E!Uzsp
思い出,おもいで,回憶，回憶，回憶,JLPT JLPT_3 JLPT_2 Genki_Ln.23 Genki,C>r<Y|QfhA
主に,おもに,主要是，主要是,JLPT JLPT_2 JLPT_3,KJv^Ck6t)-
思わず,おもわず,無意，自發,JLPT JLPT_2 JLPT_3,mqEM$vUJ]Z
泳ぎ,およぎ,游泳,JLPT JLPT_2 JLPT_3,p%YEcD<#qK
およそ,およそ,大約是大約,JLPT JLPT_2 JLPT_3,cmb!OC{1dV
及ぼす,およぼす,施加，引起鍛煉,JLPT JLPT_2 JLPT_3,lC%7ty:^eB
下す,おろす,降低，放下,JLPT JLPT_2 JLPT_3,JRZI*AHd)D
降ろす,おろす,取下，啟動，丟棄,JLPT JLPT_2 JLPT_3,PQD_mXy>W.
卸す,おろす,出售批發，磨碎的（蔬菜）,JLPT JLPT_2 JLPT_3,GT*kAh$cd0
音,おん,聲音，請注意,JLPT JLPT_2 JLPT_3,gkN]*wY]?s
恩,おん,偏愛，義務，感激之情,JLPT JLPT_2 JLPT_3,"A4Iq0-B@,;"
温暖,おんだん,溫暖,JLPT JLPT_2 JLPT_3,N&n<_QP1.Q
温度,おんど,溫度,JLPT JLPT_2 JLPT_3,NA1Ge#l-~k
可,か,可通過,JLPT JLPT_2 JLPT_3,l:l&EInHym
蚊,か,蚊子,JLPT JLPT_3 JLPT_2 Genki Genki_Ln.21,j=4=()Uwi2
課,か,部門部,JLPT JLPT_2 JLPT_3,QQ1!.:!+a[
カー,カー,車,JLPT JLPT_2 JLPT_3,o!p+_Rb<h*
カード,カード,卡，凝乳,JLPT JLPT_2 JLPT_3,"F,Np^@m5hi"
貝,かい,貝殼，貝類,JLPT JLPT_2 JLPT_3,HNd6/BU{>X
害,がい,傷害，損害,JLPT JLPT_2 JLPT_3,g|Fzqe^$7$
会員,かいいん,會員，會員,JLPT JLPT_2 JLPT_3,li]JQ4<Kd[
絵画,かいが,圖片，繪畫,JLPT JLPT_2 JLPT_3,emKUHOyrV`
海外,かいがい,外國，國外，海外,JLPT JLPT_2 JLPT_3,qq4=IgxkU<
会計,かいけい,帳戶，財務,JLPT JLPT_2 JLPT_3,bX?OL%f/L+
解決,かいけつ,解決，解決方案，解決方案,JLPT JLPT_2 JLPT_3,rmn(v?B?3g
会合,かいごう,會議，集會,JLPT JLPT_2 JLPT_3,f9BQ|i/j|}
外交,がいこう,外交,JLPT JLPT_2 JLPT_3,A]90<@ohwE
開始,かいし,開始，開始，開始,JLPT JLPT_2 JLPT_3,qgkolirBJK
解釈,かいしゃく,解釋，解釋,JLPT JLPT_2 JLPT_3,Ih/AkEg/|E
外出,がいしゅつ,郊遊，出去,JLPT JLPT_2 JLPT_3,Ol@%UFQ/rD
改善,かいぜん,改進，改進,JLPT JLPT_2 JLPT_3,fv+>GYURp:
快適,かいてき,愉快，很愉快,JLPT JLPT_2 JLPT_3,Bh^`k;OTy|
回復,かいふく,恢復（疾病），康復，修復,JLPT JLPT_2 JLPT_3,wc6OB#:n9.
飼う,かう,保持；擁有（寵物）；提高；餵食,JLPT Genki_Ln.11 JLPT_3 JLPT_2 Genki,wfURRt4tC[
帰す,かえす,寄回,JLPT JLPT_2 JLPT_3,LZ<.!]FC|8
代える,かえる,交換，交換，替代,JLPT JLPT_2 JLPT_3,Ccj6!`~jPu
替える,かえる,交換，交換，替代,JLPT JLPT_2 JLPT_3,"Fv2F,v+u]8"
換える,かえる,交換，交換，替代,JLPT JLPT_3 JLPT_2 Genki_Ln.23 Genki,mmtj;wD(Zd
反る,かえる,要經扭曲，扭曲，彎曲,JLPT JLPT_2 JLPT_3,"vDLMxa,sN/"
香り,かおり,香氣，香氣,JLPT JLPT_2 JLPT_3,me}_g<26n*
画家,がか,畫家,JLPT JLPT_2 JLPT_3,Pl:-st.KZ+
抱える,かかえる,握住或攜帶或攜帶,JLPT JLPT_2 JLPT_3,"PQR[r=WB$,"
価格,かかく,價格，價值,JLPT JLPT_2 JLPT_3,xFP@p4LxH5
化学,かがく,化學,JLPT JLPT_2 JLPT_3,Sh/.K7MGJ
輝く,かがやく,發光，閃閃發光，閃閃發光,JLPT JLPT_2 JLPT_3,Dzyp)tD%e
係,かかり,負責人,JLPT JLPT_2 JLPT_3,Q&QZSK._J<
罹る,かかる,遭受痛苦,JLPT JLPT_2 JLPT_3,h_Phc0xEm%
限る,かぎる,限制，限制，局限,JLPT JLPT_2 JLPT_3,Ku)jdi.uTn
掻く,かく,刮擦,JLPT JLPT_2 JLPT_3,K):N$B19m+
描く,かく,畫，描述，描述,JLPT JLPT_2 JLPT_3,grO;5{y}I|
嗅ぐ,かぐ,嗅探，聞到,JLPT JLPT_2 JLPT_3,vaKqc&PyP9
家具,かぐ,家具,Genki_Ln.15 JLPT JLPT_3 JLPT_2 Genki,gqN}MYosw6
学,がく,學習，知識,JLPT JLPT_2 JLPT_3,w:XhV>-rir
額,がく,數量;框架,JLPT JLPT_2 JLPT_3,iG]&$wbDKv
覚悟,かくご,解決，辭職，準備就緒,JLPT JLPT_2 JLPT_3,j/*:m6x0J)
確実,かくじつ,確定性，可靠性，健全性,JLPT JLPT_2 JLPT_3,Nzie2SM<&O
学者,がくしゃ,學者,JLPT JLPT_2 JLPT_3,RamhNRc=y:
学習,がくしゅう,研究，學習,JLPT JLPT_2 JLPT_3,PHg7|5Zlfd
隠す,かくす,隱藏，隱藏,JLPT JLPT_2 JLPT_3,vMufH!:aAV
拡大,かくだい,放大倍率，擴大,JLPT JLPT_2 JLPT_3,f7kQq91Ua<
確認,かくにん,確認，確認,JLPT JLPT_2 JLPT_3,kk{ITQ}D*5
学問,がくもん,獎學金，學習，學習,JLPT JLPT_2 JLPT_3,Jk{+Uk9@=d
隠れる,かくれる,隱藏，隱藏,JLPT JLPT_2 JLPT_3,Iv9k~&!9Sa
影,かげ,陰影，陰影，另一面,JLPT JLPT_2 JLPT_3,e~q8TnSV#A
陰,かげ,陰影，陰影，另一面,JLPT JLPT_2 JLPT_3,JZ1GmL8t.y
欠ける,かける,缺乏,JLPT JLPT_2 JLPT_3,c*r`UH]nG8
加減,かげん,調整;加法和減法,JLPT JLPT_2 JLPT_3,h.?lP}8!)~
過去,かこ,過去的,JLPT Intermediate_Japanese JLPT_3 JLPT_2 Intermediate_Japanese_Ln.13,"dbDE7?,;2l"
籠,かご,籃子，籠子,JLPT JLPT_2 JLPT_3,nt-Kbv73>]
囲む,かこむ,包圍，環繞,JLPT JLPT_2 JLPT_3,"AC8Gt39]%,"
火災,かさい,大火，火,JLPT JLPT_2 JLPT_3,C?jW[uV]~u
重なる,かさなる,要堆積，彼此躺在上面,JLPT JLPT_2 JLPT_3,qEGvs]3ApH
重ねる,かさねる,堆積，在另一個上放東西，堆積,JLPT JLPT_2 JLPT_3,i%7_$Pa~m]
飾り,かざり,裝飾,JLPT JLPT_2 JLPT_3,b$htguAWNP
貸し,かし,貸款，貸款,JLPT JLPT_2 JLPT_3,hK1t$y~&<
菓子,かし,糖果，甜美,JLPT JLPT_2 JLPT_3,uK+`Lg$t0E
家事,かじ,家庭事項；家務勞動（與家の仕事（いえのしごと）相同）,JLPT Intermediate_Japanese JLPT_3 JLPT_2 Intermediate_Japanese_Ln.14 Genki_Ln.22 Genki,oS4iCB;y-f
賢い,かしこい,明智，聰明，聰明,JLPT JLPT_2 JLPT_3,rE7F6b61Rm
歌手,かしゅ,歌手,JLPT Genki_Ln.11 JLPT_3 JLPT_2 Genki,NmC8EM=]mA
数,かず,數字，數字，金額,JLPT Intermediate_Japanese JLPT_3 JLPT_2 Intermediate_Japanese_Ln.3,DD:chgc^KO
稼ぐ,かせぐ,賺取收入，勞動,JLPT JLPT_2 JLPT_3,rzTOas5wcB
数える,かぞえる,計數,JLPT JLPT_2 JLPT_3,J-q>{61#D9
型,かた,模具，模型，樣式,JLPT JLPT_2 JLPT_3,p8F!A2no<N
肩,かた,肩膀,JLPT JLPT_2 JLPT_3,dyYF&B&tH[
堅い,かたい,堅硬，堅固，堅固,JLPT JLPT_2 JLPT_3,Pf^;5Zn/;l
硬い,かたい,堅硬，堅固，堅固,JLPT JLPT_2 JLPT_3,"A5A<hg!,v}"
方々,かたがた,人,JLPT JLPT_2 JLPT_3,hkfynYZJHd
片付く,かたづく,訂立，解決,JLPT JLPT_2 JLPT_3,ijUQHB/ROv
刀,かたな,劍，軍刀,JLPT JLPT_2 JLPT_3,E>:sV*K^8H
語る,かたる,說話，告訴，背誦,JLPT JLPT_2 JLPT_3,K~y=o(hWS(
勝ち,かち,勝利，勝利,JLPT JLPT_2 JLPT_3,f)TI}tuNi!
価値,かち,價值，價值，優點,JLPT JLPT_2 JLPT_3,B$%nCt/^FZ
がっかり,がっかり,感到失望，沮喪，沮喪,JLPT JLPT_2 JLPT_3,r9|(w>UYj4
活気,かっき,活力;活潑活力;活力,JLPT Intermediate_Japanese JLPT_1 JLPT_3 JLPT_2 Intermediate_Japanese_Ln.10,HUA^lTjb!P
楽器,がっき,樂器,JLPT Genki_Ln.13 JLPT_3 JLPT_2 Genki,zj[&tINbu_
学期,がっき,學期（學校）,JLPT JLPT_2 JLPT_3,rPinGb_30Q
活動,かつどう,動作，活動,JLPT JLPT_2 JLPT_3,wt]>L`Ku^c
活躍,かつやく,活動,JLPT JLPT_2 JLPT_3,eCZu2QGL8i
活用,かつよう,結合；實際用途,JLPT JLPT_2 JLPT_3,fVw4kRg|j)
仮定,かてい,假設，假設，假設,JLPT JLPT_2 JLPT_3,O=OdQ3=*sS
過程,かてい,過程,JLPT JLPT_2 JLPT_3,x/zB4*S269
課程,かてい,課程，課程,JLPT JLPT_2 JLPT_3,"g,{yU7}}eo"
悲しむ,かなしむ,難過，哀悼，後悔,JLPT JLPT_2 JLPT_3,z^+]Gk=mf_
必ずしも,かならずしも,（不是）總是，（不是）一定是,JLPT JLPT_2 JLPT_3,vW8w*Wj8S6
かなり,かなり,相當公平，相當,JLPT Intermediate_Japanese JLPT_3 JLPT_2 Intermediate_Japanese_Ln.7,zc@WXAK&cO
金,かね,金，金屬；錢,JLPT JLPT_2 JLPT_3,sL^]E[vBWQ
鐘,かね,貝爾，鐘,JLPT JLPT_2 JLPT_3,uWo]p3>gV)
可能,かのう,可能，可行，可行,JLPT JLPT_2 JLPT_3,s89#AFndfj
株,かぶ,庫存;樹樁（樹的）,JLPT JLPT_2 JLPT_3,i!::Yg?ZPB
被る,かぶる,穿;被覆蓋,JLPT JLPT_2 JLPT_3,KZvZ3xJvf=
我慢,がまん,耐心，耐力，毅力,JLPT JLPT_2 JLPT_3,b.uAP*cO(_
上,かみ,第一卷；優質質量；政府,JLPT JLPT_2 JLPT_3,B2f-z2M%?X
神,かみ,上帝,JLPT JLPT_2 JLPT_3,bOG}3!+.y2
雷,かみなり,雷,JLPT JLPT_2 JLPT_3,A`y:r{2n8V
髪の毛,かみのけ,頭髮（頭）,JLPT JLPT_2 JLPT_3,k>oV)Rt7]w
科目,かもく,（學校）學科，課程，課程,JLPT JLPT_2 JLPT_3,mt1}<&PDy^
かもしれない,かもしれない,也許，也許,JLPT JLPT_2 JLPT_3,"fXI7dlE,H5"
かゆい,かゆい,發癢，發癢,JLPT JLPT_2 JLPT_3,i@bIkK/P`w
歌謡,かよう,歌曲，民謠,JLPT JLPT_2 JLPT_3,B8j5MHOl3a
空,から,空的,JLPT JLPT_2 JLPT_3,"LiJsM!pT#,"
殻,から,殼，果殼，船體,JLPT JLPT_2 JLPT_3,"F87p.DC4,p"
柄,がら,圖案;建造;特點,JLPT JLPT_2 JLPT_3,uk^tW>*afz
刈る,かる,剪下（頭髮），割草（草），收穫,JLPT JLPT_2 JLPT_3,ON/-tkLwG!
河,かわ,河流,JLPT JLPT_2 JLPT_3,mIM2jXP:@M
皮,かわ,皮膚，皮革，皮革,JLPT JLPT_2 JLPT_3,C<.^aCL_QG
革,かわ,皮革,JLPT JLPT_2 JLPT_3,z`KQfm{h;f
可愛そう,かわいそう,貧窮，可憐，可悲,JLPT JLPT_2 JLPT_3,jCbD|/Ou5e
可愛らしい,かわいらしい,可愛，甜美,JLPT JLPT_2 JLPT_3,KYl^v5PK_;
乾かす,かわかす,乾燥,JLPT JLPT_2 JLPT_3,JoU47]zU{d
渇く,かわく,渴了,JLPT JLPT_2 JLPT_3,g:zQk;6g:U
代る,かわる,取代，放鬆，被代替,JLPT JLPT_2 JLPT_3,f9j%&rI)[J
缶,かん,可以，錫,JLPT_1 JLPT JLPT_2 JLPT_3,fnx%_qW>Wk
勘,かん,感知，直覺，第六感,JLPT JLPT_2 JLPT_3,lle<t+CbfW
考え,かんがえ,思考，思想，想法,JLPT JLPT_2 JLPT_3,ry3gkU$VWf
感覚,かんかく,感覺，感覺,JLPT JLPT_2 JLPT_3,"p)VaZN,wP="
間隔,かんかく,空間，間隔，SPC,JLPT JLPT_2 JLPT_3,qbs8.xdCB<
観客,かんきゃく,觀眾，觀眾,JLPT Intermediate_Japanese JLPT_3 JLPT_2 Intermediate_Japanese_Ln.7,j%h6<&[KnW
環境,かんきょう,環境，情況,JLPT JLPT_3 JLPT_2 Genki Genki_Ln.21,v:iQ;XlPLV
歓迎,かんげい,歡迎，接待,JLPT Intermediate_Japanese JLPT_3 JLPT_2 Intermediate_Japanese_Ln.5,e6r/_jeu;I
観光,かんこう,觀光,Genki_Ln.15 JLPT JLPT_3 JLPT_2 Genki,n*g6UOKH98
観察,かんさつ,觀察，調查,JLPT JLPT_2 JLPT_3,q)XNacsL_{
感じ,かんじ,感覺，感覺，印象,JLPT JLPT_2 JLPT_3,w_sfjfQ#7V
感謝,かんしゃ,謝謝，感激,JLPT JLPT_2 JLPT_3,H)_*dziOH#
患者,かんじゃ,病人,JLPT Intermediate_Japanese JLPT_3 JLPT_2 Intermediate_Japanese_Ln.12,ow]ljz^dy0
勘定,かんじょう,計算，計數，考慮,JLPT JLPT_2 JLPT_3,lT@?`jcn/-
感情,かんじょう,情感，感覺，情感,JLPT JLPT_2 JLPT_3,KwSZ]};@<N
感じる,かんじる,感覺到,JLPT JLPT_2 JLPT_3,"tat.#S,YWC"
感心,かんしん,欽佩,JLPT JLPT_2 JLPT_3,Ll7N}.KB!4
関心,かんしん,關注，興趣,JLPT JLPT_2 JLPT_3,ugNZxV5.;6
関する,かんする,關心，關聯,JLPT JLPT_2 JLPT_3,j?=:~N:vEw
完成,かんせい,完整，完成；完美,JLPT JLPT_2 JLPT_3,Gz+d-Na>Wq
完全,かんぜん,完美，完整性,JLPT JLPT_2 JLPT_3,"mx8.$z,opn"
乾燥,かんそう,乾燥，乾旱，脫水,JLPT JLPT_2 JLPT_3,o&PKDt@8.N
感想,かんそう,（一個人的印象，（一個人）的想法,JLPT Intermediate_Japanese JLPT_3 JLPT_2 Intermediate_Japanese_Ln.11,LSEXg:S7:(
感動,かんどう,深深地感動，興奮,JLPT JLPT_2 JLPT_3,mO)}<zEdx8
監督,かんとく,監督，控制，（電影）導演,JLPT Intermediate_Japanese JLPT_3 JLPT_2 Intermediate_Japanese_Ln.7,J6H&uZ7Px>
管理,かんり,控制，管理（例如，業務）,JLPT JLPT_2 JLPT_3,GKHgUyo>J7
完了,かんりょう,完成，結論,JLPT JLPT_2 JLPT_3,nU7gs|>hqI
関連,かんれん,關係，連接，相關性,JLPT JLPT_2 JLPT_3,qM07gcK[)f
議員,ぎいん,飲食，國會或議會議員,JLPT JLPT_2 JLPT_3,HgQ-~|%58x
記憶,きおく,記憶，回憶，紀念,JLPT JLPT_2 JLPT_3,"E,/>3<s?|+"
気温,きおん,溫度（天氣 - 不用於事物）,JLPT Genki_Ln.12 JLPT_3 JLPT_2 Genki,BBA~snq[*i
機械,きかい,機器，機械,JLPT Intermediate_Japanese JLPT_3 JLPT_2 Intermediate_Japanese_Ln.14,"gbY2LYN_B,"
器械,きかい,樂器,JLPT JLPT_2 JLPT_3,l7Ho]DDWuu
議会,ぎかい,飲食，國會，議會,JLPT JLPT_2 JLPT_3,lGMTgzdnaN
期間,きかん,期限，學期,JLPT JLPT_2 JLPT_3,iw;V~SjnTE
機関,きかん,引擎;機構，組織,JLPT JLPT_2 JLPT_3,OOR48r}N5c
企業,きぎょう,行業，業務，承諾,JLPT Intermediate_Japanese JLPT_3 JLPT_2 Intermediate_Japanese_Ln.14,"m,c9$UCg]/"
効く,きく,有效,JLPT JLPT_2 JLPT_3,LC`=c%l]6(
期限,きげん,截止日期，學期,JLPT JLPT_2 JLPT_3,DXtaD5za4M
機嫌,きげん,幽默，脾氣，心情,JLPT JLPT_2 JLPT_3,g?wFVr$Cb>
気候,きこう,氣候,JLPT JLPT_2 JLPT_3,zi^=GdE6J`
岸,きし,銀行，海岸，岸,JLPT JLPT_2 JLPT_3,hm_._Qp@I~
生地,きじ,織物;麵團,JLPT JLPT_2 JLPT_3,0J|w~z~jj
記事,きじ,文章，新聞故事,JLPT JLPT_2 JLPT_3,D?VHH^x3x^
技師,ぎし,工程師，技術人員,JLPT JLPT_2 JLPT_3,u=&Ix|N:mj
記者,きしゃ,記者,JLPT Intermediate_Japanese JLPT_3 JLPT_2 Intermediate_Japanese_Ln.15,L%Xdco]ND%
傷,きず,傷口，受傷，受傷,JLPT JLPT_2 JLPT_3,Q?7OEINT{!
期待,きたい,期望，期待，希望,JLPT JLPT_2 JLPT_3,q|E5|~(~TI
気体,きたい,蒸氣，天然氣,JLPT JLPT_2 JLPT_3,BVN])vG*1F
帰宅,きたく,回家,JLPT JLPT_2 JLPT_3,z!%Pu#*l7[
貴重,きちょう,寶貴，有價值,JLPT JLPT_2 JLPT_3,i#)MEqHOiw
議長,ぎちょう,總統,JLPT JLPT_2 JLPT_3,ivgef2]KwO
きちんと,きちんと,準確，準確,JLPT JLPT_2 JLPT_3,"r#L,S)sfK&"
きつい,きつい,緊密，緊密，緊張,JLPT JLPT_2 JLPT_3,j)>u~$9^*r
気付く,きづく,注意，認識，意識到,JLPT JLPT_2 JLPT_3,xDh?wq7iT8
気に入る,きにいる,喜歡，請,JLPT JLPT_2 JLPT_3,"uegN*W,m$w"
記入,きにゅう,進入，填寫表格,JLPT JLPT_2 JLPT_3,vlEX%x--1.
記念,きねん,紀念，記憶,JLPT JLPT_2 JLPT_3,H8>Vf=G.}w
機能,きのう,功能，教師,JLPT JLPT_2 JLPT_3,QB(9=:5m2@
気の毒,きのどく,可憐，可惜,JLPT JLPT_2 JLPT_3,qiFq+*QK@q
寄付,きふ,捐款，捐贈,JLPT JLPT_2 JLPT_3,P<<3-~akkr
希望,きぼう,希望，願望，願望,JLPT Intermediate_Japanese JLPT_3 JLPT_2 Intermediate_Japanese_Ln.3,"rKl|qTb,g-"
基本,きほん,基礎，基礎,JLPT Intermediate_Japanese JLPT_3 JLPT_2 Intermediate_Japanese_Ln.15,r&MTg)%4_-
決まり,きまり,解決，結論，規則,JLPT JLPT_2 JLPT_3,DmsWlm^9ML
気味,きみ,- 像， - 看起來， - 看起來,JLPT JLPT_2 JLPT_3,iNru&P?85/
奇妙,きみょう,奇怪，酷兒，好奇,JLPT JLPT_2 JLPT_3,LWN?@8(b&a
義務,ぎむ,職責，義務，責任,JLPT JLPT_2 JLPT_3,Da7kYMio|S
疑問,ぎもん,問題，問題，懷疑,JLPT JLPT_2 JLPT_3,zRRFu?JoKE
逆,ぎゃく,反向，相反,JLPT JLPT_2 JLPT_3,EiDH#>VXk9
キャプテン,キャプテン,隊長,JLPT JLPT_2 JLPT_3,pQT]>v52;$
キャンプ,キャンプ,營,JLPT Genki_Ln.11 JLPT_3 JLPT_2 Genki,F4[L_8oSn
旧,きゅう,前任-,JLPT JLPT_2 JLPT_3,wKI{_3LgUf
級,きゅう,班級，等級，等級,JLPT JLPT_2 JLPT_3,ywhuZF1TJ0
球,きゅう,地球，球，球,JLPT JLPT_2 JLPT_3,P<LmV^}EUI
休暇,きゅうか,假期，假期，休息日,JLPT Intermediate_Japanese JLPT_3 JLPT_2 Intermediate_Japanese_Ln.1,HtR8NVhhfe
休憩,きゅうけい,休息，休息，中場休息,JLPT JLPT_2 JLPT_3,M?^9bN:14o
急激,きゅうげき,突然，陡峭，激進,JLPT JLPT_2 JLPT_3,bR.b24bzOE
吸収,きゅうしゅう,吸收，吸力,JLPT JLPT_2 JLPT_3,uP}=0<A&zm
救助,きゅうじょ,救濟，援助，救援,JLPT JLPT_2 JLPT_3,x{|!Zu?h8!
急速,きゅうそく,快速（例如進步）,JLPT JLPT_2 JLPT_3,H*fw]->cqe
休息,きゅうそく,休息，放鬆，放鬆,JLPT JLPT_2 JLPT_3,mFQb-ci%=n
急に,きゅうに,突然,JLPT JLPT_2 JLPT_3,nbPHpp}wLe
給料,きゅうりょう,工資，工資,Genki_Ln.17 JLPT JLPT_3 JLPT_2 Genki,bFBKO):>Pu
器用,きよう,熟練，方便,JLPT JLPT_2 JLPT_3,j>:wz+YD-O
教科書,きょうかしょ,教科書,JLPT Intermediate_Japanese JLPT_3 JLPT_2 Genki_Ln.6 Intermediate_Japanese_Ln.13 Genki,kkoTF|;.kp
競技,きょうぎ,遊戲，比賽，比賽,JLPT JLPT_2 JLPT_3,c3-]g>CAR$
行儀,ぎょうぎ,舉止,JLPT JLPT_2 JLPT_3,yCsCHa$b|3
供給,きょうきゅう,供應，提供,JLPT JLPT_2 JLPT_3,H.&4r-|xC*
教授,きょうじゅ,教學，教學；教授,JLPT JLPT_2 JLPT_3,j9WXPp%y<F
強調,きょうちょう,重點，壓力，壓力點,JLPT JLPT_2 JLPT_3,ekVG@ic`Qc
共通,きょうつう,共同，相互,JLPT JLPT_2 JLPT_3,iNbpa<XIBY
共同,きょうどう,合作，協會，協作,JLPT JLPT_2 JLPT_3,M&4X!=%k6!
恐怖,きょうふ,恐懼，恐怖,JLPT JLPT_2 JLPT_3,E^f~?uHKoJ
協力,きょうりょく,合作，協作,JLPT JLPT_2 JLPT_3,C?Z%aW?GmJ
強力,きょうりょく,強大，強大,JLPT JLPT_2 JLPT_3,"o`2(1ZfJ,z"
許可,きょか,許可，批准,JLPT Intermediate_Japanese JLPT_3 JLPT_2 Intermediate_Japanese_Ln.4,xgOJVyt)!-
局,きょく,辦公室，局，車站（電視，廣播）,JLPT JLPT_2 JLPT_3,tQ0a`!@5U(
巨大,きょだい,巨大，巨大，巨大,JLPT JLPT_2 JLPT_3,"xA&bS[Q4,y"
嫌う,きらう,討厭，不喜歡，討厭,JLPT JLPT_2 JLPT_3,br%KM$_?V3
霧,きり,霧，霧,JLPT JLPT_2 JLPT_3,xhY3{w-]xD
切れ,きれ,布，碎片，切割,JLPT JLPT_2 JLPT_3,no-N<tQ].O
切れる,きれる,剪得很好，要鋒利；打破（關閉）,JLPT JLPT_2 JLPT_3,vq3fa)$([j
記録,きろく,記錄，分鐘，文件,JLPT JLPT_2 JLPT_3,E9&**2T5hb
議論,ぎろん,爭論，討論，爭議,JLPT JLPT_2 JLPT_3,tHrivglW.I
金,きん,金，金屬；錢,JLPT JLPT_2 JLPT_3,}{gI`5unu
銀,ぎん,銀,JLPT JLPT_2 JLPT_3,r=)`V@J5eU
禁煙,きんえん,禁止抽煙,JLPT JLPT_2 JLPT_3,O$<^K)0$)}
金額,きんがく,金額,JLPT JLPT_2 JLPT_3,"MF#,QebEjl"
金庫,きんこ,安全，金庫,JLPT JLPT_2 JLPT_3,fW#b}db?aR
禁止,きんし,禁令，禁令,JLPT JLPT_2 JLPT_3,Gdm1sTV(+-
金銭,きんせん,錢，現金,JLPT JLPT_2 JLPT_3,gfWr=5X>7*
金属,きんぞく,金屬,JLPT JLPT_2 JLPT_3,y9?7a-hRGY
近代,きんだい,現代,JLPT JLPT_2 JLPT_3,":<%,Q>)l%"
緊張,きんちょう,張力，精神壓力，緊張,JLPT JLPT_2 JLPT_3,G?ovKqSJ{(
筋肉,きんにく,肌肉，正弦,JLPT JLPT_2 JLPT_3,rIZ[8xFGmr
金融,きんゆう,金融，金錢和銀行業務,JLPT JLPT_2 JLPT_3,ft);I1go9:
句,く,短語,JLPT JLPT_2 JLPT_3,s#j6K^u/Ut
食う,くう,（男性）（vulg。）吃飯,JLPT JLPT_2 JLPT_3,m^2{l`XD/G
偶然,ぐうぜん,（通過）機會出乎意料,JLPT Intermediate_Japanese JLPT_3 JLPT_2 Intermediate_Japanese_Ln.4,Bjglx^BH1F
臭い,くさい,臭，臭，臭味,JLPT JLPT_2 JLPT_3,wHN8;QJo.]
鎖,くさり,鏈,JLPT JLPT_2 JLPT_3,cOg]TL4|L&
腐る,くさる,腐爛，變壞,JLPT JLPT_2 JLPT_3,u_}*Hl&WiO
癖,くせ,習慣（通常是一個壞習慣），特殊性,JLPT JLPT_2 JLPT_3,Ae-]tyqPg+
管,くだ,管，管,JLPT JLPT_2 JLPT_3,pL(+IcFnzy
具体,ぐたい,混凝土，有形，材料,JLPT JLPT_2 JLPT_3,j&j}xVZwy2
下り,くだり,訓練（遠離東京）,JLPT JLPT_2 JLPT_3,ll}#-y;}nb
下る,くだる,下降，下降,JLPT JLPT_2 JLPT_3,J8{HBuKP{o
苦痛,くつう,痛苦，痛苦,JLPT JLPT_2 JLPT_3,"gHRe}_+,oB"
ぐっすり,ぐっすり,聲音睡著了，快速入睡,JLPT JLPT_2 JLPT_3,p-l^nopeNF
区別,くべつ,區別，分化，分類,JLPT JLPT_2 JLPT_3,BvvL(+LdQJ
組,くみ,班級，團隊，設定,JLPT JLPT_2 JLPT_3,Eo]xBl)F72
組合,くみあい,協會，工會,JLPT JLPT_2 JLPT_3,yqy^)Y;[n3
組む,くむ,放在一起,JLPT JLPT_2 JLPT_3,drFT5_xS_C
汲む,くむ,畫，sc，抽水,JLPT JLPT_2 JLPT_3,Q)1C!FL!I~
酌む,くむ,為了清酒,JLPT JLPT_2 JLPT_3,46h2Xe@mx
悔しい,くやしい,令人遺憾的，令人沮喪，煩惱,JLPT JLPT_2 JLPT_3,rlXMK!]p!4
位,くらい,等級，等級，大約,JLPT JLPT_2 JLPT_3,n?/Ib+~G&7
暮らし,くらし,活的;生活方式,JLPT Intermediate_Japanese JLPT_3 JLPT_2 Intermediate_Japanese_Ln.13,ur3R:N98HP
クラシック,クラシック,經典,JLPT JLPT_2 JLPT_3,gWD`rMx`.V
暮らす,くらす,生活，相處,JLPT Intermediate_Japanese JLPT_3 JLPT_2 Intermediate_Japanese_Ln.11,uz%a*.FY`[
グラス,グラス,玻璃;草,JLPT JLPT_2 JLPT_3,"o%;,f2E00;"
グランド,グランド,腺體，宏偉的（電氣）地面,JLPT JLPT_2 JLPT_3,y<]BSgg>1B
クリーム,クリーム,奶油,JLPT JLPT_2 JLPT_3,x%D6yIVKeG
繰り返す,くりかえす,重複，再次做些事情,JLPT JLPT_2 JLPT_3,x/V;r?ugpG
クリスマス,クリスマス,聖誕節,JLPT Genki_Ln.14 JLPT_3 JLPT_2 Genki,qJB4cU<;.M
狂う,くるう,生氣，擺脫秩序,JLPT JLPT_2 JLPT_3,LFsc7Cxxu?
グループ,グループ,團體,JLPT JLPT_2 JLPT_3,ml-qdb`4u(
苦しい,くるしい,艱難的;身體上劇烈,JLPT Intermediate_Japanese JLPT_3 JLPT_2 Intermediate_Japanese_Ln.15,o9TWr2(ugU
苦しむ,くるしむ,痛苦，吟，擔心,JLPT JLPT_2 JLPT_3,JPH_;zI]Eb
暮れ,くれ,年底,JLPT JLPT_2 JLPT_3,J-H`.dV)Ya
苦労,くろう,艱辛痛苦,JLPT Intermediate_Japanese JLPT_3 JLPT_2 Intermediate_Japanese_Ln.14,Qg]J+:tq@n
加える,くわえる,要加入，總結，添加（UP）,JLPT JLPT_2 JLPT_3,uHR{k-Ggpv
咥える,くわえる,在嘴裡握住東西,JLPT JLPT_2 JLPT_3,MP^AZ7xeUw
詳しい,くわしい,詳細的;滿的;準確的,JLPT Intermediate_Japanese JLPT_3 JLPT_2 Intermediate_Japanese_Ln.8,OydH!z!UV$
加わる,くわわる,加入，加入,JLPT JLPT_2 JLPT_3,C1e@=>t]o?
訓,くん,日本人閱讀漢字,JLPT JLPT_2 JLPT_3,bzc~15=D>r
軍,ぐん,陸軍，部隊，部隊,JLPT JLPT_2 JLPT_3,snlGor1;5B
郡,ぐん,國家，地區,JLPT JLPT_2 JLPT_3,bXy5Bz>=dm
軍隊,ぐんたい,軍隊，部隊,JLPT JLPT_2 JLPT_3,ztU9>^6)?#
訓練,くんれん,練習，培訓,JLPT JLPT_2 JLPT_3,FBWzrhuPIY
下,げ,在下面，下方，下方,JLPT JLPT_2 JLPT_3,JgwryRe;fM
計,けい,計劃;總計，總計,JLPT JLPT_2 JLPT_3,oeGx?<asd*
敬意,けいい,尊重，榮譽,JLPT JLPT_2 JLPT_3,PG>aot:bo~
経営,けいえい,管理，管理,JLPT JLPT_2 JLPT_3,b~su7M=0~@
景気,けいき,條件，狀態，業務（條件）,JLPT JLPT_2 JLPT_3,Ju%`{&u<L~
傾向,けいこう,趨勢，趨勢，傾向,JLPT JLPT_2 JLPT_3,j=d#Ly-}f$
警告,けいこく,警告,JLPT JLPT_2 JLPT_3,6frcgbqoo
計算,けいさん,計算，計算,JLPT JLPT_2 JLPT_3,uhjx!mhsp>
掲示,けいじ,注意，公告,JLPT JLPT_2 JLPT_3,k:vtm*1T8E
刑事,けいじ,刑事案件，（警方）偵探,JLPT JLPT_2 JLPT_3,e8dFatK7SV
芸術,げいじゅつ,（很好）藝術，藝術,JLPT Intermediate_Japanese JLPT_3 JLPT_2 Intermediate_Japanese_Ln.10,pxydrozlB3
契約,けいやく,合同，緊湊，協議,JLPT JLPT_2 JLPT_3,rb+qu;iaOF
経由,けいゆ,順便說一句,JLPT JLPT_2 JLPT_3,iaYgH/NFbB
ケース,ケース,案件,JLPT_1 JLPT JLPT_2 JLPT_3,tQq4Ps7@D>
ゲーム,ゲーム,遊戲,JLPT JLPT_2 JLPT_3,"f6tl8,95d0"
劇,げき,戲劇，玩,JLPT JLPT_2 JLPT_3,Fj4m~K@AaE
劇場,げきじょう,劇院，劇場,JLPT JLPT_2 JLPT_3,]#<%*v<%(
化粧,けしょう,化妝（化妝品）,JLPT JLPT_2 JLPT_3,kU@d`$tb#v
けち,けち,s酸，苦難,JLPT JLPT_2 JLPT_3,s#8[d||F]p
血液,けつえき,血,JLPT JLPT_2 JLPT_3,hvJ?D%;5l%
結果,けっか,結果，結果,JLPT Intermediate_Japanese JLPT_3 JLPT_2 Intermediate_Japanese_Ln.5,uus~EAck7g
欠陥,けっかん,缺陷，故障，缺陷,JLPT JLPT_2 JLPT_3,"JPtOP,>ga["
結局,けっきょく,畢竟，最終,JLPT JLPT_2 JLPT_3,jyia6$GYCZ
決心,けっしん,確定，解決方案,JLPT JLPT_2 JLPT_3,c0O1]G99<]
欠席,けっせき,缺席，不屬於,JLPT JLPT_2 JLPT_3,C}LnP5iu4O
決定,けってい,決策，決心,JLPT JLPT_2 JLPT_3,"Jp:0Ai2,VX"
欠点,けってん,故障，缺陷，無力,JLPT JLPT_2 JLPT_3,M9`w:3e`~]
結論,けつろん,結論,JLPT JLPT_2 JLPT_3,iMXuHup!!R
煙,けむり,煙，煙霧,JLPT JLPT_2 JLPT_3,lSxqx7`C*~
蹴る,ける,踢,JLPT JLPT_3 JLPT_2 Genki Genki_Ln.21,MV$~w0X!y2
券,けん,票，證書,JLPT JLPT_2 JLPT_3,hb?hf::?yp
県,けん,州,JLPT Intermediate_Japanese JLPT_3 JLPT_2 Intermediate_Japanese_Ln.7,MN<nt8!(02
見解,けんかい,意見，觀點,JLPT JLPT_2 JLPT_3,G#%jy:[3F!
限界,げんかい,限制，綁定,JLPT JLPT_2 JLPT_3,JaoBjFZQ]<
現金,げんきん,現金,JLPT Intermediate_Japanese JLPT_3 JLPT_2 Intermediate_Japanese_Ln.9,v>1Aj:QNui
言語,げんご,語言,JLPT JLPT_2 JLPT_3,ejQbjwn<j/
健康,けんこう,健康）,JLPT JLPT_2 JLPT_3,n11FRELGTJ
検査,けんさ,檢查，檢查,JLPT JLPT_2 JLPT_3,JUjY[Ey:u:
現在,げんざい,現在（與今（いま）相同），目前，當前,JLPT Intermediate_Japanese JLPT_3 JLPT_2 Intermediate_Japanese_Ln.12,w(.$MQ!&Z<
現実,げんじつ,現實,JLPT JLPT_2 JLPT_3,F232?ww;iJ
現象,げんしょう,現象,JLPT JLPT_2 JLPT_3,FyKmxf<-vO
現状,げんじょう,現狀，現狀,JLPT JLPT_2 JLPT_3,N|BEb?m$K?
建設,けんせつ,建築，基金會,JLPT JLPT_2 JLPT_3,znx=MK$=96
現代,げんだい,今天，今天,JLPT JLPT_2 JLPT_3,fu)f(:6JAs
建築,けんちく,建築，建築,JLPT JLPT_2 JLPT_3,"NM6eAgwD,T"
見当,けんとう,估計，猜測,JLPT JLPT_2 JLPT_3,t]}1Fz~P+l
検討,けんとう,考慮，檢查，調查,JLPT JLPT_2 JLPT_3,Qr-3$@5oy:
現場,げんば,實際位置，場景，字段,JLPT JLPT_2 JLPT_3,pPYxD+.Tt<
憲法,けんぽう,憲法,JLPT JLPT_2 JLPT_3,Pt+Ua9}uUU
権利,けんり,對，特權,JLPT JLPT_2 JLPT_3,BlH<4P^#PV
後,ご,之後，從那以後,JLPT JLPT_2 JLPT_3,NFyG.<z1HC
碁,ご,去（捕獲領土的棋盤遊戲）,JLPT JLPT_2 JLPT_3,e~/B8i!5F)
恋,こい,愛，溫柔的激情,JLPT JLPT_2 JLPT_3,I%Sh/ap#4{
濃い,こい,厚（顏色為顏色，液體），緻密，濃,JLPT JLPT_2 JLPT_3,cR>i$T~1vO
恋人,こいびと,情人;親愛的;女朋友,JLPT Intermediate_Japanese JLPT_3 JLPT_2 Intermediate_Japanese_Ln.9,"lgn5l,{H`B"
幸運,こううん,祝你好運，財富,JLPT JLPT_2 JLPT_3,u*FUt2q$fc
講演,こうえん,講座，談話,JLPT Intermediate_Japanese JLPT_3 JLPT_2 Intermediate_Japanese_Ln.15,"vP=[7BPl,E"
効果,こうか,效果，結果,JLPT JLPT_2 JLPT_3,vT0BrdLKhF
硬貨,こうか,硬幣,JLPT JLPT_2 JLPT_3,"qBE<@>&,:4"
高価,こうか,高價,JLPT JLPT_2 JLPT_3,J01j$uto]T
豪華,ごうか,豪華，華麗，奢侈,JLPT JLPT_2 JLPT_3,VKR/XQP(/
合格,ごうかく,成功，傳球（例如，考試）,JLPT JLPT_2 JLPT_3,wSq<0USuY5
交換,こうかん,交換，交換,JLPT JLPT_2 JLPT_3,FoW0]ZL+c.
航空,こうくう,航空，飛行,JLPT JLPT_2 JLPT_3,gKh#|Nhux
光景,こうけい,場景，奇觀,JLPT JLPT_2 JLPT_3,uTN)wO>N*m
合計,ごうけい,總計總額,JLPT JLPT_2 JLPT_3,z@(R~.`dKi
攻撃,こうげき,攻擊，罷工，進攻,JLPT JLPT_2 JLPT_3,fbxr=B^K{z
貢献,こうけん,貢獻，服務,JLPT JLPT_2 JLPT_3,im57ib}9qS
広告,こうこく,廣告,JLPT Genki_Ln.13 Intermediate_Japanese JLPT_3 JLPT_2 Intermediate_Japanese_Ln.15 Genki,qa5XPpB~K$
交際,こうさい,友誼，協會，熟人,JLPT JLPT_2 JLPT_3,nH$6L6<H;R
校舎,こうしゃ,校舍,JLPT JLPT_2 JLPT_3,x5W<B+BK>R
後者,こうしゃ,後者,JLPT JLPT_2 JLPT_3,kUquk|vi;&
工場,こうば,工廠，工廠,JLPT JLPT_2 JLPT_3,"kU8AM-,iY!"
公正,こうせい,正義，公平，公正,JLPT JLPT_2 JLPT_3,N@!)sH2_75
構成,こうせい,組織，組成,JLPT JLPT_2 JLPT_3,Fd-KLO&b~!
高速,こうそく,高速，高齒輪,JLPT JLPT_2 JLPT_3,"B,HIrwQ4QK"
行動,こうどう,行動，行為，行為,JLPT JLPT_2 JLPT_3,Q_m+2cq0*[
強盗,ごうとう,搶劫，入室盜竊,JLPT JLPT_2 JLPT_3,lC8A_#]SF+
後輩,こうはい,小組的初級成員,JLPT JLPT_3 JLPT_2 Genki_Ln.22 Genki,exC.)`@)h[
幸福,こうふく,幸福，祝福,JLPT JLPT_2 JLPT_3,KnC^{e}c.-
公平,こうへい,公平，公正，正義,JLPT JLPT_2 JLPT_3,"HfCG]C,9b3"
候補,こうほ,候選人,JLPT JLPT_2 JLPT_3,jI7M_ck/=4
考慮,こうりょ,考慮到考慮,JLPT JLPT_2 JLPT_3,ORy-9jIY.M
越える,こえる,超越，越過，越過,JLPT JLPT_2 JLPT_3,Ps<w%<}`Nz
超える,こえる,超越，越過，越過,JLPT JLPT_2 JLPT_3,rn/xivT%1v
コーチ,コーチ,教練,JLPT JLPT_2 JLPT_3,E.482d:D0W
コード,コード,代碼;繩索;弦,JLPT JLPT_2 JLPT_3,QKH0$=zpP3
氷,こおり,冰，冰雹,JLPT JLPT_2 JLPT_3,jVp@v3rS)h
凍る,こおる,凍結，被凍結到凝膠,JLPT JLPT_2 JLPT_3,A<P8Ao~%+S
ゴール,ゴール,目標,JLPT JLPT_2 JLPT_3,PTY>]PCTXK
誤解,ごかい,誤解,JLPT Intermediate_Japanese JLPT_3 JLPT_2 Intermediate_Japanese_Ln.15,FY37~etpV/
語学,ごがく,語言研究,JLPT Intermediate_Japanese JLPT_3 JLPT_2 Intermediate_Japanese_Ln.8,lSZ`^u4$^l
呼吸,こきゅう,呼吸，呼吸,JLPT JLPT_2 JLPT_3,HYaR{=4wss
故郷,こきょう,家鄉,JLPT JLPT_2 JLPT_3,x[p9$Yy?#r
極,ごく,很好，非常,JLPT JLPT_2 JLPT_3,x-os]7T;c
国語,こくご,民族語言,JLPT JLPT_2 JLPT_3,P(9q-`0&O-
国籍,こくせき,國籍,JLPT JLPT_2 JLPT_3,r.}Cb086.1
黒板,こくばん,黑板,JLPT Intermediate_Japanese JLPT_3 JLPT_2 Intermediate_Japanese_Ln.13,gM[VFRJO/m
克服,こくふく,征服，克服,JLPT JLPT_2 JLPT_3,cg-)t|ngzK
国民,こくみん,民族，人民，公民,JLPT JLPT_2 JLPT_3,K+q@X-WIB[
穀物,こくもつ,穀物，穀物，玉米,JLPT JLPT_2 JLPT_3,EVuq#tu]8|
腰,こし,臀部，腰,JLPT JLPT_2 JLPT_3,m<9C4|i/Uj
胡椒,こしょう,胡椒,JLPT JLPT_2 JLPT_3,b)_&^<=JnX
個人,こじん,個人，私人,JLPT Intermediate_Japanese JLPT_3 JLPT_2 Intermediate_Japanese_Ln.14,xJ9*Qc)q|;
越す,こす,遍歷（例如，與觀眾一起）,JLPT JLPT_2 JLPT_3,N~a2o@b;S|
超す,こす,越過，傳遞，潮流,JLPT JLPT_2 JLPT_3,E.}3vgSSP~
国家,こっか,州，國家，國家,JLPT JLPT_2 JLPT_3,g^&ilH.z=f
国会,こっかい,國家飲食，議會，國會,JLPT JLPT_2 JLPT_3,xLo2`0x`}C
国境,こっきょう,國家或國家邊界,JLPT JLPT_2 JLPT_3,"ni,}~dk?wC"
骨折,こっせつ,骨斷裂,JLPT JLPT_2 JLPT_3,KXTKU$f!R4
小包,こづつみ,包裹，包裝,JLPT JLPT_2 JLPT_3,EPSe<f!:WV
琴,こと,日本豎琴,JLPT JLPT_2 JLPT_3,lswbJ>f(+[
異なる,ことなる,有所不同,JLPT JLPT_2 JLPT_3,GI=<w6vpiE
諺,ことわざ,諺語說,JLPT JLPT_2 JLPT_3,NY!nEVJ<.6
断る,ことわる,拒絕，拒絕，解僱,JLPT JLPT_2 JLPT_3,g8Tps~wm2h
粉,こな,麵粉，粉末,JLPT JLPT_2 JLPT_3,"w.,c]65Xdw"
好み,このみ,喜歡，品味，選擇,JLPT JLPT_2 JLPT_3,gist9XPg!/
好む,このむ,喜歡，喜歡,JLPT JLPT_2 JLPT_3,O)%aoWh139
こぼす,こぼす,溢出,JLPT JLPT_2 JLPT_3,eD]eIT[NNo
こぼれる,こぼれる,溢出，溢出,JLPT JLPT_2 JLPT_3,D8@l08%7LL
塵,ごみ,垃圾，垃圾,JLPT JLPT_2 JLPT_3,A^PPEPy8?0
小麦,こむぎ,小麥,JLPT JLPT_2 JLPT_3,QFa;ZcAclR
ごめんなさい,ごめんなさい,我求你原諒，對不起，對不起,JLPT JLPT_3 JLPT_2 Genki_Ln.4 Genki,fxa7^/$d15
小屋,こや,小屋，機艙，棚子,JLPT JLPT_2 JLPT_3,L1:(fi`+1`
これら,これら,這些,JLPT JLPT_2 JLPT_3,bJ5Dn}}2bE
殺す,ころす,殺死,JLPT JLPT_2 JLPT_3,FEbGULqZc5
転ぶ,ころぶ,跌倒，跌倒,JLPT Genki_Ln.18 JLPT_3 JLPT_2 Genki,fb9L+KGLPL
今回,こんかい,現在，這一次，最近,JLPT JLPT_2 JLPT_3,v>V@:|&Nyu
今後,こんご,從現在開始，以後,JLPT JLPT_2 JLPT_3,"i[%,=_sR{<"
混雑,こんざつ,混亂，擁塞,JLPT JLPT_2 JLPT_3,nJ8&5%w5iO
こんなに,こんなに,所以，這樣，這樣,JLPT JLPT_2 JLPT_3,yp0~/ynI.y
困難,こんなん,困難，困擾,JLPT JLPT_2 JLPT_3,d&:m/eYAE}
今日,こんにち,今天，這一天,JLPT JLPT_2 JLPT_3,v>M{d#cP&m
こんにちは,こんにちは,您好，美好的一天（白天問候）,JLPT JLPT_2 JLPT_3,v[Wf5IN)l&
婚約,こんやく,訂婚，訂婚,JLPT JLPT_2 JLPT_3,"K{EyJ!,l%Q"
混乱,こんらん,混亂，混亂，混亂,JLPT JLPT_2 JLPT_3,"FayR37Z,t-"
差,さ,差異，變化,JLPT JLPT_2 JLPT_3,FOmfV#Q?35
サービス,サービス,服務，支持系統；商品或服務不收費,JLPT JLPT_2 JLPT_3,bg5_R(4_L^
際,さい,在情況下,JLPT JLPT_2 JLPT_3,Nv+d+Us](G
最高,さいこう,最高，至高無上,JLPT JLPT_2 JLPT_3,"Onra,t[Ph&"
財産,ざいさん,財產，財富，資產,JLPT JLPT_2 JLPT_3,s;c/9B[#a4
最終,さいしゅう,最後，關閉,JLPT JLPT_2 JLPT_3,flW!HkNC&a
最中,さいちゅう,中間,JLPT JLPT_2 JLPT_3,Ek!(iCG2TX
最低,さいてい,至少，最低，最壞,Genki_Ln.17 JLPT JLPT_3 JLPT_2 Genki,N/OsVi[gL-
才能,さいのう,才華，能力,JLPT JLPT_2 JLPT_3,DHNwuYd#?N
裁判,さいばん,審判，判斷,JLPT JLPT_2 JLPT_3,Cj0VNC)aXI
材料,ざいりょう,成分，材料,JLPT JLPT_2 JLPT_3,k38qoD9zt6
幸い,さいわい,幸運的是;幸運的是,JLPT Intermediate_Japanese JLPT_3 JLPT_2 Intermediate_Japanese_Ln.8,d2lSIg);.
サイン,サイン,簽名;符號;正弦,JLPT JLPT_2 JLPT_3,x?{c^]RVe$
境,さかい,邊界，邊界，精神狀態,JLPT JLPT_2 JLPT_3,QShv^7rF%|
逆らう,さからう,反對，反對，不服從,JLPT JLPT_2 JLPT_3,o`A^ehWi@^
盛り,さかり,幫助，服務,JLPT JLPT_2 JLPT_3,v$YrLV9qnx
作業,さぎょう,工作，操作，製造,JLPT JLPT_2 JLPT_3,b=vHpFfwSZ
裂く,さく,撕裂，分裂,JLPT JLPT_2 JLPT_3,LDUwnq~#Q?
昨,さく,上一年，昨天,JLPT JLPT_2 JLPT_3,GL+Y)4yXcS
作品,さくひん,工作，作品，生產,JLPT JLPT_2 JLPT_3,MGr8G06#z_
作物,さくもつ,農產品（例如農業），農作物,JLPT JLPT_2 JLPT_3,p(LSOs6uw7
桜,さくら,櫻花，櫻桃樹,JLPT JLPT_2 JLPT_3,Jm^a%*`E!g
酒,さけ,酒精，清酒,JLPT JLPT_2 JLPT_3,t}%j30SHEF
叫ぶ,さけぶ,大喊，哭泣,JLPT JLPT_2 JLPT_3,E5;W<1MI2|
避ける,さける,避免（身體接觸）；阻止，避免,JLPT Intermediate_Japanese JLPT_3 JLPT_2 Intermediate_Japanese_Ln.15,QIaY:U+_Wa
支える,ささえる,支持，保持，維持,JLPT JLPT_2 JLPT_3,e#(-!es11Q
刺さる,ささる,堅持，被卡住,JLPT JLPT_2 JLPT_3,di2BW%43-n
刺す,さす,刺，咬（例如，蟲子），刺，刺,JLPT JLPT_3 JLPT_2 Genki Genki_Ln.21,e48t5Q~CL_
指す,さす,指出，,JLPT JLPT_2 JLPT_3,k`e;TAGgko
挿す,さす,插入，放入，移植,JLPT JLPT_2 JLPT_3,"MY60EU`x,H"
注す,さす,倒（飲料），服務（飲料）,JLPT JLPT_2 JLPT_3,qH4&#`}]gG
射す,さす,發光，罷工,JLPT JLPT_2 JLPT_3,u.)8@5Yw87
座席,ざせき,座位,JLPT Intermediate_Japanese JLPT_3 JLPT_2 Intermediate_Japanese_Ln.10,"tDVi}8QLX,"
誘う,さそう,邀請（有人與您做某事）；誘惑，誘惑,Genki_Ln.15 Intermediate_Japanese JLPT JLPT_3 JLPT_2 Intermediate_Japanese_Ln.7 Genki,t@[{w{yfI4
札,さつ,比爾，注意,JLPT JLPT_2 JLPT_3,wTy^V@~}^O
作家,さっか,作者，作家，小說家,JLPT JLPT_2 JLPT_3,BKI1ycChW6
作曲,さっきょく,（音樂的組成）,JLPT JLPT_2 JLPT_3,Io0i{.3D4v
ざっと,ざっと,大致，圓數,JLPT JLPT_2 JLPT_3,"l]%gAJA,OM"
さっぱり,さっぱり,感覺很刷新，整潔,JLPT JLPT_2 JLPT_3,"f,Wl.Ci0`l"
さて,さて,出色地;現在（通常在切換到新的（通常更重要的話題）時使用）,JLPT Intermediate_Japanese JLPT_3 JLPT_2 Intermediate_Japanese_Ln.12,LIh4>dp+/=
砂漠,さばく,沙漠,JLPT JLPT_2 JLPT_3,kKUmiT9F9W
差別,さべつ,歧視，差異化,JLPT JLPT_2 JLPT_3,dyD!/ON4A8
ママ,ママ,媽媽,JLPT JLPT_2 JLPT_3,zyZFReMUU6
豆,まめ,豆，豌豆,JLPT JLPT_2 JLPT_3,GoM5kwLZ`E
守る,まもる,保護；遵守（根據規則）,JLPT JLPT_2 JLPT_3,KIn|zt16*V
迷う,まよう,困惑，困惑，失去自己的路,JLPT JLPT_2 JLPT_3,L;:4YYq`)5
丸,まる,圈子，完整（月）,JLPT JLPT_2 JLPT_3,Q)LW*l-M`[
円,まる,圓圈,JLPT JLPT_2 JLPT_3,c11Q@w}#J~
まるで,まるで,一樣,JLPT JLPT_2 JLPT_3,nQ6e%/X<.r
万一,まんいち,有機會，如果有機會,JLPT JLPT_2 JLPT_3,H0H9j9*ddg
満足,まんぞく,滿意,JLPT JLPT_2 JLPT_3,Qfyuj9^wer
身,み,身體，主要部分,JLPT JLPT_2 JLPT_3,FD}%mUxg1n
実,み,水果，種子，良好的結果,JLPT JLPT_2 JLPT_3,j`zE[mIWkt
見送り,みおくり,看到一個,JLPT JLPT_2 JLPT_3,"zL,W$(?WXy"
味方,みかた,盟友，支持者,JLPT JLPT_2 JLPT_3,EF85/VL>m_
見事,みごと,出色，宏偉,JLPT JLPT_2 JLPT_3,FG5RYvwId;
ミス,ミス,小姐（錯誤，錯誤，失敗），小姐,JLPT_1 JLPT JLPT_2 JLPT_3,h#^4pNfLXB
満ちる,みちる,充滿，成熟,JLPT JLPT_2 JLPT_3,u[~LhQX)13
密,みつ,厚，靠近,JLPT JLPT_2 JLPT_3,Q7s<b_//qW
認める,みとめる,認識，注意；批准,JLPT Intermediate_Japanese JLPT_3 JLPT_2 Intermediate_Japanese_Ln.13 Intermediate_Japanese_Ln.3,"JetA%b8l~,"
見舞い,みまい,同情的表達，表達關注,JLPT JLPT_2 JLPT_3,nw{(:&zpou
土産,みやげ,紀念品,JLPT JLPT_2 JLPT_3,z~]qvc)tb[
都,みやこ,城市;首都,JLPT Intermediate_Japanese JLPT_3 JLPT_2 Intermediate_Japanese_Ln.10,B3uIy2Ddpn
妙,みょう,奇怪，不尋常,JLPT JLPT_2 JLPT_3,LNAQ6Xt7x$
明後日,みょうごにち,後天,JLPT JLPT_2 JLPT_3,vq>.q}^O]P
未来,みらい,未來（生活時態）,JLPT JLPT_2 JLPT_3,Ghk@nVs)kS
魅力,みりょく,魅力，迷戀，吸引力,JLPT JLPT_2 JLPT_3,w{[H?`kNh]
診る,みる,檢查（患者）,JLPT Intermediate_Japanese JLPT_3 JLPT_2 Intermediate_Japanese_Ln.12,Ap.|xWc<xg
ミルク,ミルク,牛奶,JLPT JLPT_2 JLPT_3,rW2yU+[.3;
無,む,什麼都沒有，零，零,JLPT JLPT_2 JLPT_3,M/]]Gfu|C<
向かい,むかい,面對面，對面,JLPT JLPT_2 JLPT_3,v-M][z30<G
迎え,むかえ,開會，派遣人員接送到達,JLPT JLPT_2 JLPT_3,M.JFq}D{XW
向く,むく,面對,JLPT JLPT_2 JLPT_3,"B?VOe(a,ck"
剥く,むく,去皮，皮膚,JLPT JLPT_2 JLPT_3,O9G!=VsU$R
向ける,むける,轉向，指向,JLPT JLPT_2 JLPT_3,O0#L}~28:p
無視,むし,無視，忽略,JLPT JLPT_2 JLPT_3,"H?.,UKB|]n"
蒸し暑い,むしあつい,潮濕，悶熱,JLPT JLPT_2 JLPT_3,b:SYmm(y*W
虫歯,むしば,腔，蛀牙,JLPT JLPT_2 JLPT_3,p^*~90tI~;
寧ろ,むしろ,相反，更好,JLPT JLPT_2 JLPT_3,iKd&nF*kp>
蒸す,むす,要蒸，要悶悶不樂,JLPT JLPT_2 JLPT_3,A8e|Klqr_`
結ぶ,むすぶ,領帶，束縛，鏈接,JLPT JLPT_2 JLPT_3,ymg7!.{d0`
無駄,むだ,徒勞，無用,JLPT JLPT_2 JLPT_3,f?04M}_6S/
夢中,むちゅう,迷戀，瘋狂，被迷上,JLPT JLPT_2 JLPT_3,c*kD_bu37.
胸,むね,乳房，胸部,JLPT JLPT_2 JLPT_3,yLcSyJ#.nc
無料,むりょう,免費，不收費,JLPT JLPT_2 JLPT_3,JN6`<L^h|2
芽,め,發芽,JLPT JLPT_2 JLPT_3,"j,J}0*}#hN"
明確,めいかく,清晰，確定,JLPT JLPT_2 JLPT_3,DCM(3>-lRK
名刺,めいし,（名稱）卡；名片,JLPT Intermediate_Japanese JLPT_3 JLPT_2 Intermediate_Japanese_Ln.1,K3cZp`gUUo
名詞,めいし,名詞,JLPT JLPT_2 JLPT_3,iPorDGRE(|
命じる,めいじる,命令，命令，任命,JLPT JLPT_2 JLPT_3,qg|.+Szu_I
名人,めいじん,大師，專家,JLPT JLPT_2 JLPT_3,Fni-n$8WrW
命令,めいれい,訂單，命令，法令,JLPT JLPT_2 JLPT_3,KKSB-pS%yq
迷惑,めいわく,麻煩，打擾，煩惱,JLPT JLPT_2 JLPT_3,"i.t)w,3ng-"
目上,めうえ,地位更高的人；一個人,JLPT Intermediate_Japanese JLPT_3 JLPT_2 Intermediate_Japanese_Ln.2,oNjcNV)ff[
飯,めし,飯菜，食物,JLPT JLPT_2 JLPT_3,IWA[~#BL^U
滅多に,めったに,很少（用否定動詞）很少,JLPT JLPT_2 JLPT_3,j)#=ex#L)O
メモ,メモ,備忘錄，請注意,JLPT JLPT_2 JLPT_3,"skJ)D[(,@."
面,めん,臉，杯子，表面，側面或面，角，頁面,JLPT JLPT_2 JLPT_3,"w,_Ik;ZYes"
綿,めん,棉布,JLPT JLPT_2 JLPT_3,zi)_)]=$49
免許,めんきょ,許可證，許可證，證書,JLPT JLPT_3 JLPT_2 Genki_Ln.22 Genki,giqsadF8[_
面接,めんせつ,面試,JLPT Intermediate_Japanese JLPT_3 JLPT_2 Genki Genki_Ln.23 Intermediate_Japanese_Ln.3,"G{,..f)t;T"
面倒,めんどう,麻煩，注意,JLPT JLPT_2 JLPT_3,jarwg?`xYM
メンバー,メンバー,成員,JLPT JLPT_2 JLPT_3,ioP<e}C#*T
申し込む,もうしこむ,申請，提出申請,JLPT Intermediate_Japanese JLPT_3 JLPT_2 Intermediate_Japanese_Ln.3,p-@iqxnx(*
申し訳,もうしわけ,道歉，藉口,JLPT JLPT_2 JLPT_3,"w0A,13h@XG"
毛布,もうふ,毯子,JLPT JLPT_2 JLPT_3,G|6QSL6HzW
燃える,もえる,燃燒,JLPT JLPT_2 JLPT_3,C2}(_d=*8]
目的,もくてき,目的，目標，目標,JLPT Intermediate_Japanese JLPT_3 JLPT_2 Intermediate_Japanese_Ln.3,"FrxXy0,/EI"
目標,もくひょう,馬克，目標，目標,JLPT JLPT_2 JLPT_3,eD#(2kEfi#
文字,もじ,字母（字母），角色,JLPT JLPT_2 JLPT_3,v{bw_z2KT.
文字,もんじ,字母（字母），角色,JLPT JLPT_2 JLPT_3,i}R1C0Kg[i
もしかすると,もしかすると,也許，也許是有機會的,JLPT JLPT_2 JLPT_3,E_gTNRA!W1
もしも,もしも,如果,JLPT JLPT_2 JLPT_3,Q41Ox`49(P
持ち上げる,もちあげる,提高，舉起，奉承,JLPT JLPT_2 JLPT_3,Ck3.ZXZ[6p
用いる,もちいる,使用，使用,JLPT JLPT_2 JLPT_3,so5H6d<zN+
もったいない,もったいない,浪費；一個以上值得的，不值得,JLPT JLPT_2 JLPT_3,yewBxbz7]I
尤も,もっとも,完全正確，合理，自然,JLPT JLPT_2 JLPT_3,A>F:Ft1w22
元,もと,起源，原始；以前的,JLPT JLPT_2 JLPT_3,"O)La7,`]AY"
基,もと,基礎,JLPT JLPT_2 JLPT_3,Icp_M75Xpg
素,もと,主要的,JLPT JLPT_2 JLPT_3,yGr3{oX4%H
戻す,もどす,恢復，回去，返回,JLPT JLPT_2 JLPT_3,PmY(.gc-w+
基づく,もとづく,基於,JLPT JLPT_2 JLPT_3,I&bTc?WHhL
求める,もとめる,要求，要求；尋找，尋找,JLPT Intermediate_Japanese JLPT_3 JLPT_2 Intermediate_Japanese_Ln.4,lJ&@p010:m
者,もの,人（與人（ひと）相同）,JLPT Intermediate_Japanese JLPT_3 JLPT_2 Intermediate_Japanese_Ln.3,vAI([v0H/E
物音,ものおと,聽起來,JLPT JLPT_2 JLPT_3,hL<`ZEm#E^
物語,ものがたり,故事，故事，傳奇,JLPT JLPT_2 JLPT_3,b2F39/cX@{
物事,ものごと,一切，一切,JLPT JLPT_2 JLPT_3,JYu;9)KWYP
燃やす,もやす,燃燒,JLPT JLPT_2 JLPT_3,h5FjFnJT{r
模様,もよう,圖案，圖形，設計,JLPT JLPT_2 JLPT_3,DCW6|C<9T)
文句,もんく,投訴,JLPT Intermediate_Japanese Genki JLPT_3 JLPT_2 Intermediate_Japanese_Ln.14 Genki_Ln.21 Intermediate_Japanese_Ln.11,"q,87=b37fY"
やがて,やがて,不久，很快，,JLPT Intermediate_Japanese JLPT_3 JLPT_2 Intermediate_Japanese_Ln.8,nlnms.mL_|
役,やく,角色，位置,JLPT JLPT_2 JLPT_3,sc=i9?h^tQ
約,やく,大約有些,JLPT Intermediate_Japanese JLPT_3 JLPT_2 Intermediate_Japanese_Ln.11,L31l;C5Xp=
訳,やく,翻譯,JLPT JLPT_2 JLPT_3,CmgPQjblgT
訳す,やくす,翻譯,JLPT Intermediate_Japanese JLPT_3 JLPT_2 Intermediate_Japanese_Ln.2,Cj2Ni~H!BW
役割,やくわり,分配（分配）零件，角色，職責,JLPT JLPT_2 JLPT_3,"jj*z,nk6$Z"
家賃,やちん,租,JLPT Genki_Ln.18 JLPT_3 JLPT_2 Genki,Og7<v^:R8@
厄介,やっかい,麻煩，負擔，關心,JLPT JLPT_2 JLPT_3,O_#+8qFx*C
宿,やど,旅館，住宿,JLPT JLPT_2 JLPT_3,F8A%9EzpfO
雇う,やとう,僱用，僱用,JLPT Intermediate_Japanese JLPT_3 JLPT_2 Intermediate_Japanese_Ln.8,fsV)jU5lVf
屋根,やね,屋頂,JLPT JLPT_2 JLPT_3,K@]5qy=.%v
破る,やぶる,撕裂；違反；打敗,JLPT JLPT_2 JLPT_3,Hc|1rO==::
破れる,やぶれる,被撕裂，磨損,JLPT JLPT_2 JLPT_3,Q>N&s5^Kb%
辞める,やめる,退休,JLPT JLPT_2 JLPT_3,J|2c^zFs0y
やや,やや,有點有點,JLPT JLPT_2 JLPT_3,OikgR+nKY0
唯一,ゆいいつ,只有，唯一，獨特,JLPT JLPT_2 JLPT_3,mNuH=kxM-E
勇気,ゆうき,勇氣，英勇，大膽,JLPT JLPT_2 JLPT_3,z0tdm#]12w
友好,ゆうこう,友誼,JLPT JLPT_2 JLPT_3,qSk@+t:._p
有効,ゆうこう,有效，有效,JLPT Intermediate_Japanese JLPT_3 JLPT_2 Intermediate_Japanese_Ln.10,iL.?i)%fKm
優秀,ゆうしゅう,優越，卓越,JLPT JLPT_2 JLPT_3,O^v!ja{$6}
優勝,ゆうしょう,總體勝利，冠軍,JLPT Intermediate_Japanese JLPT_3 JLPT_2 Intermediate_Japanese_Ln.7,Gxir)F$3h;
友情,ゆうじょう,友誼，團契,JLPT JLPT_2 JLPT_3,hpnSza2$^g
友人,ゆうじん,朋友（正式）,JLPT Intermediate_Japanese JLPT_3 JLPT_2 Intermediate_Japanese_Ln.15 Intermediate_Japanese_Ln.2,iE%IT=Qp]>
有能,ゆうのう,能力，有能力，高效,JLPT JLPT_2 JLPT_3,P0&QeU;_J8
郵便,ゆうびん,郵件，郵政服務,JLPT JLPT_2 JLPT_3,y1Pm-8jy]k
ユーモア,ユーモア,幽默,JLPT JLPT_2 JLPT_3,df%[k|%u*+
有利,ゆうり,有利，更好,JLPT JLPT_2 JLPT_3,H]2^aHqq32
床,ゆか,地面,JLPT JLPT_2 JLPT_3,lG~]%rmVy|
愉快,ゆかい,愉快，快樂,JLPT JLPT_2 JLPT_3,"o,+Kowdko`"
譲る,ゆずる,翻轉，分配，移交,JLPT JLPT_2 JLPT_3,Hvg@/iJB}O
豊か,ゆたか,豐富，富裕，豐富，有錢,JLPT JLPT_2 JLPT_3,"d9lbZ0yM,{"
茹でる,ゆでる,煮沸,JLPT JLPT_2 JLPT_3,vocx6RiGG7
許す,ゆるす,允許，允許，批准,JLPT Intermediate_Japanese JLPT_3 JLPT_2 Intermediate_Japanese_Ln.8,jUZ.+k2dQs
夜,よ,晚上，晚上,JLPT JLPT_2 JLPT_3,O|UO#;VR|i
夜明け,よあけ,黎明，黎明,JLPT JLPT_2 JLPT_3,P]gvvnr3UX
酔う,よう,喝醉,JLPT JLPT_2 JLPT_3,Nw#Iv9NMME
容易,ようい,簡單，簡單，簡單,JLPT JLPT_2 JLPT_3,P+bB1Di`Ky
容器,ようき,容器，船隻,JLPT JLPT_2 JLPT_3,iaea{|Cg@:
陽気,ようき,季節，天氣，快樂,JLPT JLPT_2 JLPT_3,u51di;kV4W
要求,ようきゅう,要求，要求,JLPT JLPT_2 JLPT_3,nvC?4QsNf}
用心,ようじん,護理，預防措施，謹慎,JLPT JLPT_2 JLPT_3,Flc5De-&7.
様子,ようす,方面，狀態，外觀,JLPT JLPT_2 JLPT_3,A7/`ZQ{`>8
要するに,ようするに,畢竟，簡而言之……,JLPT JLPT_2 JLPT_3,FOjPBhXtfP
要素,ようそ,元素,JLPT JLPT_2 JLPT_3,GZk%&=rm6%
要点,ようてん,要點，要點,JLPT JLPT_2 JLPT_3,Qs5wBsMZ.}
曜日,ようび,一周中的一天,JLPT JLPT_2 JLPT_3,H-|U<zuUTq
ヨーロッパ,ヨーロッパ,歐洲,JLPT JLPT_2 JLPT_3,cEJaT(aXg
予期,よき,期望，預測,JLPT JLPT_2 JLPT_3,k(Z/4d8ciX
横切る,よこぎる,越過（例如，武器），遍歷,JLPT JLPT_2 JLPT_3,ba+_Ekz}4>
汚す,よごす,污染，使骯髒,JLPT JLPT_2 JLPT_3,gASRu}ar&]
予算,よさん,估計，預算,JLPT JLPT_2 JLPT_3,k15uOKT$nk
止す,よす,停止，放棄,JLPT JLPT_2 JLPT_3,g87)Rqp|@G
寄せる,よせる,收集，聚集，擱置,JLPT JLPT_2 JLPT_3,M9{&7Gc5&~
予測,よそく,預測，估計,JLPT JLPT_2 JLPT_3,E(^1aDIi!6
ヨット,ヨット,遊艇,JLPT JLPT_2 JLPT_3,G/C^ah63g_
夜中,よなか,午夜，死了,JLPT JLPT_2 JLPT_3,QTA:28I)zV
世の中,よのなか,社會，世界,JLPT Intermediate_Japanese JLPT_3 JLPT_2 Intermediate_Japanese_Ln.14,zQaur22G#@
余分,よぶん,額外的，多餘的，盈餘,JLPT JLPT_2 JLPT_3,uLcn4c5r}h
予報,よほう,預測，預測,JLPT JLPT_2 JLPT_3,CpZ2Kf3K1p
予防,よぼう,預防，防止,JLPT JLPT_2 JLPT_3,rDZhF+<_&}
読み,よみ,閱讀,JLPT JLPT_2 JLPT_3,K?H`Don1~V
嫁,よめ,新娘，daughter婦,JLPT JLPT_2 JLPT_3,oRq&EQjfdU
余裕,よゆう,過量的;剩餘,JLPT Intermediate_Japanese JLPT_3 JLPT_2 Intermediate_Japanese_Ln.15,E;;B#u-gwT
より,より,扭曲，ply,JLPT JLPT_2 JLPT_3,"P,gDgn3/%z"
因る,よる,來自,JLPT JLPT_2 JLPT_3,bk:?0yP.}A
喜び,よろこび,歡樂，快樂，歡喜,JLPT JLPT_2 JLPT_3,K+wNM)/!OH
よろしく (かん),よろしく (かん),最好的問候，請記住我,JLPT JLPT_2 JLPT_3,uLM;15kvNe
四,よん,四個,JLPT JLPT_2 JLPT_3,FT^HSOQQHt
来,らい～,接下來〜,JLPT JLPT_2 JLPT_3,A=wX.vJ`;k
ライター,ライター,打火機;作家,JLPT JLPT_2 JLPT_3,NgUl4>*Khu
楽,らく,舒適，輕鬆,JLPT JLPT_2 JLPT_3,DiE;3Dx>c<
ラケット,ラケット,球拍,JLPT JLPT_2 JLPT_3,rc5WF%qwi^
利益,りえき,利潤，收益,JLPT JLPT_2 JLPT_3,j{(4)&Jk(I
理解,りかい,理解，理解,JLPT JLPT_2 JLPT_3,kKF%t{|4d1
陸,りく,土地，岸,JLPT JLPT_2 JLPT_3,f7mi}zh7:U
利口,りこう,聰明，精明，明亮,JLPT JLPT_2 JLPT_3,fywFMWmChi
離婚,りこん,離婚,JLPT JLPT_2 JLPT_3,PI9p-(a/mR
理想,りそう,理想的,JLPT JLPT_3 JLPT_2 Genki_Ln.23 Genki,Ev]+?).P_6
率,りつ,速率，比率，百分比,JLPT JLPT_2 JLPT_3,s+WV`q_zTd
留学,りゅうがく,出國留學,JLPT JLPT_2 JLPT_3,jA_j8gA?Xq
流行,りゅうこう,時尚，時尚，流行,JLPT JLPT_2 JLPT_3,oDwVFzWRDw
量,りょう,數量，數量,JLPT JLPT_2 JLPT_3,EL&y=qJ[p]
寮,りょう,旅館，宿舍,Genki_Ln.17 JLPT Intermediate_Japanese JLPT_3 JLPT_2 Intermediate_Japanese_Ln.2 Genki,v~j5~V9)9G
両替,りょうがえ,變更，貨幣交換,JLPT JLPT_2 JLPT_3,d:;<z]06Bi
料金,りょうきん,費用，費用，票價,JLPT Intermediate_Japanese JLPT_3 JLPT_2 Intermediate_Japanese_Ln.10,zVvm;g>0?l
例,れい,實例，示例，情況,JLPT Intermediate_Japanese JLPT_3 JLPT_2 Intermediate_Japanese_Ln.2,kB-8@n:7>K
礼,れい,表達感恩；弓,JLPT JLPT_2 JLPT_3,EZ&Acuix#;
例外,れいがい,例外,JLPT JLPT_2 JLPT_3,tw6[F{cyVX
礼儀,れいぎ,禮貌，禮貌，禮節,JLPT JLPT_2 JLPT_3,Gd12dxU_~f
冷静,れいせい,冷靜，涼爽,JLPT JLPT_2 JLPT_3,B49T]&wBB/
列,れつ,隊列，行，行,JLPT JLPT_2 JLPT_3,xG=0sSj|M]
列車,れっしゃ,火車（普通）,JLPT JLPT_2 JLPT_3,QT2^`L&p0(
レベル,レベル,等級,JLPT Intermediate_Japanese JLPT_3 JLPT_2 Intermediate_Japanese_Ln.5,zpbh!KoN[L
連想,れんそう,（思想）協會，建議,JLPT JLPT_2 JLPT_3,"NQ21Zh,%s4"
連続,れんぞく,連續，連續性，繼續,JLPT JLPT_2 JLPT_3,ODN;p&H}o6
老人,ろうじん,老年人,JLPT JLPT_2 JLPT_3,Fz<ozu`hKp
労働,ろうどう,勞動，工作,JLPT JLPT_2 JLPT_3,svW#2;;Cv:
ロケット,ロケット,locket，火箭,JLPT JLPT_2 JLPT_3,s>l2C%ZS6!
論じる,ろんじる,爭論，討論,JLPT JLPT_2 JLPT_3,PV@[>Orc)!
論争,ろんそう,爭議，爭議,JLPT JLPT_2 JLPT_3,OnROo#.Af[
論文,ろんぶん,論文，紙,JLPT JLPT_2 JLPT_3,x9Y&i=]xwo
輪,わ,戒指，箍，圓圈,JLPT JLPT_2 JLPT_3,FnX+2P-4%V
ワイン,ワイン,葡萄酒,JLPT Intermediate_Japanese JLPT_3 JLPT_2 Intermediate_Japanese_Ln.9,k_34Ad?RbL
わがまま,わがまま,自私，利己主義，故意,JLPT JLPT_2 JLPT_3,EZq`y]jF5A
別れ,わかれ,分開，分離，告別,JLPT JLPT_2 JLPT_3,OMtj+e3iBn
分かれる,わかれる,分支，與,JLPT JLPT_2 JLPT_3,"h3]%FQ}r,e"
脇,わき,邊,JLPT JLPT_2 JLPT_3,jKWknj-GZC
湧く,わく,煮沸，變熱,JLPT JLPT_2 JLPT_3,eVR+00~Wm
分ける,わける,分裂，分開,JLPT JLPT_2 JLPT_3,o0j(Vbh=Dm
わざと,わざと,故意,JLPT JLPT_2 JLPT_3,viYnUwNT3<
僅か,わずか,只是只有一點,JLPT JLPT_2 JLPT_3,q2B/3.([A6
綿,わた,棉布,JLPT JLPT_2 JLPT_3,v86=9+m*Zo
話題,わだい,主題，主題,JLPT JLPT_2 JLPT_3,z8.CmK<Fdr
笑い,わらい,笑，笑，微笑,JLPT JLPT_2 JLPT_3,DQ4$VTV1]U
割る,わる,分裂，打破,JLPT JLPT_2 JLPT_3,oEUIbaXq]C
悪口,わるくち,虐待，侮辱,JLPT JLPT_2 JLPT_3,"d]Rs;YIR,B"
我々,われわれ,我們,JLPT JLPT_2 JLPT_3,E2(6GHR8(/
湾,わん,海灣，海灣，入口,JLPT JLPT_2 JLPT_3,P6{jsCe:#w
椀,わん,碗,JLPT JLPT_2 JLPT_3,l4kkf<]hlo
碗,わん,碗,JLPT JLPT_2 JLPT_3,jaH28ERkuW
悪,あく,邪惡，惡習,JLPT_1 JLPT JLPT_3,Q1DWi+VRb<
当り,あたり,命中，成功，達到目標,JLPT_1 JLPT JLPT_3,pvdd^T@ma/
アップ,アップ,向上,JLPT_1 JLPT JLPT_3,A[u&?[.Bro
宛てる,あてる,解決，放,JLPT_1 JLPT JLPT_3,l&CGpg$n)R
アンケート,アンケート,問卷（FRE：INQUETE），調查,JLPT_1 JLPT JLPT_3,"jvw,M=`Mc4"
異,い,差異（意見）,JLPT_1 JLPT JLPT_3,KWy%Q&s$/y
意,い,將要,JLPT_1 JLPT JLPT_3,ue.p8Uogo]
医院,いいん,診所醫生辦公室（手術）,JLPT_1 JLPT JLPT_3,cxetSKwBbl
怒り,いかり,憤怒,JLPT_1 JLPT JLPT_3,eag:XoP`Iu
粋,いき,時尚，風格，純度,JLPT_1 JLPT JLPT_3,ugWhTIM%@o
意地,いじ,性格，精神，頑固，食慾,JLPT_1 JLPT JLPT_3,Bt*R$hF@~7
依然,いぜん,仍然，到目前為止,JLPT_1 JLPT JLPT_3,gx*_AN|$_R
傷める,いためる,損害，損害，破壞,JLPT_1 JLPT JLPT_3,uF3-=@-Bpo
炒める,いためる,炒,JLPT_1 JLPT JLPT_3,"G^,`T^H<Y$"
一帯,いったい,一個地區，整個地方,JLPT_1 JLPT JLPT_3,DAOK/%LCS(
異動,いどう,更改，轉移,JLPT_1 JLPT JLPT_3,ew^/izF?S5
衣料,いりょう,衣服,JLPT_1 JLPT JLPT_3,gj0|x/@YEn
渦,うず,漩渦,JLPT_1 JLPT JLPT_3,sfWs{S%^qV
埋まる,うまる,被埋葬，被填補,JLPT_1 JLPT JLPT_3,7lK)HuokX
産む,うむ,生育（v.t。），交付，生產,JLPT Intermediate_Japanese JLPT_1 JLPT_3 Intermediate_Japanese_Ln.14,r|}xM1gEOl
縁,えん,機會，領帶，關係,JLPT_1 JLPT JLPT_3,oaiH%ZtU~K
尾,お,尾巴，山脊,JLPT_1 JLPT JLPT_3,wE6#3`(P-s
負う,おう,忍受，欠,JLPT_1 JLPT JLPT_3,u~;tItu4oL
遅れ,おくれ,延遲，滯後,JLPT Intermediate_Japanese JLPT_1 JLPT_3 Intermediate_Japanese_Ln.14,l%9;2PC4x+
教え,おしえ,教義，學說,JLPT_1 JLPT JLPT_3,xPgyX4=PH+
驚き,おどろき,驚喜，驚訝，奇蹟,JLPT_1 JLPT JLPT_3,uYPDwf:Xey
織る,おる,編織,JLPT_1 JLPT JLPT_3,H-^?L/FUtJ
欠く,かく,缺乏，破裂,JLPT_1 JLPT JLPT_3,"y:z4,KW,Y-"
角,かく,角度,JLPT_1 JLPT JLPT_3,Q3RPtFjJo6
核,かく,核，內核,JLPT_1 JLPT JLPT_3,e?}Lbq98=N
格,かく,狀態，性格，案例,JLPT_1 JLPT JLPT_3,Bd<&>IEN#(
学歴,がくれき,學術背景,JLPT_1 JLPT JLPT_3,"oJD!i#Ghj,"
駆ける,かける,運行,JLPT_1 JLPT JLPT_3,AlwjF+uaKO
賭ける,かける,打賭，冒險，賭博,JLPT_1 JLPT JLPT_3,dX$E2ISF?E
課題,かだい,主題，主題，任務,JLPT_1 JLPT JLPT_3,JNxi3:**/$
片付け,かたづけ,整理，完成,JLPT_1 JLPT JLPT_3,b8#*+`Yer.
加味,かみ,調味，調味料,JLPT_1 JLPT JLPT_3,IDJ]6]i7Jx
借り,かり,借貸，債務，貸款,JLPT_1 JLPT JLPT_3,eJ@~/@E_cp
狩り,かり,打獵,JLPT_1 JLPT JLPT_3,F*!5GCg4U&
管,かん,管，管,JLPT_1 JLPT JLPT_3,fcs)GZ>f[[
～観,かん,感覺，視圖,JLPT_1 JLPT JLPT_3,L#gN7p7zR4
癌,がん,癌症,JLPT_1 JLPT JLPT_3,"p~,cAC,D+|"
刊行,かんこう,出版物，問題,JLPT_1 JLPT JLPT_3,M#=U8)QH)D
慣行,かんこう,習慣練習，習慣，傳統活動,JLPT_1 JLPT JLPT_3,xk+2IzF[p%
歓声,かんせい,歡呼，歡樂,JLPT_1 JLPT JLPT_3,"w6B,F.u4!."
官僚,かんりょう,官僚，官僚機構,JLPT_1 JLPT JLPT_3,vh@[V;%&ao
器官,きかん,器官（身體，儀器）,JLPT_1 JLPT JLPT_3,N2?AghIU$R
季刊,きかん,季度（例如雜誌）,JLPT_1 JLPT JLPT_3,I;$Bk_n?X#
起源,きげん,起源，開始，上升,JLPT_1 JLPT JLPT_3,tlShs$oI^}
機構,きこう,機制，組織,JLPT_1 JLPT JLPT_3,i}B:Es]N)f
築く,きずく,建立，建立,JLPT_1 JLPT JLPT_3,i^HMG^80!G
規制,きせい,規定,JLPT_1 JLPT JLPT_3,CN`|`I@cQ2
丘陵,きゅうりょう,爬坡道,JLPT_1 JLPT JLPT_3,"E9ld1,7]!f"
協議,きょうぎ,會議，討論，談判,JLPT_1 JLPT JLPT_3,Q?<#X?Sj/E
享受,きょうじゅ,享受，被給予,JLPT_1 JLPT JLPT_3,QIS<k>N.yl
協調,きょうちょう,合作，和解，和諧,JLPT_1 JLPT JLPT_3,q1MP[9CeAj
切り,きり,極限，離開的地方,JLPT_1 JLPT JLPT_3,B0AWr56JJ:
菌,きん,細菌，細菌,JLPT_1 JLPT JLPT_3,tmpS/:#W86
近視,きんし,近視,JLPT_1 JLPT JLPT_3,"NkNB,nl-$5"
苦,く,麻煩，擔心，困難,JLPT_1 JLPT JLPT_3,rAG1%p4z{~
群,ぐん,團體,JLPT_1 JLPT JLPT_3,"LN,Tx3PlR-"
刑,けい,處罰，判刑，懲罰,JLPT_1 JLPT JLPT_3,"lZo,b@3#8r"
経緯,けいい,事件的順序，課程,JLPT_1 JLPT JLPT_3,vg;b<1L}X}
計器,けいき,儀表，量規,JLPT_1 JLPT JLPT_3,D|{=p=rf^U
契機,けいき,機會，機會,JLPT_1 JLPT JLPT_3,K8C9CieJaA
携帯,けいたい,攜帶東西；移動電話,JLPT_1 JLPT JLPT_3,IrGZ6yI4>+
形態,けいたい,形式，形狀，圖形,JLPT_1 JLPT JLPT_3,e/5N$:Z!T-
血管,けっかん,血管,JLPT_1 JLPT JLPT_3,QbJ9AEIh9>
決行,けっこう,做（解決），執行（例如計劃）,JLPT_1 JLPT JLPT_3,F-+3sLP~)5
件,けん,物質，情況，項目,JLPT_1 JLPT JLPT_3,kQ?0ViPK+4
減少,げんしょう,減少，減少，下降,JLPT_1 JLPT JLPT_3,k4_<}lhTb#
公演,こうえん,公眾表現,JLPT_1 JLPT JLPT_3,H?FP7|9MSw
後悔,こうかい,遺憾，悔改,JLPT_1 JLPT JLPT_3,Q1e2dQ@sG$
航海,こうかい,帆，航行,JLPT_1 JLPT JLPT_3,dFa`<B!Rly
拘束,こうそく,限制，約束,JLPT_1 JLPT JLPT_3,wAH|5]9<;T
荒廃,こうはい,廢墟,JLPT_1 JLPT JLPT_3,Pi<&-yXN08
降伏,こうふく,投降，投降，提交,JLPT_1 JLPT JLPT_3,nz>D*v/PPD
興奮,こうふん,興奮，刺激,JLPT_1 JLPT JLPT_3,uG+;eVvuCD
語句,ごく,單詞，短語,JLPT_1 JLPT JLPT_3,IeE<Oj.e6u
個々,ここ,個人，一一,JLPT_1 JLPT JLPT_3,p2d:ics3}r
故人,こじん,死者,JLPT_1 JLPT JLPT_3,i${0Y&niQE
小銭,こぜに,硬幣，小變化,JLPT_1 JLPT JLPT_3,"e/(},oiNGD"
ことによると,ことによると,（取決於情況）,JLPT_1 JLPT JLPT_3,B{&~P5e&VY
コンテスト,コンテスト,競賽,JLPT_1 JLPT JLPT_3,sp5g%^>}gq
採集,さいしゅう,收集，聚會,JLPT_1 JLPT JLPT_3,Np[aMg9Zl4
作,さく,作品，收成,JLPT_1 JLPT JLPT_3,e0vQj1EM3V
策,さく,計劃，政策,JLPT_1 JLPT JLPT_3,m7/9u%VJ!K
設備,せつび,設備，設備，設施,JLPT JLPT_2 JLPT_3,LIo%jKRqQs
絶滅,ぜつめつ,破壞，滅絕,JLPT JLPT_2 JLPT_3,io[YAo{Uu@
節約,せつやく,節省，節省,JLPT JLPT_2 JLPT_3,"HN*O,b6I.s"
攻める,せめる,進攻，攻擊,JLPT JLPT_2 JLPT_3,tc4C[W7HwN
責める,せめる,譴責，責備，批評,JLPT JLPT_2 JLPT_3,h&^&{;rWzw
善,ぜん,好，美德,JLPT JLPT_2 JLPT_3,I+Wsd9&>8`
全,ぜん,全部，整個,JLPT JLPT_2 JLPT_3,"AlSQZeMOe,"
全員,ぜんいん,所有成員,JLPT JLPT_2 JLPT_3,sZoXHnMU/8
専攻,せんこう,主要主題，特別研究,JLPT JLPT_2 JLPT_3,ya8a{Dc>vj
全国,ぜんこく,整個國家，全國，全國范圍內,JLPT Intermediate_Japanese JLPT_3 JLPT_2 Intermediate_Japanese_Ln.7,^t`okG[_.
洗剤,せんざい,洗滌劑,JLPT JLPT_2 JLPT_3,L<+Y;nNWE2
先日,せんじつ,前幾天，幾天前,JLPT Intermediate_Japanese JLPT_3 JLPT_2 Intermediate_Japanese_Ln.2,u}70pX97Ud
前者,ぜんしゃ,前者,JLPT JLPT_2 JLPT_3,PvTkSo0mR<
選手,せんしゅ,選拔的球隊（通常運動）,JLPT Intermediate_Japanese JLPT_3 JLPT_2 Intermediate_Japanese_Ln.7,v.;e@CEJx|
全身,ぜんしん,全身，全長（肖像）,JLPT JLPT_2 JLPT_3,pwxE{6M)x(
前進,ぜんしん,進步，開車，進步,JLPT JLPT_2 JLPT_3,Bf[eOsL^b6
センター,センター,中心,JLPT JLPT_2 JLPT_3,CxiSJ@d^~:
全体,ぜんたい,整個，全部，無論是什麼（問題）,JLPT JLPT_2 JLPT_3,"P>z,++>r(]"
選択,せんたく,選擇，選擇,JLPT JLPT_2 JLPT_3,k:.P/+fPZu
宣伝,せんでん,廣告，宣傳,JLPT JLPT_2 JLPT_3,JC$lTUtjG[
象,ぞう,大象,JLPT Genki_Ln.13 JLPT_3 JLPT_2 Genki,q&<afrju^O
騒音,そうおん,噪音,JLPT JLPT_2 JLPT_3,Nq>ZUuvl@9
増加,ぞうか,增加，增加,JLPT JLPT_2 JLPT_3,LCq]gC<#T)
操作,そうさ,操作，管理，處理,JLPT JLPT_2 JLPT_3,"mJ]7X>,V`y"
想像,そうぞう,想像力，猜測,JLPT JLPT_2 JLPT_3,k^1Z0>wFtS
相続,そうぞく,繼承，繼承,JLPT JLPT_2 JLPT_3,gLl5L9nWQL
装置,そうち,設備，安裝，設備,JLPT JLPT_2 JLPT_3,QP$y~p+;R`
相当,そうとう,相當大，公平；值得〜,JLPT JLPT_2 JLPT_3,X|0~/xXGn
速度,そくど,速度，速度，速率,JLPT JLPT_2 JLPT_3,H;GE;N$A%]
底,そこ,底部，唯一,JLPT JLPT_2 JLPT_3,E!a4:Hc]KR
そこで,そこで,因此（conj。）,JLPT JLPT_2 JLPT_3,Q`8<U+}b2H
組織,そしき,組織;結構;組織,JLPT JLPT_2 JLPT_3,zpGgl@h_Va
そして,そして,進而,JLPT Genki_Ln.11 JLPT_3 JLPT_2 Genki,HVz1zz!rU*
注ぐ,そそぐ,倒入）,JLPT JLPT_2 JLPT_3,O|qtLZv)ag
育つ,そだつ,長大，成長（向上）,JLPT JLPT_2 JLPT_3,DVd%wrkTnE
そっくり,そっくり,分裂圖像完全,JLPT JLPT_2 JLPT_3,"il,5{T<Ci/"
そっと,そっと,輕輕輕輕地,JLPT JLPT_2 JLPT_3,dNlkAuY%B;
袖,そで,袖子,JLPT JLPT_2 JLPT_3,qAnG-iHgN/
備える,そなえる,準備，提供，存儲,JLPT JLPT_2 JLPT_3,nSf<nF|Wp=
具える,そなえる,配備,JLPT JLPT_2 JLPT_3,HK##7~;{8M
そのうえ,そのうえ,此外，此外,JLPT JLPT_2 JLPT_3,g4O`W+&@o;
そのうち,そのうち,不久之後，最終，遲早,JLPT Intermediate_Japanese JLPT_3 JLPT_2 Intermediate_Japanese_Ln.1,PuLL>@8)rT
そのまま,そのまま,沒有變化，如它（例如，現在）,JLPT JLPT_2 JLPT_3,Ct<iM4(-qV
蕎麦,そば,蕎麥麵（蕎麥麵）,JLPT JLPT_2 JLPT_3,Bbh7N0fI`c
ソファー,ソファー,沙發，沙發,JLPT Intermediate_Japanese JLPT_3 JLPT_2 Intermediate_Japanese_Ln.12,z;bE4U6LP3
粗末,そまつ,謙虛，痛苦，粗糙,JLPT JLPT_2 JLPT_3,j6Do>kVF89
それぞれ,それぞれ,每個，分別分別,JLPT JLPT_2 JLPT_3,IU/9u{#l]`
それでも,それでも,但是（仍然），但是，,JLPT JLPT_2 JLPT_3,A4Ma6XxBkC
それと,それと,和,JLPT JLPT_2 JLPT_3,qT%b.lO-Up
それとも,それとも,或者，否則,JLPT JLPT_2 JLPT_3,FIBH9OiuNP
揃う,そろう,變得完整，平等,JLPT JLPT_2 JLPT_3,eH+q6_0;;H
揃える,そろえる,把事情付諸實踐，安排,JLPT JLPT_2 JLPT_3,"Hx^8k,vcgU"
損,そん,損失，劣勢,JLPT JLPT_2 JLPT_3,r5pYyEz*uG
損害,そんがい,損壞，損失,JLPT JLPT_2 JLPT_3,KNy-!0Msk~
尊敬,そんけい,尊重，崇敬，榮譽,JLPT JLPT_2 JLPT_3,nh_pmhy#.q
存在,そんざい,存在，存在,JLPT JLPT_2 JLPT_3,Ah?vt+0Deq
尊重,そんちょう,尊重，尊重,JLPT JLPT_2 JLPT_3,h?{mP2f_-B
田,た,稻田,JLPT JLPT_2 JLPT_3,"w7MwtWnKt,"
他,た,其他（尤其是地方和事物）,JLPT JLPT_2 JLPT_3,P;is[6zAC!
対,たい,一對，夫婦，設置,JLPT JLPT_2 JLPT_3,"Moj,JFB9!<"
大,だい,大，很棒,JLPT JLPT_2 JLPT_3,LwTE(&7K+A
題,だい,標題，主題，主題,JLPT JLPT_2 JLPT_3,F^XD~^:A@0
体育,たいいく,體育，體操，田徑運動,JLPT JLPT_2 JLPT_3,CYaFjR7lk/
体温,たいおん,溫度（身體）,JLPT JLPT_2 JLPT_3,JV$<Rwhu{y
大会,たいかい,大會，（大）錦標賽，大規模會議,JLPT Intermediate_Japanese JLPT_3 JLPT_2 Intermediate_Japanese_Ln.7,qPbid=y~O&
大気,たいき,氣氛,JLPT JLPT_2 JLPT_3,"Hhm(,tKo;q"
代金,だいきん,價格，成本,JLPT JLPT_2 JLPT_3,d6Cwm*}ZjB
退屈,たいくつ,乏味，無聊,JLPT JLPT_2 JLPT_3,F(8G#=fSzj
滞在,たいざい,留下，寄宿,JLPT JLPT_2 JLPT_3,bk>r|^ok!J
大使,たいし,大使,JLPT JLPT_2 JLPT_3,zN!*9mGhu4
大した,たいした,重要，很棒，很大,JLPT Intermediate_Japanese JLPT_3 JLPT_2 Intermediate_Japanese_Ln.13,oM^M6iE>L5
体重,たいじゅう,（體重,JLPT Intermediate_Japanese JLPT_3 JLPT_2 Intermediate_Japanese_Ln.4,t`1!Oqj**T
対象,たいしょう,目標;對象（敬拜，學習等）；主題（即稅收）,JLPT Intermediate_Japanese JLPT_3 JLPT_2 Intermediate_Japanese_Ln.8,"p^#)B+1eX,"
対照,たいしょう,對比，對立，比較,JLPT JLPT_2 JLPT_3,n>fKKV=_7/
大臣,だいじん,內閣大臣,JLPT JLPT_2 JLPT_3,Ob3O=(AH>h
対する,たいする,面對，面對，反對,JLPT JLPT_2 JLPT_3,ybI4-s}gla
大戦,たいせん,偉大的戰爭，偉大的戰鬥,JLPT JLPT_2 JLPT_3,f`t4(w295-
態度,たいど,態度，態度,JLPT Intermediate_Japanese JLPT_3 JLPT_2 Intermediate_Japanese_Ln.3,CRe5#!Zg2
大統領,だいとうりょう,總統,JLPT JLPT_2 JLPT_3,mQ?{N?L_2<
大半,たいはん,大多數，大多數,JLPT Intermediate_Japanese JLPT_3 JLPT_2 Intermediate_Japanese_Ln.13,L@eG[f#yFA
代表,だいひょう,代表，代表團,JLPT Intermediate_Japanese JLPT_3 JLPT_2 Intermediate_Japanese_Ln.7,[cqqR!>%Z
大部分,だいぶぶん,大多數是多數,JLPT JLPT_2 JLPT_3,xCOUr6=j:7
タイプライター,タイプライター,打字機,JLPT JLPT_2 JLPT_3,wfroZ+;inq
逮捕,たいほ,逮捕，逮捕，捕獲,JLPT JLPT_2 JLPT_3,"mP*P.Zr^,5"
題名,だいめい,標題,JLPT JLPT_2 JLPT_3,x5M%%Ua514
ダイヤ,ダイヤ,（鐵路）時間表；鑽石,JLPT JLPT_2 JLPT_3,u65Ybwgo>d
太陽,たいよう,太陽,JLPT JLPT_2 JLPT_3,Ods5M>&o#p
平ら,たいら,平坦，水平，光滑,JLPT JLPT_2 JLPT_3,CCHa|.m;y*
代理,だいり,代表，代理，代理,JLPT JLPT_2 JLPT_3,`LJ^*Zc6.
大陸,たいりく,大陸,JLPT Intermediate_Japanese JLPT_3 JLPT_2 Intermediate_Japanese_Ln.8,"j9v8D@q,-`"
倒す,たおす,扔掉，打敗,JLPT JLPT_2 JLPT_3,O)2K@u<S75
タオル,タオル,（手）毛巾,JLPT Genki_Ln.18 JLPT_3 JLPT_2 Genki,wEC@Qp%tX#
だが,だが,但是，但是,JLPT JLPT_2 JLPT_3,yVQqFsidK:
互い,たがい,相互，彼此,JLPT JLPT_2 JLPT_3,"A/w*RxK,aS"
高める,たかめる,提高，舉起，提升,JLPT JLPT_2 JLPT_3,k95gRhn5$b
宝,たから,寶藏,JLPT JLPT_2 JLPT_3,"Ms,V*:XqhK"
宅,たく,房子，家,JLPT JLPT_2 JLPT_3,NDCW+QVEo*
炊く,たく,煮沸，做飯,JLPT JLPT_2 JLPT_3,nMc=w-?iw5
焚く,たく,燃燒，點燃，燃燒火,JLPT JLPT_2 JLPT_3,Dg<UbH>Qcm
抱く,だく,擁抱，擁抱,JLPT JLPT_2 JLPT_3,KKtZ{u;?<t
だけど,だけど,然而,JLPT JLPT_2 JLPT_3,B]!P5f2EJ8
たしか,たしか,可以肯定的是，如果我沒記錯的話,JLPT JLPT_2 JLPT_3,Ai@Savd_m@
確かめる,たしかめる,確定，確保,JLPT JLPT_2 JLPT_3,zRU$$MH{a;
多少,たしょう,一點（與少し（すこし）相同）,JLPT Intermediate_Japanese JLPT_3 JLPT_2 Intermediate_Japanese_Ln.13,Lr;d$E?/U|
助かる,たすかる,保存； （某物）幫助（v.i。）,JLPT Intermediate_Japanese Genki_Ln.18 JLPT_3 JLPT_2 Intermediate_Japanese_Ln.4 Genki,xVSsgH{D[a
助ける,たすける,幫助（v.t。），保存，營救,JLPT Intermediate_Japanese JLPT_3 JLPT_2 Genki Genki_Ln.22 Intermediate_Japanese_Ln.3,l/GW}?_@LC
ただ,ただ,免費只是（〜）;僅（〜）,JLPT Intermediate_Japanese JLPT_3 JLPT_2 Intermediate_Japanese_Ln.9 Genki_Ln.23 Genki,FnqECB)M9z
只,ただ,免費，僅,JLPT JLPT_2 JLPT_3,t3-MU5x.ml
唯,ただ,僅僅，唯一，平原,JLPT JLPT_2 JLPT_3,F%qA~M)1]b
戦い,たたかい,戰鬥，戰鬥,JLPT JLPT_2 JLPT_3,q9<05fFYz
戦う,たたかう,戰鬥，競爭，戰鬥,JLPT Intermediate_Japanese JLPT_3 JLPT_2 Intermediate_Japanese_Ln.7,Bby>Z<O$Cf
叩く,たたく,打擊，擊敗,JLPT JLPT_2 JLPT_3,qn)FIw6-x/
直ちに,ただちに,立刻立即,JLPT JLPT_2 JLPT_3,K6vcg?:lAW
畳む,たたむ,折疊（衣服）,JLPT JLPT_2 JLPT_3,rkct5mr//(
立ち上がる,たちあがる,站起來,JLPT JLPT_2 JLPT_3,HlZc:`g<19
立場,たちば,立場，位置，情況,JLPT JLPT_2 JLPT_3,m+%3thjJjg
建つ,たつ,站立;建造（v.i。），勃起，豎立,JLPT Intermediate_Japanese JLPT_3 JLPT_2 Intermediate_Japanese_Ln.10,n<i_4fThiw
経つ,たつ,（時間）通過,JLPT Intermediate_Japanese JLPT_3 JLPT_2 Intermediate_Japanese_Ln.4,"r,N`cWnW^X"
達する,たっする,到達，到達,JLPT JLPT_2 JLPT_3,wK1Ias[)#c
唯,たった,只是，只是,JLPT JLPT_2 JLPT_3,uOH:v;n@##
だって,だって,但是，因為，甚至,JLPT JLPT_2 JLPT_3,EX/P_yzE.A
たっぷり,たっぷり,充實，充滿,JLPT JLPT_2 JLPT_3,m+yv?z5be0
たとえ,たとえ,即使是,JLPT JLPT_2 JLPT_3,hFX[Llvj7<
谷,たに,谷,JLPT JLPT_2 JLPT_3,hcMe_RS(U*
他人,たにん,無關的人，陌生人,JLPT JLPT_2 JLPT_3,hCa*aP>NLK
種,たね,種子;材料;原因,JLPT JLPT_2 JLPT_3,q$QKyzwhUV
束,たば,束，捆,JLPT JLPT_2 JLPT_3,HpG5d&jd4^
足袋,たび,日本襪子（腳趾脫腳）,JLPT JLPT_2 JLPT_3,bhqtwW<taj
度,たび,櫃檯發生,JLPT JLPT_2 JLPT_3,c~q$.~Py-+
旅,たび,旅行，旅行，旅程,JLPT JLPT_2 JLPT_3,AP3&ju<[do
たびたび,たびたび,經常，經常反复,JLPT JLPT_2 JLPT_3,N_zxk]NfeP
玉,たま,球，球，硬幣,JLPT JLPT_2 JLPT_3,kel|c(YKw~
球,たま,地球，球，球,JLPT JLPT_2 JLPT_3,"IL5}@,L(HU"
弾,たま,子彈，射擊,JLPT JLPT_2 JLPT_3,t`CC/|.iog
偶,たま,夫妻，夫婦，朋友,JLPT JLPT_2 JLPT_3,H%.6|y[Mxx
騙す,だます,欺騙，作弊，欺騙,JLPT JLPT_2 JLPT_3,Lk)a>8:jDg
偶々,たまたま,出乎意料的是，偶然地偶然,JLPT JLPT_2 JLPT_3,JUx|gK)1.9
たまらない,たまらない,無法忍受，難以忍受，無法執行,JLPT JLPT_2 JLPT_3,l`8q_oGHnv
溜まる,たまる,收集，收集，積累,JLPT JLPT_2 JLPT_3,vB$#wF*|#8
黙る,だまる,保持沉默,JLPT JLPT_2 JLPT_3,s)emL*qV&)
試し,ためし,試驗，測試,JLPT JLPT_2 JLPT_3,qBNYe=mSa8
試す,ためす,嘗試，測試,JLPT JLPT_2 JLPT_3,OHz{.@pYIY
溜める,ためる,積累，收集,JLPT JLPT_2 JLPT_3,I-!#mDL3^x
便り,たより,新聞，信件，信件,JLPT JLPT_2 JLPT_3,gbz0bmQQdz
頼る,たよる,依靠，求助，依靠,JLPT JLPT_2 JLPT_3,Cpd=G;du6L
段,だん,步驟，樓梯，等級,JLPT JLPT_2 JLPT_3,CK0>fzUr{x
単位,たんい,學分（上學課程）；單位，面額,JLPT Intermediate_Japanese JLPT_3 JLPT_2 Intermediate_Japanese_Ln.3,ddo&;VY0jx
単語,たんご,單詞;詞彙,JLPT JLPT_3 JLPT_2 Genki_Ln.9 Genki,v$Mi}v}l@p
男子,だんし,年輕人,JLPT JLPT_2 JLPT_3,o|;<c@[|f3
単純,たんじゅん,簡單,JLPT JLPT_2 JLPT_3,c0+aDZX4Q5
誕生,たんじょう,出生,JLPT JLPT_2 JLPT_3,dP`<<G(e41
ダンス,ダンス,舞蹈,JLPT JLPT_2 JLPT_3,euR|T?GwM~
団体,だんたい,組織，協會,JLPT JLPT_2 JLPT_3,N[4TY72XQk
担当,たんとう,（在）電荷,JLPT JLPT_2 JLPT_3,eVQE*ebssb
単なる,たんなる,僅僅，簡單，純粹,JLPT Intermediate_Japanese JLPT_3 JLPT_2 Intermediate_Japanese_Ln.15,bCE(TsI6rY
単に,たんに,簡而言之,JLPT JLPT_2 JLPT_3,ndj9zxLbCH
地,ち,地球,JLPT JLPT_2 JLPT_3,o?b;2k}iDx
地位,ちい,（社會）地位，地位,JLPT JLPT_2 JLPT_3,PA:U(:c/cc
地域,ちいき,地區，地區,JLPT JLPT_2 JLPT_3,kp_^FvzmU=
チーズ,チーズ,起司,JLPT Intermediate_Japanese JLPT_3 JLPT_2 Intermediate_Japanese_Ln.9,v`l$a/$V*R
チーム,チーム,團隊,JLPT Intermediate_Japanese JLPT_3 JLPT_2 Intermediate_Japanese_Ln.7,zOpx4Q5dSu
知恵,ちえ,智慧，機智，智慧,JLPT JLPT_2 JLPT_3,jp9hTe)yc?
地下,ちか,地下室，地下,JLPT JLPT_2 JLPT_3,I;*P_Q7^ak
違い,ちがい,差異，差異,Genki_Ln.17 JLPT JLPT_3 JLPT_2 Genki,E&4b+:J$~A
違いない,ちがいない,（短語）當然，可以肯定地誤會,JLPT JLPT_2 JLPT_3,hLl(I;+k]7
近頃,ちかごろ,最近，最近，如今,JLPT JLPT_2 JLPT_3,f(L:7>]T]*
地球,ちきゅう,大地,JLPT JLPT_2 JLPT_3,qL[iG:?A.4
地区,ちく,區，部分,JLPT JLPT_2 JLPT_3,f^*Mzp$yP!
遅刻,ちこく,遲到，遲到,JLPT JLPT_2 JLPT_3,BI&hsIsXx!
知事,ちじ,縣長,JLPT Intermediate_Japanese JLPT_3 JLPT_2 Intermediate_Japanese_Ln.4,ISq?4C~q1c
知識,ちしき,知識，信息,JLPT Intermediate_Japanese JLPT_3 JLPT_2 Intermediate_Japanese_Ln.1,JB`8NU-%cx
父親,ちちおや,父親,JLPT JLPT_2 JLPT_3,x^b@}}_x/I
知能,ちのう,智力，大腦,JLPT JLPT_2 JLPT_3,s0*$SOLx]G
地平線,ちへいせん,地平線,JLPT JLPT_2 JLPT_3,K*ilXC|Xu$
地方,ちほう,區域，地區，地區,JLPT JLPT_2 JLPT_3,"z)]^*l}=r,"
茶,ちゃ,茶,JLPT JLPT_2 JLPT_3,"fMCQ,=~B@s"
チャンス,チャンス,機會，機會,JLPT JLPT_2 JLPT_3,m8a~R)2L&s
ちゃんと,ちゃんと,完美，正確，準確,JLPT JLPT_2 JLPT_3,fb]dH3uhx1
中,ちゅう,內部，中間,JLPT JLPT_2 JLPT_3,giNr]3xbMq
注,ちゅう,註釋，解釋性註釋,JLPT JLPT_2 JLPT_3,ewit4l?.v2
中央,ちゅうおう,中央，中心，中間,JLPT JLPT_2 JLPT_3,hbJS=^3J3d
中学,ちゅうがく,初中，初中,JLPT Intermediate_Japanese JLPT_3 JLPT_2 Intermediate_Japanese_Ln.1,BDc+1/~Gst
中古,ちゅうこ,二手,JLPT JLPT_2 JLPT_3,oGNXy5VYfH
中止,ちゅうし,懸架，停止，中斷,JLPT JLPT_2 JLPT_3,blGv@A}r>*
駐車,ちゅうしゃ,停車場（例如汽車）,JLPT JLPT_2 JLPT_3,r:>>eJ5z0v
昼食,ちゅうしょく,午餐（與晝ご飯（ひるごはん）相同）,JLPT Intermediate_Japanese JLPT_3 JLPT_2 Intermediate_Japanese_Ln.6,Ce&bm$.+x}
中心,ちゅうしん,中心，核心,JLPT Intermediate_Japanese JLPT_3 JLPT_2 Intermediate_Japanese_Ln.10,qN$B1x]6v4
注目,ちゅうもく,注意，注意力，觀察,JLPT JLPT_2 JLPT_3,D//womH([Q
注文,ちゅうもん,訂購，請求,JLPT JLPT_2 JLPT_3,"s6G1Y@{fM,"
長期,ちょうき,長時間,JLPT JLPT_2 JLPT_3,c8O%1yU]YR
調査,ちょうさ,民意調查;調查,JLPT Intermediate_Japanese JLPT_3 JLPT_2 Intermediate_Japanese_Ln.5,d$M#lyGTF?
調子,ちょうし,狀況，狀態，調子，音調,JLPT Intermediate_Japanese JLPT_3 JLPT_2 Intermediate_Japanese_Ln.5,"d]P8,Fg)ha"
頂上,ちょうじょう,頂部，山頂，峰值,JLPT JLPT_2 JLPT_3,dQdf#E1ni7
ちょうだい,ちょうだい,- 口語的ください;通常由兒童或婦女使用 -,JLPT Intermediate_Japanese JLPT_3 JLPT_2 Intermediate_Japanese_Ln.11,o/CK30c)[2
貯金,ちょきん,（存款,JLPT JLPT_2 JLPT_3,Qk=_]>V~E6
直接,ちょくせつ,直接，直接，第一手,JLPT JLPT_2 JLPT_3,s&G:wJLBgj
著者,ちょしゃ,作者，作家,JLPT JLPT_2 JLPT_3,f3<v-734W$
散らす,ちらす,分散，分散，分發,JLPT JLPT_2 JLPT_3,vw$z+tJyr%
散る,ちる,跌倒，散射（例如，開花）,JLPT JLPT_2 JLPT_3,J2:m]+werC
遂に,ついに,最後，最後,JLPT JLPT_2 JLPT_3,nxB*ZCg|Xk
通過,つうか,通過，通過,JLPT JLPT_2 JLPT_3,ph$_=yR?BI
通貨,つうか,貨幣,JLPT JLPT_2 JLPT_3,/j4TmH~2}
通学,つうがく,通勤上學,JLPT JLPT_2 JLPT_3,J:l]_|3w@r
通勤,つうきん,上班,JLPT JLPT_2 JLPT_3,e/9Ql]v_wl
通行,つうこう,通過，通過,JLPT JLPT_2 JLPT_3,c^6[uEL+8F
通じる,つうじる,跑步，導致，交流,JLPT JLPT_2 JLPT_3,t0;rVhq2PA
通信,つうしん,通訊，通信,JLPT JLPT_2 JLPT_3,jbQzL}efHR
通訳,つうやく,解釋;口譯員,JLPT Intermediate_Japanese JLPT_3 JLPT_2 Intermediate_Japanese_Ln.8,A:!.K&=/gb
捕まる,つかまる,被捕；被抓住,JLPT JLPT_3 JLPT_2 Genki Genki_Ln.21,zje2ssH%h&
掴む,つかむ,抓住，抓住，掌握,JLPT JLPT_2 JLPT_3,AX[XflD{[A
疲れ,つかれ,疲倦，疲勞,JLPT JLPT_2 JLPT_3,il1GiN=]{4
付き合い,つきあい,社會化；友誼;協會,JLPT Intermediate_Japanese JLPT_3 JLPT_2 Intermediate_Japanese_Ln.5,y]4O/.LN};
付合う,つきあう,與公司交往，與,JLPT JLPT_2 JLPT_3,comK`lsMXR
次々,つぎつぎ,連續一個,JLPT JLPT_2 JLPT_3,tMy_Cz-rgH
付く,つく,毗鄰，固定，遵守,JLPT JLPT_2 JLPT_3,CCTf>ERIuq
就く,つく,定居（位置），佔領（座位），學習（在老師的領導下）,JLPT JLPT_2 JLPT_3,f$o&/[vj_J
突く,つく,推力，罷工；戳,JLPT JLPT_2 JLPT_3,deUV5De}4o
次ぐ,つぐ,旁邊排名,JLPT JLPT_2 JLPT_3,lPJSJa%iEy
注ぐ,つぐ,倒入）,JLPT JLPT_2 JLPT_3,H]>=HALt|h
付ける,つける,連接，加入，添加,JLPT JLPT_2 JLPT_3,COK~n$@s;+
着ける,つける,穿上，穿；繪製,JLPT JLPT_2 JLPT_3,xK/@QFUs`+
伝わる,つたわる,被傳遞，要傳播,JLPT JLPT_2 JLPT_3,I(SdOHy)n4
土,つち,土，土壤,JLPT JLPT_2 JLPT_3,b0C;E+y*OO
続き,つづき,續集，延續,JLPT JLPT_2 JLPT_3,DOx[F]Tq]~
包み,つつみ,捆綁包，包裝,JLPT JLPT_2 JLPT_3,"A$,U3V5z/a"
勤め,つとめ,工作，就業,JLPT JLPT_2 JLPT_3,jyI}</P9|V
務め,つとめ,責任,JLPT JLPT_2 JLPT_3,HBnD=Z&jL.
繋がる,つながる,與之相關，與,JLPT JLPT_2 JLPT_3,o>5Zj80/>t
繋ぐ,つなぐ,領帶，固定，連接,JLPT JLPT_2 JLPT_3,dvYDG|g:)z
繋げる,つなげる,連接,JLPT JLPT_2 JLPT_3,CaP($Be11=
常に,つねに,總是（與いつも）（書面表達）,JLPT Intermediate_Japanese JLPT_3 JLPT_2 Intermediate_Japanese_Ln.11,"bxwo]l,au."
翼,つばさ,翅膀,JLPT JLPT_2 JLPT_3,h7J%]@@_.i
つまり,つまり,即換句話說;簡而言之,JLPT Intermediate_Japanese JLPT_3 JLPT_2 Intermediate_Japanese_Ln.2,Qct:$c#r&I
罪,つみ,犯罪，過錯，輕率,JLPT JLPT_2 JLPT_3,MgWjvX`Yu]
積む,つむ,堆積，堆放,JLPT JLPT_2 JLPT_3,"j$?]*}X8^,"
詰める,つめる,打包，縮短，鍛煉（詳細信息）,JLPT JLPT_2 JLPT_3,r`t;z%W._9
積もる,つもる,堆積,JLPT JLPT_2 JLPT_3,B|7C=u@tnY
梅雨,つゆ,雨季,JLPT JLPT_2 JLPT_3,Kq1aO&o3e~
辛い,つらい,痛苦，心碎,JLPT JLPT_2 JLPT_3,x#3!zMZ{Ua
釣,つり,釣魚,JLPT JLPT_2 JLPT_3,hp*Ne3T*|9
連れ,つれ,伴侶，公司,JLPT JLPT_2 JLPT_3,"M#vEpHbV,1"
出,で,流出，來（去），畢業,JLPT JLPT_2 JLPT_3,w{EtNFmA(5
出会い,であい,會議，會合，相遇,JLPT JLPT_2 JLPT_3,d]*3#}qvAo
出合い,であい,相遇,JLPT JLPT_2 JLPT_3,NNhd{.G%>}
出会う,であう,偶然見面，遇到，碰巧相遇,JLPT JLPT_2 JLPT_3,OTct<~-|UE
提案,ていあん,建議，命題，建議,JLPT JLPT_2 JLPT_3,"iGm7,)MoHt"
定期,ていき,固定期限,JLPT JLPT_2 JLPT_3,A!sHO/~:s^
抵抗,ていこう,抵抗，反對,JLPT JLPT_2 JLPT_3,N(w.Tb~N=E
提出,ていしゅつ,演示，提交，備案,JLPT JLPT_2 JLPT_3,_gNbOk8-6
停電,ていでん,電力故障,JLPT JLPT_2 JLPT_3,H}DrQpl/{h
程度,ていど,學位，金額，水平,JLPT JLPT_2 JLPT_3,F`R&X?&TVu
停留所,ていりゅうじょ,公共汽車或電車停車,JLPT JLPT_2 JLPT_3,Awx`muH^bu
デート,デート,日期（僅在“社會參與”的意義上）,JLPT Intermediate_Japanese JLPT_3 JLPT_2 Intermediate_Japanese_Ln.5 Genki_Ln.3 Genki,OE9g6(Wr!Q
敵,てき,敵人，競爭對手,JLPT JLPT_2 JLPT_3,Ea+9Js(Fd+
出来事,できごと,事件發生，事件,JLPT JLPT_2 JLPT_3,jSaj(o[]4Q
適する,てきする,適合，適合,JLPT JLPT_2 JLPT_3,BBp^;rnN&Z
適切,てきせつ,適當，足夠，相關性,JLPT JLPT_2 JLPT_3,GJ78SM<nAC
適度,てきど,緩和,JLPT JLPT_2 JLPT_3,"P,Aa?trXr^"
適用,てきよう,申請,JLPT JLPT_2 JLPT_3,F[1:.C?p}A
できれば,できれば,如果可能的話…,JLPT JLPT_2 JLPT_3,Nl1_P@+[2J
手品,てじな,魔術，魔術,JLPT JLPT_2 JLPT_3,Bmip}Vg}I5
ですから,ですから,所以,JLPT JLPT_2 JLPT_3,Jo!p#Qfr#o
鉄,てつ,鐵,JLPT JLPT_2 JLPT_3,u7QQ@g<pTi
哲学,てつがく,哲學,JLPT JLPT_2 JLPT_3,w4;9Z6RDj*
手伝い,てつだい,幫助，助手，助理,JLPT JLPT_2 JLPT_3,KsJJ=HC*D~
徹底,てってい,徹底，完整,JLPT JLPT_2 JLPT_3,u^FH5{m=7A
鉄道,てつどう,鐵路;鐵路,JLPT Intermediate_Japanese JLPT_3 JLPT_2 Intermediate_Japanese_Ln.10,fH8D~mT1*!
徹夜,てつや,整夜熬夜，不眠之夜,JLPT Intermediate_Japanese JLPT_3 JLPT_2 Intermediate_Japanese_Ln.7,"Lx.`K,!_&%"
手間,てま,時間，勞動,JLPT JLPT_2 JLPT_3,zh##v%wLiw
デモ,デモ,演示，演示,JLPT JLPT_2 JLPT_3,zxldW(*v39
典型,てんけい,類型，模式，原型,JLPT JLPT_2 JLPT_3,b#]l?Jh5h
天候,てんこう,天氣,JLPT JLPT_2 JLPT_3,Du(D%o0?(h
電子,でんし,電子;電子的,JLPT JLPT_2 JLPT_3,KF~X[<t._6
テント,テント,帳篷,JLPT JLPT_2 JLPT_3,C+]@`|c9$-
伝統,でんとう,傳統，慣例,JLPT JLPT_2 JLPT_3,b?a#:(nI:=
天然,てんねん,自然，自發性,JLPT JLPT_2 JLPT_3,mJ@k+Q+jCj
問い,とい,問題，查詢,JLPT JLPT_2 JLPT_3,qN5[}C*k;Z
党,とう,黨（政治）,JLPT JLPT_2 JLPT_3,CwN*@P-oun
塔,とう,塔，寶塔,JLPT JLPT_2 JLPT_3,K]pA87hQ2g
答案,とうあん,考試紙，考試腳本,JLPT JLPT_2 JLPT_3,MoK&)Fu]bx
同一,どういつ,身份，相同性，相似性,JLPT JLPT_2 JLPT_3,l<daK{7I?K
銅貨,どうか,銅硬幣,JLPT JLPT_2 JLPT_3,v?#F}bohO.
当時,とうじ,當時，在那些日子（與そのころ）,JLPT Intermediate_Japanese JLPT_3 JLPT_2 Intermediate_Japanese_Ln.13,cAqI6F$%jo
動詞,どうし,動詞,JLPT JLPT_2 JLPT_3,Jt^|GpM7=V
同時,どうじ,同時（同時）,JLPT JLPT_2 JLPT_3,yvg^A$k^a|
どうしても,どうしても,無論如何，無論如何，無論人們多麼努力,JLPT Intermediate_Japanese JLPT_3 JLPT_2 Intermediate_Japanese_Ln.11,u>t|EJmDdT
どうぞよろしく,どうぞよろしく,很高興認識你,JLPT JLPT_2 JLPT_3,k:&n.w>9]!
到着,とうちゃく,到達,JLPT JLPT_2 JLPT_3,i)aR;Wlc03
道徳,どうとく,德,JLPT JLPT_2 JLPT_3,F<|nkQy)11
投票,とうひょう,投票，民意調查,JLPT JLPT_2 JLPT_3,NlT[;z*wrK
東洋,とうよう,東方,JLPT JLPT_2 JLPT_3,kzZ}UECtrI
同様,どうよう,相同，相同（類型），喜歡,JLPT JLPT_2 JLPT_3,w[nqm0x.)$
童謡,どうよう,兒童歌，童謠,JLPT JLPT_2 JLPT_3,pW$[md&UnE
同僚,どうりょう,同事;同事,JLPT Intermediate_Japanese JLPT_3 JLPT_2 Intermediate_Japanese_Ln.6 Genki Genki_Ln.21,Ra.t5JBS3r
道路,どうろ,路,JLPT JLPT_2 JLPT_3,zy.8&725kR
通す,とおす,讓通過，忽視，繼續,JLPT JLPT_2 JLPT_3,iHbDjUw`ah
通り過ぎる,とおりすぎる,通過，通過,JLPT JLPT_2 JLPT_3,n%iou*]&!6
都会,とかい,城市,JLPT JLPT_2 JLPT_3,p*_|WF)kYy
溶く,とく,溶解（油漆）,JLPT JLPT_2 JLPT_3,M1t!(0fZzF
解く,とく,解開;答案，解決,JLPT JLPT_2 JLPT_3,b.j;M[.:j7
退く,どく,撤退，退縮，退出,JLPT JLPT_2 JLPT_3,c$$~C+pfb}
毒,どく,毒藥，有毒物質,JLPT JLPT_2 JLPT_3,DARItH3te]
得意,とくい,驕傲，勝利，繁榮,JLPT JLPT_2 JLPT_3,w<S{;~)l0:
読書,どくしょ,閱讀,JLPT JLPT_2 JLPT_3,F6~L<UDvE+
独身,どくしん,單身，未婚,JLPT Intermediate_Japanese JLPT_3 JLPT_2 Intermediate_Japanese_Ln.14,img~a/~?x<
特徴,とくちょう,特徵）;特徵）;特質,JLPT Intermediate_Japanese JLPT_3 JLPT_2 Intermediate_Japanese_Ln.10,dd#*-FyzHW
特長,とくちょう,Forte，優點,JLPT JLPT_2 JLPT_3,e_t7Cd~09D
独特,どくとく,特殊性，獨特性，特徵,JLPT JLPT_2 JLPT_3,"hWn,<pPOA"
独立,どくりつ,獨立（例如，印第安人日），自助,JLPT JLPT_2 JLPT_3,wgVbY)l!G:
溶ける,とける,融化，融化，溶解,JLPT JLPT_2 JLPT_3,Go3eNt+^C%
解ける,とける,取消紐帶，分開,JLPT JLPT_2 JLPT_3,E_4w+LM=cF
どこか,どこか,在某個地方，任何地方,JLPT JLPT_2 JLPT_3,n<7QA|Q%GZ
ところが,ところが,但是，即使,JLPT JLPT_2 JLPT_3,m-8$vGofT(
ところで,ところで,順便一提;即使,JLPT Intermediate_Japanese JLPT_3 JLPT_2 Intermediate_Japanese_Ln.1,yzfKCn.aBb
登山,とざん,爬山,JLPT JLPT_2 JLPT_3,N-%3i1PqFk
都市,とし,城市，城市，城市,JLPT JLPT_2 JLPT_3,tNXI!+#v:`
年月,としつき,幾個月和幾年,JLPT JLPT_2 JLPT_3,b%`/I;RJ$^
図書,としょ,圖書,JLPT JLPT_2 JLPT_3,e>Nm^AgJ])
年寄,としより,老年人，老年人,JLPT JLPT_2 JLPT_3,dH(n+sRgp{
閉じる,とじる,關閉（例如，書，眼睛），閉嘴,JLPT JLPT_2 JLPT_3,JWs?hJ:*yD
途端,とたん,只是（現在，現在，等）,JLPT JLPT_2 JLPT_3,hC>h/uXgyk
土地,とち,土地，土壤土地,JLPT JLPT_2 JLPT_3,d;>FkWx>zj
突然,とつぜん,突然，突然出乎意料,JLPT JLPT_2 JLPT_3,u9EG(SkQ{j
トップ,トップ,頂部,JLPT JLPT_2 JLPT_3,q]>Jr![.(N
届く,とどく,到達,JLPT JLPT_2 JLPT_3,e?<7!g}yZ;
とにかく,とにかく,無論如何，無論如何，無論如何,JLPT JLPT_3 JLPT_2 Genki Genki_Ln.21,im{&K_@wV
飛ばす,とばす,跳過，省略,JLPT JLPT_2 JLPT_3,Hs}AOgVJU~
飛び出す,とびだす,跳出，趕出去，飛出去,JLPT JLPT_2 JLPT_3,jD`AkcS%la
留める,とめる,固定，關閉，拘留,JLPT JLPT_2 JLPT_3,EluezN4]RV
泊める,とめる,讓某人待（一夜之間）（V.T.）,JLPT Intermediate_Japanese JLPT_3 JLPT_2 Intermediate_Japanese_Ln.1,sr$3#;WnNi
友,とも,朋友，同伴，朋友,JLPT JLPT_2 JLPT_3,I(06/Hp@B7
共に,ともに,分享，參加,JLPT JLPT_2 JLPT_3,J&blXp45W[
虎,とら,老虎,JLPT JLPT_2 JLPT_3,q3*!nq{_pc
ドライブ,ドライブ,開車，開車,JLPT Genki_Ln.11 JLPT_3 JLPT_2 Genki,"I,~F.X8Z8F"
トラック,トラック,卡車; （跑步）軌道,JLPT JLPT_2 JLPT_3,q*_SbJJ@!!
ドラマ,ドラマ,戲劇,JLPT JLPT_2 JLPT_3,mL~N]Bfwf}
トランプ,トランプ,撲克牌（點燃：特朗普）,JLPT JLPT_2 JLPT_3,m&n=U!*VAu
取り上げる,とりあげる,拿起，撿起；沒收,JLPT JLPT_2 JLPT_3,hUa->MmssI
努力,どりょく,偉大的努力，努力，努力,JLPT Intermediate_Japanese JLPT_3 JLPT_2 Intermediate_Japanese_Ln.14,P$}d5=b$SY
トレーニング,トレーニング,訓練,JLPT JLPT_2 JLPT_3,h-6r=v)@/P
ドレス,ドレス,裙子,JLPT JLPT_2 JLPT_3,wj.H_PUH[6
取れる,とれる,脫下,JLPT JLPT_2 JLPT_3,Hw{&qvpk7n
泥,どろ,泥,JLPT JLPT_2 JLPT_3,d(Q$9Oy/;r
トン,トン,噸（1000磅）。,JLPT JLPT_2 JLPT_3,c$BFN)`=lz
とんでもない,とんでもない,令人髮指，沒辦法！,JLPT JLPT_2 JLPT_3,bl*lVwAn^S
どんなに,どんなに,如何，多少,JLPT JLPT_2 JLPT_3,AecyZ~s0IY
トンネル,トンネル,隧道,JLPT JLPT_2 JLPT_3,"gyvzV/QL,O"
名,な,名稱，聲譽,JLPT JLPT_2 JLPT_3,O0j|#CZ{DW
内容,ないよう,主題，內容，細節,JLPT JLPT_2 JLPT_3,i{JT|O:vZ0
なお,なお,還是，但是,JLPT JLPT_2 JLPT_3,x$e]XDdzMn
仲,なか,關係，關係,JLPT JLPT_2 JLPT_3,x6DIm?q|TP
流す,ながす,瀝乾，漂浮，脫落（例如，血液，眼淚）,JLPT JLPT_2 JLPT_3,b9+3bd5x%g
半ば,なかば,中間，中途,JLPT JLPT_2 JLPT_3,m<2jyxDj3g
仲間,なかま,公司，同事，同事,JLPT JLPT_2 JLPT_3,O~m#4j_48)
中身,なかみ,內容）;物質,JLPT Intermediate_Japanese JLPT_3 JLPT_2 Intermediate_Japanese_Ln.13,J`BoSI)KdS
中味,なかみ,內容，內部，填充,JLPT JLPT_2 JLPT_3,iXe{m_#VVd
眺め,ながめ,場景;看法;前景;前景,JLPT Intermediate_Japanese JLPT_3 JLPT_2 Intermediate_Japanese_Ln.10,q7BF&&<kDs
眺める,ながめる,查看，凝視,JLPT JLPT_2 JLPT_3,Jux]l79hU7
流れ,ながれ,流，當前,JLPT JLPT_2 JLPT_3,d.aR+yRU]C
流れる,ながれる,流動，被沖走,JLPT JLPT_2 JLPT_3,L(]6kjxkO5
亡くす,なくす,失去一個人,JLPT JLPT_2 JLPT_3,KL@%|R=4Tw
殴る,なぐる,罷工;擊中;打孔,JLPT JLPT_3 JLPT_2 Genki Genki_Ln.21,eS]UZnH]O8
無し,なし,沒有,JLPT JLPT_2 JLPT_3,tUofx+jM%K
なぜなら,なぜなら,因為,JLPT JLPT_2 JLPT_3,H{Gk:ou^*M
謎,なぞ,謎語，拼圖，謎,JLPT JLPT_2 JLPT_3,"NDO,I}[;_1"
納得,なっとく,同意，同意，理解,JLPT JLPT_2 JLPT_3,JuwJ4CGSR`
何か,なにか,某物,JLPT JLPT_3 JLPT_2 Genki_Ln.8 Genki,j.C?;uY)C5
なにも,なにも,沒有什麼,JLPT JLPT_2 JLPT_3,MXWN];^p1V
鍋,なべ,鍋，鍋,JLPT JLPT_2 JLPT_3,mwf<LRd<l+
生,なま,原始，未加工,JLPT JLPT_2 JLPT_3,r*Fk8g)/r@
怠ける,なまける,閒著，忽視,JLPT JLPT_2 JLPT_3,"yx?2EFwB,]"
波,なみ,海浪,JLPT JLPT_2 JLPT_3,pN{_T4/c^1
涙,なみだ,撕,JLPT JLPT_2 JLPT_3,oRUb;($Ghp
悩む,なやむ,痛苦，困擾,JLPT Intermediate_Japanese JLPT_3 JLPT_2 Intermediate_Japanese_Ln.14,bu-LsE_(B1
鳴らす,ならす,響起，聽起來,JLPT JLPT_2 JLPT_3,i97JG)YBV+
為る,なる,改變，使用，到達,JLPT JLPT_2 JLPT_3,bNL#{T]zX=
生る,なる,結出果實,JLPT JLPT_2 JLPT_3,L4foi?c6%U
馴れる,なれる,被馴化，變死,JLPT JLPT_2 JLPT_3,ol(4_S7K{0
縄,なわ,繩索,JLPT JLPT_2 JLPT_3,n`oE5IcC;2
何で,なんで,為什麼，什麼,JLPT JLPT_2 JLPT_3,HqNM3@mEGg
何でも,なんでも,一定的一切,JLPT JLPT_2 JLPT_3,KLOu@z)~5u
何とか,なんとか,不知何故，一種或另一種方式,JLPT JLPT_2 JLPT_3,PsxfE&mMV)
似合う,にあう,適合（一個人），匹配（衣服），（某物）變成（某人）,JLPT Intermediate_Japanese JLPT_3 JLPT_2 Intermediate_Japanese_Ln.11,jtNV<xuHWD
煮える,にえる,煮沸，做飯，煮熟,JLPT JLPT_2 JLPT_3,"bik,,M3:tN"
苦手,にがて,貧窮（at），弱（in），不喜歡（）,JLPT JLPT_2 JLPT_3,M3gYUPwtEh
握る,にぎる,抓住，抓住，塑造壽司,JLPT JLPT_2 JLPT_3,vmSd+R!f5d
日,にち,天,JLPT JLPT_2 JLPT_3,Nod.Sq)g|g
日常,にちじょう,普通，每天常規,JLPT JLPT_2 JLPT_3,m=K]ZkdB>_
日光,にっこう,陽光,JLPT JLPT_2 JLPT_3,O|V6=xs6Hv
日中,にっちゅう,白天，寬闊的白天,JLPT JLPT_2 JLPT_3,1%wJTAZoF
にっこり,にっこり,甜蜜的微笑，微笑，笑,JLPT JLPT_2 JLPT_3,A?rMl+E(~y
日本,にっぽん,日本,JLPT JLPT_2 JLPT_3,xVTGJL[~Hv
日本,にほん,日本,JLPT JLPT_3 JLPT_2 Genki_Ln.1 Genki,"PdXU2>,+,$"
入場,にゅうじょう,入口，錄取，進入,JLPT JLPT_2 JLPT_3,zYrH7+;Jc+
煮る,にる,煮沸，做飯,JLPT JLPT_2 JLPT_3,"GsAuw,hW%."
人気,にんき,受歡迎程度,JLPT JLPT_2 JLPT_3,IO!K5zC:])
人間,にんげん,人，一個人,JLPT Intermediate_Japanese JLPT_3 JLPT_2 Intermediate_Japanese_Ln.11,to[4Ed0}
抜く,ぬく,提取，省略，拔下電源,JLPT JLPT_2 JLPT_3,J$S#dr#O.=
抜ける,ぬける,出來，摔倒，被省略,JLPT JLPT_2 JLPT_3,J{iiC<@SQ{
布,ぬの,布,JLPT JLPT_2 JLPT_3,q$ysjT]VCx
濡らす,ぬらす,弄濕，浸泡,JLPT JLPT_2 JLPT_3,z@Vcw1=;j2
根,ね,根,JLPT JLPT_2 JLPT_3,d=p6h26.c<
値,ね,價值，價格，成本,JLPT JLPT_2 JLPT_3,EQ[K4a8j3!
願い,ねがい,渴望，願望，要求,JLPT JLPT_2 JLPT_3,sUyGKFZ%Xv
願う,ねがう,渴望，希望，要求,JLPT JLPT_2 JLPT_3,2e?!QE;A1
鼠,ねずみ,鼠標，大鼠,JLPT JLPT_2 JLPT_3,G}*K+YvkrL
熱帯,ねったい,熱帶,JLPT JLPT_2 JLPT_3,kkWXGyi|&~
熱中,ねっちゅう,熱情，熱情，躁狂,JLPT JLPT_2 JLPT_3,lPMoEzcLqx
年間,ねんかん,年,JLPT JLPT_2 JLPT_3,d_NdY-B:AA
年月,ねんげつ,幾個月和幾年,JLPT JLPT_2 JLPT_3,p^QZ#pHDS+
年中,ねんじゅう,一年，總是每天,JLPT JLPT_2 JLPT_3,E0SJPrLvM7
年代,ねんだい,年齡，時代，時期,JLPT JLPT_2 JLPT_3,wqq!d<%$gr
年齢,ねんれい,年齡，年,JLPT JLPT_2 JLPT_3,"lI,ZQ1?Z/$"
野,の,場地,JLPT JLPT_2 JLPT_3,y-+2`{({f&
能,のう,熟練，很好，正確,JLPT JLPT_2 JLPT_3,m[Pt*UAu7d
農家,のうか,農民，農場家庭,JLPT JLPT_2 JLPT_3,v*vXrV&l.l
農業,のうぎょう,農業,JLPT Intermediate_Japanese JLPT_3 JLPT_2 Intermediate_Japanese_Ln.10,A3L<i~4B/)
農民,のうみん,農民，農民,JLPT JLPT_2 JLPT_3,l^C||-Q@FF
能力,のうりょく,能力，教師,JLPT JLPT_2 JLPT_3,PQ%>W3<m<u
ノー,ノー,不,JLPT JLPT_2 JLPT_3,A$DCH!&r|T
軒,のき,簷,JLPT JLPT_2 JLPT_3,DjCz-B0?P;
残す,のこす,離開（落後），保存，保留,JLPT JLPT_2 JLPT_3,G9}3C/kn`n
残り,のこり,剩下的，剩下的,JLPT JLPT_2 JLPT_3,1Ev%4g:!#
乗せる,のせる,放在（某物）上，乘坐,JLPT JLPT_2 JLPT_3,P;&]8~|B5t
載せる,のせる,放在（某物）上；發布,JLPT JLPT_2 JLPT_3,c~;t;&Vnza
覗く,のぞく,窺視，看,JLPT JLPT_2 JLPT_3,Hy+I.kN0`%
除く,のぞく,刪除，排除到除外,JLPT JLPT_2 JLPT_3,y<H]05[a~3
望み,のぞみ,希望，渴望，（a）希望,JLPT JLPT_2 JLPT_3,QMT.-k$<Eb
望む,のぞむ,渴望，希望；查看,JLPT JLPT_2 JLPT_3,"eI17,m{o4{"
後,のち,之後，從那以後,JLPT JLPT_2 JLPT_3,Rbg3w%yZT]
ノック,ノック,敲; Fungo（棒球）,JLPT JLPT_2 JLPT_3,I|?mZ`76Sc
伸ばす,のばす,延伸，伸展，伸出,JLPT JLPT_2 JLPT_3,xaB1#1Nz$
延ばす,のばす,延伸，伸展，伸出,JLPT JLPT_2 JLPT_3,MCU^h_@4jl
伸びる,のびる,擴展，取得進步，成長,JLPT JLPT_2 JLPT_3,BVa+StSI^2
延びる,のびる,長時間,JLPT JLPT_2 JLPT_3,h;x99>{wy|
述べる,のべる,陳述，表達，提及,JLPT Intermediate_Japanese JLPT_3 JLPT_2 Intermediate_Japanese_Ln.13,vf(j*ek(yX
上る,のぼる,登上，上升，攀登,JLPT JLPT_2 JLPT_3,n99IdD&<1l
昇る,のぼる,出現，上升，上升,JLPT JLPT_2 JLPT_3,B@kvH2BlIF
載る,のる,出現（印刷），待記錄,JLPT JLPT_2 JLPT_3,Nibr^Gs/g<
のんびり,のんびり,無憂無慮，休閒,JLPT JLPT_3 JLPT_2 Genki_Ln.22 Genki,lW(_0K#qr1
場,ば,地點，田地（物理）,JLPT JLPT_2 JLPT_3,GDd)tLjDFI
はあ (かん),はあ (かん),（嘆）,JLPT JLPT_2 JLPT_3,q->2~QuZ7t
パーセント,パーセント,百分比,JLPT JLPT_2 JLPT_3,tRJyHS5V6y
灰,はい,灰,JLPT JLPT_2 JLPT_3,yp;].asZlp
梅雨,ばいう,雨季,JLPT JLPT_2 JLPT_3,PSy.Vi_[#
バイオリン,バイオリン,小提琴,JLPT Genki_Ln.13 JLPT_3 JLPT_2 Genki,P0|;%A4sXQ
ハイキング,ハイキング,遠足,JLPT JLPT_2 JLPT_3,HcQ1$Os%x4
配達,はいたつ,交付，分銷,JLPT JLPT_2 JLPT_3,xw:Qj132Wm
パイプ,パイプ,管道;頻道官員或其他,JLPT JLPT_2 JLPT_3,l4YS(}+dg9
俳優,はいゆう,演員，女演員，表演者,JLPT Intermediate_Japanese JLPT_3 JLPT_2 Intermediate_Japanese_Ln.13,fZuFXWr:[`
パイロット,パイロット,飛行員,JLPT JLPT_2 JLPT_3,bJuDn%>JBm
生える,はえる,成長，躍升；切（牙齒）,JLPT JLPT_2 JLPT_3,H`:KnzwCJZ
墓,はか,墳墓，墳墓,JLPT JLPT_2 JLPT_3,"wyd?,|D3$8"
馬鹿,ばか,傻瓜，白痴,JLPT JLPT_2 JLPT_3,NNq|t=8Aut
博士,はかせ,博士博士，醫生,JLPT JLPT_2 JLPT_3,ya}G1t{rx^
計る,はかる,測量，稱重，調查,JLPT JLPT_2 JLPT_3,r=0WeQKi!d
量る,はかる,測量，稱重，調查,JLPT JLPT_2 JLPT_3,CRts&/>]cr
測る,はかる,測量，稱重，調查,JLPT JLPT_2 JLPT_3,E)0?EIUz7g
掃く,はく,掃蕩，刷牙，聚集,JLPT JLPT_2 JLPT_3,vSCJIFU380
吐く,はく,嘔吐，嘔吐,JLPT Intermediate_Japanese JLPT_3 JLPT_2 Intermediate_Japanese_Ln.12,wVP@*4xm(:
拍手,はくしゅ,鼓掌，掌聲,JLPT JLPT_2 JLPT_3,QlF4N)gbDJ
莫大,ばくだい,巨大，廣闊,JLPT JLPT_2 JLPT_3,E~?/H3*fy6
爆発,ばくはつ,爆炸，爆炸，噴發,JLPT JLPT_2 JLPT_3,g9VYFn:WwV
博物館,はくぶつかん,博物館,JLPT JLPT_2 JLPT_3,LpU/`O$e<h
激しい,はげしい,暴力，強烈，強烈,JLPT JLPT_2 JLPT_3,v6}uu]rF:b
はさみ,はさみ,剪刀,JLPT JLPT_2 JLPT_3,eD|fBc0re3
破産,はさん,（個人）破產,JLPT JLPT_2 JLPT_3,f7-bX^)CWC
端,はし,結束（例如，街道），邊緣，邊距,JLPT JLPT_2 JLPT_3,lap$^>s}*W
始まり,はじまり,起源，開始,JLPT JLPT_2 JLPT_3,I]JL:M+y+M
パス,パス,路徑，通過（遊戲）,JLPT Intermediate_Japanese JLPT_3 JLPT_2 Intermediate_Japanese_Ln.10,hnnWC$6?3f
外す,はずす,解開，去除,JLPT JLPT_2 JLPT_3,nj2An#}L(c
パスポート,パスポート,護照,JLPT JLPT_2 JLPT_3,jjzXZ[V)~Q
外れる,はずれる,斷開連接，熄滅（例如，齒輪）,JLPT JLPT_2 JLPT_3,r]URt`fp_5
旗,はた,旗幟,JLPT JLPT_2 JLPT_3,dNY/1a;w#%
肌,はだ,皮膚,JLPT JLPT_2 JLPT_3,gmj^ZD0zR@
裸,はだか,裸體，裸體,JLPT JLPT_2 JLPT_3,O|p6i=|2+#
畑,はたけ,字段，補丁,JLPT JLPT_2 JLPT_3,rk<p3A[!PW
働き,はたらき,工作，勞動,JLPT JLPT_2 JLPT_3,G[F:Wb:]Y%
バッグ,バッグ,包,JLPT JLPT_2 JLPT_3,^7.n+J;iq
発見,はっけん,發現，檢測，發現,JLPT JLPT_2 JLPT_3,e1V)m7Fw)7
発行,はっこう,問題（出版物）,JLPT JLPT_2 JLPT_3,O3&*)a48ia
発車,はっしゃ,出發車,JLPT JLPT_2 JLPT_3,ml<@&G38CG
発射,はっしゃ,射擊，射擊，排放,JLPT JLPT_2 JLPT_3,F/fE`P6yl-
罰する,ばっする,懲罰，懲罰,JLPT JLPT_2 JLPT_3,hbPUdBho_q
発達,はったつ,發展，增長,JLPT JLPT_2 JLPT_3,Fi-WS4m5Vq
ばったり,ばったり,（見）偶然,JLPT Intermediate_Japanese JLPT_3 JLPT_2 Intermediate_Japanese_Ln.11,hf@ltuFXs9
発展,はってん,發展，成長，進步,JLPT JLPT_2 JLPT_3,niC<3l*Uz&
発表,はっぴょう,公告;發布;推介會,Genki_Ln.15 JLPT JLPT_3 JLPT_2 Genki,q#5&i-N|DX
発明,はつめい,發明,JLPT JLPT_2 JLPT_3,"m%u/3I%I,u"
派手,はで,艷麗，浮華，華麗,JLPT JLPT_2 JLPT_3,t&Cvj}ttRu
話し合う,はなしあう,討論，一起交談,JLPT JLPT_2 JLPT_3,nVR8y%BClP
離す,はなす,部分，分開,JLPT JLPT_2 JLPT_3,"zQ6Rm,}F5G"
放す,はなす,分開，免費設置,JLPT JLPT_2 JLPT_3,P8H2t4/rp$
離れる,はなれる,（某人，某人）分開；零件分開,JLPT Intermediate_Japanese JLPT_3 JLPT_2 Intermediate_Japanese_Ln.15 Genki_Ln.23 Genki,Gk<MF_X=YD
放れる,はなれる,離開，自由，切斷自己,JLPT JLPT_2 JLPT_3,pQ8K=L1K+c
羽,はね,翼,JLPT JLPT_2 JLPT_3,LCMy2UZmN
羽根,はね,羽毛,JLPT JLPT_2 JLPT_3,IFw6^-Jg|1
幅,はば,寬度，廣度,JLPT JLPT_2 JLPT_3,yuqlNtOC6P
母親,ははおや,母親,JLPT JLPT_2 JLPT_3,gl#dQh*e=R
省く,はぶく,省略，消除,JLPT JLPT_2 JLPT_3,hA|}BeGd!`
場面,ばめん,場景，設置（例如，小說）,JLPT JLPT_2 JLPT_3,wCW&}Thr>1
流行る,はやる,流行，成為時尚,JLPT JLPT_2 JLPT_3,l+WfR9cGsI
腹,はら,腹部，腹部，胃,JLPT JLPT_2 JLPT_3,sfZ+Z?`&!R
原,はら,田，平原,JLPT JLPT_2 JLPT_3,c<(AEgR!*z
バランス,バランス,平衡,JLPT JLPT_2 JLPT_3,QVn*9^P55E
針,はり,針，手（例如，時鐘）,JLPT JLPT_2 JLPT_3,QA`E9TI{mo
範囲,はんい,範圍，範圍，範圍,JLPT JLPT_2 JLPT_3,r:1!2<WUUN
反抗,はんこう,反對，抵抗,JLPT JLPT_2 JLPT_3,"IDJ,GPHc09"
犯罪,はんざい,犯罪,JLPT Intermediate_Japanese JLPT_3 JLPT_2 Intermediate_Japanese_Ln.10,h9%1~S`/5q
ハンサム,ハンサム,英俊的,JLPT JLPT_2 JLPT_3,F8GaX2S*6r
反省,はんせい,反思，重新考慮，遺憾,JLPT JLPT_2 JLPT_3,jl_=K>.y=r
判断,はんだん,判斷，決定,JLPT JLPT_2 JLPT_3,v@gzHM&*wS
犯人,はんにん,罪犯，罪犯,JLPT JLPT_3 JLPT_2 Genki Genki_Ln.21,KepmoPPwL&
販売,はんばい,銷售，銷售，營銷,JLPT JLPT_2 JLPT_3,c`5qHhM#2.
灯,ひ,光,JLPT JLPT_2 JLPT_3,I||i~_;O|L
ビール,ビール,啤酒,JLPT Genki_Ln.11 JLPT_3 JLPT_2 Genki,l^Yo8c$buu
被害,ひがい,損害,JLPT Intermediate_Japanese JLPT_3 JLPT_2 Intermediate_Japanese_Ln.10,tAfC4<pK2g
比較,ひかく,比較,JLPT JLPT_2 JLPT_3,JGY{<0z3/z
ピクニック,ピクニック,野餐,JLPT JLPT_2 JLPT_3,oc^zhI)pBK
悲劇,ひげき,悲劇,JLPT JLPT_2 JLPT_3,EzhU5X_S}(
飛行,ひこう,航空，飛行,JLPT JLPT_2 JLPT_3,rAR4=4~Jb^
膝,ひざ,膝蓋，膝蓋,JLPT JLPT_2 JLPT_3,I?$>s3Mj7%
非常,ひじょう,緊急，非凡，不尋常,JLPT JLPT_2 JLPT_3,jIVGL0x@qc
美人,びじん,美麗的人（女人）,JLPT JLPT_2 JLPT_3,g|cQb(%])I
額,ひたい,額頭，眉頭,JLPT JLPT_2 JLPT_3,K}(BncWd~a
日付,ひづけ,日期，約會,JLPT JLPT_2 JLPT_3,jl00WKL;dH
引越し,ひっこし,移動，不斷變化的住所,JLPT JLPT_2 JLPT_3,"rxV,INx<Hk"
必死,ひっし,絕望，瘋狂，不可避免的結果,JLPT JLPT_2 JLPT_3,nC7R$*m=)e
ぴったり,ぴったり,確切，整齊，鋒利,JLPT JLPT_2 JLPT_3,gEO0@gf40A
引っ張る,ひっぱる,拉，伸展，拖動,JLPT JLPT_2 JLPT_3,FzRJSNQfTY
否定,ひてい,否定，否認,JLPT JLPT_2 JLPT_3,hq]bB}D.D
ビデオ,ビデオ,錄像帶;錄像機,JLPT JLPT_3 JLPT_2 Genki_Ln.3 Genki,fVfQ41zUR-
一言,ひとこと,一個詞,JLPT Intermediate_Japanese JLPT_3 JLPT_2 Intermediate_Japanese_Ln.12,cb)`=-[#ld
人込み,ひとごみ,人群,JLPT JLPT_2 JLPT_3,ew])gT]]&]
等しい,ひとしい,平等的,JLPT JLPT_2 JLPT_3,g*T^:&)[`f
独り,ひとり,一個人，未婚,JLPT JLPT_2 JLPT_3,CIC9}ZNl+]
一人一人,ひとりひとり,一個一個,JLPT JLPT_2 JLPT_3,g/LDWyd~bV
批判,ひはん,批評,JLPT JLPT_2 JLPT_3,sSt}v%TolX
批評,ひひょう,批評，評論，評論,JLPT JLPT_2 JLPT_3,nZusJ0/%}S
秘密,ひみつ,秘密，保密,Genki_Ln.17 JLPT JLPT_3 JLPT_2 Genki,K8:/c`_D0>
微妙,びみょう,精緻，微妙,JLPT JLPT_2 JLPT_3,y[W__*[UUc
紐,ひも,繩子，繩子,JLPT JLPT_2 JLPT_3,p`?=+t<[ZR
冷やす,ひやす,冷卻，冷藏,JLPT JLPT_2 JLPT_3,DSr^r:qjw.
費用,ひよう,成本，費用,JLPT JLPT_2 JLPT_3,r1KmsC-Y<P
表,ひょう,表（例如，選項卡1），圖表，列表,JLPT JLPT_2 JLPT_3,C+2G67mxr#
秒,びょう,第二（60分鐘）,JLPT JLPT_2 JLPT_3,yX.tO*9QI!
評価,ひょうか,評估，評估,JLPT JLPT_2 JLPT_3,u;D]S#_>Xe
表現,ひょうげん,表達，表現,JLPT JLPT_2 JLPT_3,luB++%rSgA
表情,ひょうじょう,表情,JLPT JLPT_2 JLPT_3,hyoeK91[Bh
平等,びょうどう,平等，公正性，偶數,JLPT JLPT_2 JLPT_3,AJ(ugjSc/!
評判,ひょうばん,名望，聲譽,JLPT JLPT_2 JLPT_3,wS@|p-w%.R
表面,ひょうめん,表面，外面，臉,JLPT JLPT_2 JLPT_3,u`tQMUrn$Y
広がる,ひろがる,傳播（），延伸，伸展，到達，到達，四處走動,JLPT JLPT_2 JLPT_3,uwnemtdnp7
広げる,ひろげる,傳播，擴展，擴展，擴大,JLPT JLPT_2 JLPT_3,",acb]qNE)"
広める,ひろめる,擴大，傳播,JLPT JLPT_2 JLPT_3,A(+H=R:mLS
品,ひん,商品;味道，優雅,JLPT JLPT_2 JLPT_3,G((JK!Y$Y=
瓶,びん,瓶子,JLPT JLPT_2 JLPT_3,s2SgOi7f``
便,びん,方式，意味著；航班,JLPT Genki_Ln.10 JLPT_3 JLPT_2 Genki,"hW&&,9z!hz"
ピン,ピン,別針,JLPT JLPT_2 JLPT_3,w[{)#&AAgf
不,ふ,un（〜），非（〜），負前綴,JLPT JLPT_2 JLPT_3,DaVjdKEUb@
不,ぶ,un（〜），非（〜），負前綴,JLPT JLPT_2 JLPT_3,xWoO+hKXb|
無,ぶ,什麼都沒有，零，零，零,JLPT JLPT_2 JLPT_3,"F0,T~)w`pd"
分,ぶ,分裂，一部分,JLPT JLPT_2 JLPT_3,o4et&;Hn=[
不安,ふあん,焦慮，不安,JLPT JLPT_2 JLPT_3,B.}P5XzBC<
風景,ふうけい,風景,JLPT JLPT_2 JLPT_3,K|bB_b5g2q
夫婦,ふうふ,已婚夫婦，丈夫和妻子,JLPT Genki_Ln.14 Intermediate_Japanese JLPT_3 JLPT_2 Intermediate_Japanese_Ln.14 Genki,vE=+[H1Y=?
笛,ふえ,長笛，哨子,JLPT JLPT_2 JLPT_3,j~98+xAGu/
不可,ふか,錯誤，不好，不可能,JLPT JLPT_2 JLPT_3,c4*Ann{K[p
深まる,ふかまる,加深,JLPT JLPT_2 JLPT_3,nFYj_QbHY$
武器,ぶき,武器，武器,JLPT JLPT_2 JLPT_3,"k{:ASZ}`4,"
拭く,ふく,擦乾,JLPT JLPT_2 JLPT_3,C+1a]]!)6B
服装,ふくそう,衣服，著裝,JLPT JLPT_2 JLPT_3,zfH3Izi6=g
含む,ふくむ,包含，包括,JLPT JLPT_2 JLPT_3,qU@`!oQ_~}
含める,ふくめる,包括,JLPT JLPT_2 JLPT_3,Lp<OS_$:v^
袋,ふくろ,袋子，麻袋,JLPT JLPT_2 JLPT_3,fF&Fkk&[N(
不幸,ふこう,不幸，悲傷，不幸,JLPT JLPT_2 JLPT_3,n27gAU4MS<
節,ふし,曲調，音調，旋鈕,JLPT JLPT_2 JLPT_3,meTR#p8LaO
無事,ぶじ,安全，和平,JLPT JLPT_2 JLPT_3,c|X1eKToE(
不思議,ふしぎ,神秘，好奇心,JLPT JLPT_2 JLPT_3,i2aoaA[Rbt
不自由,ふじゆう,不適，殘疾，不便,JLPT JLPT_2 JLPT_3,OXxKs56cIo
夫人,ふじん,妻子，夫人，女士,JLPT JLPT_2 JLPT_3,"L,Jr>b/Q=,"
婦人,ふじん,女人（與女性（じょせい）、女の人（おんなのひと）相同）,JLPT Intermediate_Japanese JLPT_3 JLPT_2 Intermediate_Japanese_Ln.13,MGNGYZeM?*
不正,ふせい,不公正，不公平,JLPT JLPT_2 JLPT_3,J.&5HDb8II
防ぐ,ふせぐ,防禦（反對），保護，防止,JLPT JLPT_2 JLPT_3,O_+;lEJg#]
不足,ふそく,不足，短缺,JLPT JLPT_2 JLPT_3,Ip|9ih@[9P
舞台,ぶたい,舞台（劇院）,JLPT JLPT_2 JLPT_3,rkMf{ZSRD@
双子,ふたご,雙胞胎，雙胞胎,JLPT JLPT_2 JLPT_3,Bb6Pii78=4
再び,ふたたび,再次，第二次,JLPT Intermediate_Japanese JLPT_3 JLPT_2 Intermediate_Japanese_Ln.13,C$(!v<U~%+
普段,ふだん,通常在日常情況下通常,JLPT Intermediate_Japanese JLPT_3 JLPT_2 Intermediate_Japanese_Ln.15,scK7$1)*7n
縁,ふち,邊緣，邊緣,JLPT JLPT_2 JLPT_3,Nc2^vNEcht
打つ,ぶつ,打擊，罷工,JLPT JLPT_2 JLPT_3,rp}j9GjVWq
不通,ふつう,封鎖，中斷，停止,JLPT JLPT_2 JLPT_3,qN|Fjh.;To
物価,ぶっか,（商品/消費者）價格,JLPT Genki_Ln.13 Intermediate_Japanese JLPT_3 JLPT_2 Intermediate_Japanese_Ln.6 Genki,ihU<14Ch9m
ぶつかる,ぶつかる,罷工，與,JLPT JLPT_2 JLPT_3,l|QjAIGc3_
ぶつける,ぶつける,敲打，努力打擊，擊中和進攻,JLPT JLPT_2 JLPT_3,F|EgJ%pFG_
物質,ぶっしつ,材料，物質,JLPT JLPT_2 JLPT_3,Au^iDD.N(f
物理,ぶつり,物理,JLPT JLPT_2 JLPT_3,vOwM[uj*81
筆,ふで,毛筆,JLPT JLPT_2 JLPT_3,AAA2r[Yuck
ふと,ふと,突然，偶然地，順便說一句,JLPT JLPT_2 JLPT_3,ueC<>j12PB
部分,ぶぶん,部分，部分，部分,JLPT Intermediate_Japanese JLPT_3 JLPT_2 Intermediate_Japanese_Ln.12,"iSJ`*:5M,+"
不平,ふへい,投訴，不滿，不滿,JLPT JLPT_2 JLPT_3,xl2t9%M;*h
不満,ふまん,不滿，不滿，投訴,JLPT JLPT_2 JLPT_3,I5+Cu{SM(2
増やす,ふやす,增加（v.t。），添加到,JLPT Intermediate_Japanese JLPT_3 JLPT_2 Intermediate_Japanese_Ln.14,Ar(_{MW+^n
殖やす,ふやす,增加，添加,JLPT JLPT_2 JLPT_3,yaa{zbSv|8
プラス,プラス,加,JLPT JLPT_2 JLPT_3,IhKRA}1l&s
プラスチック,プラスチック,塑膠,JLPT JLPT_2 JLPT_3,fkV!PD4#0R
プラン,プラン,計劃,JLPT JLPT_2 JLPT_3,E)+h>:kQ+P
不利,ふり,缺點，缺點,JLPT JLPT_2 JLPT_3,uWj1Y*sKn!
振る,ふる,揮舞，搖動；撒演員（演員）,JLPT JLPT_2 JLPT_3,"re,?~GZ/4O"
震える,ふるえる,顫抖，搖晃，顫抖,JLPT JLPT_2 JLPT_3,"E(?h_-A^M,"
ブレーキ,ブレーキ,剎車,JLPT JLPT_2 JLPT_3,J$]6GJ*G:F
触れる,ふれる,觸摸，感覺，違反,JLPT JLPT_2 JLPT_3,GdRl?vrR-7
プロ,プロ,專業的,JLPT JLPT_2 JLPT_3,r@c|.GwEZG
分,ぶん,分隔，部分，細分,JLPT JLPT_2 JLPT_3,B<D}`v5/5#
文,ぶん,句子,JLPT JLPT_2 JLPT_3,rA-6gilLFb
雰囲気,ふんいき,氣氛（例如音樂劇），情緒，氛圍,JLPT Intermediate_Japanese JLPT_3 JLPT_2 Intermediate_Japanese_Ln.12,u~WAeLx^(1
分析,ぶんせき,分析,JLPT JLPT_2 JLPT_3,BW:70ufQAS
文明,ぶんめい,文明,JLPT JLPT_2 JLPT_3,sa[`h{Q=[9
分野,ぶんや,場，球,JLPT JLPT_2 JLPT_3,H9@l-COvuo
塀,へい,牆，柵欄,JLPT JLPT_2 JLPT_3,b`Q#tC3%LL
平均,へいきん,平衡，平衡，平均值,JLPT Intermediate_Japanese JLPT_3 JLPT_2 Intermediate_Japanese_Ln.5,"Ipp8-,$Ihp"
平和,へいわ,和平,JLPT JLPT_2 JLPT_3,pDR:k1Uvab
別に,べつに,（不是）什麼都沒有,JLPT JLPT_2 JLPT_3,N>j!Oh:%5^
減らす,へらす,減少，減少,JLPT JLPT_2 JLPT_3,L|9vM+.g[_
減る,へる,減小（大小或數字），以減小,JLPT JLPT_2 JLPT_3,M^Mg^hFF~i
ベルト,ベルト,西服皮帶,JLPT JLPT_2 JLPT_3,GTcb.}|Giw
変化,へんか,變化，變化，轉移,JLPT JLPT_2 JLPT_3,j9UWX/@2ih
ペンキ,ペンキ,畫,JLPT JLPT_2 JLPT_3,DLO8LLG3|x
変更,へんこう,更改，修改，改變,JLPT JLPT_2 JLPT_3,bB&QqdWqmy
ベンチ,ベンチ,長椅,JLPT JLPT_2 JLPT_3,"l,WHbG]2JH"
弁当,べんとう,便當,JLPT JLPT_2 JLPT_3,zNBqv(&}s^
方,ほう,邊,JLPT JLPT_2 JLPT_3,gma?L!#ps{
法,ほう,法案（法律：X法案）,JLPT JLPT_2 JLPT_3,okCQ@hxlIS
棒,ぼう,桿，桿，棍子,JLPT JLPT_2 JLPT_3,funENr~TQC
冒険,ぼうけん,風險，冒險，冒險,JLPT JLPT_2 JLPT_3,Fyl;77x&X*
方向,ほうこう,方向，當然，方式,JLPT JLPT_2 JLPT_3,QgNti^#[oD
報告,ほうこく,報告，信息,JLPT JLPT_2 JLPT_3,y4Y?|#~uOX
宝石,ほうせき,寶石，珠寶,JLPT JLPT_2 JLPT_3,Dj6XgRBu}x
包装,ほうそう,包裝，包裝,JLPT JLPT_2 JLPT_3,Otsl}ZzWXb
豊富,ほうふ,豐富，足夠,JLPT JLPT_2 JLPT_3,Cs6%u[Qn0$
方法,ほうほう,方法，手段，技術,JLPT Intermediate_Japanese JLPT_3 JLPT_2 Intermediate_Japanese_Ln.8,isN8<2KrA#
方々,ほうぼう,到處都是,JLPT JLPT_2 JLPT_3,wl^OUsh)0d
訪問,ほうもん,打電話，訪問,JLPT JLPT_2 JLPT_3,hsC[X6BGUF
吠える,ほえる,吠叫，how叫,JLPT JLPT_2 JLPT_3,r$WR%olfa6
ボーイ,ボーイ,搬運工;男生,JLPT Intermediate_Japanese JLPT_3 JLPT_2 Intermediate_Japanese_Ln.6,Im8]7VT7{#
ボート,ボート,划艇,JLPT JLPT_2 JLPT_3,xMp/lL<RR-
ホーム,ホーム,平台;家,JLPT JLPT_2 JLPT_3,EyGV_xL&38
ボール,ボール,球;碗,JLPT JLPT_3 JLPT_2 Genki_Ln.22 Genki,CO}gO)BA1a
他,ほか,其他（尤其是地方和事物）,JLPT JLPT_2 JLPT_3,vw>|`^Bt^u
誇り,ほこり,自豪,JLPT JLPT_2 JLPT_3,yj*)/<J;Jj
埃,ほこり,灰塵,JLPT JLPT_2 JLPT_3,AO.~g!:dGf
保証,ほしょう,保證，保證，保修,JLPT JLPT_2 JLPT_3,oroU@#(;}/
保存,ほぞん,保存，保護,JLPT JLPT_2 JLPT_3,hSWOh8}x1v
歩道,ほどう,人行道,JLPT JLPT_2 JLPT_3,oWq+gh5t1f
仏,ほとけ,佛,JLPT JLPT_2 JLPT_3,r;K:#?B1W_
骨,ほね,骨,JLPT JLPT_2 JLPT_3,F)(n<tky^7
炎,ほのお,火焰,JLPT JLPT_2 JLPT_3,td^&#ApIPe
頬,ほほ,臉頰（臉）,JLPT JLPT_2 JLPT_3,MW?sJAMVg:
頬,ほお,臉頰（臉）,JLPT JLPT_2 JLPT_3,eOL%=W-J#7
ほぼ,ほぼ,幾乎，大致,JLPT JLPT_2 JLPT_3,d^=kc;gm+o
微笑む,ほほえむ,微笑,JLPT JLPT_2 JLPT_3,wVB=qNZz4J
堀,ほり,護城河，運河,JLPT JLPT_2 JLPT_3,FxbDaPc9#x
濠,ほり,護城河,JLPT JLPT_2 JLPT_3,tU(_Pmvb9R
本当,ほんと,真理，現實,JLPT JLPT_2 JLPT_3,b&f5kLt[Ac
本人,ほんにん,這個人本人,JLPT JLPT_2 JLPT_3,I0[E+qY%jw
本物,ほんもの,真正的文章,JLPT JLPT_2 JLPT_3,yGED#ay|.7
ぼんやり,ぼんやり,昏暗，微弱，模糊,JLPT JLPT_2 JLPT_3,Bu_{)ZzPr#
間,ま,空間，房間，暫停,JLPT JLPT_2 JLPT_3,_MKZD^wW5
まあ,まあ,好（在做出謙虛或猶豫的語句時使用）,JLPT Intermediate_Japanese JLPT_3 JLPT_2 Intermediate_Japanese_Ln.13,gK]=+G-`a3
マーケット,マーケット,市場,JLPT JLPT_2 JLPT_3,"z,Yj6>]ZS]"
マイク,マイク,麥克風,JLPT JLPT_2 JLPT_3,r0v`jqD@%T
迷子,まいご,迷失的（流浪）孩子,JLPT JLPT_2 JLPT_3,FT#CRKr^or
マイナス,マイナス,減,JLPT JLPT_2 JLPT_3,d7Qaj7)8Wq
任せる,まかせる,委託另一個，離開,JLPT JLPT_2 JLPT_3,L[Sv^|TveX
巻く,まく,繞，盤繞，滾動,JLPT JLPT_2 JLPT_3,bZ[[^glA1W
蒔く,まく,播種（種子）,JLPT JLPT_2 JLPT_3,H=Zk$-##fv
撒く,まく,散射，灑，播種,JLPT JLPT_2 JLPT_3,elIwgF9#tO
幕,まく,窗簾，行動（在發揮作用）,JLPT JLPT_2 JLPT_3,p/poyGf`R=
負け,まけ,失敗，損失,JLPT JLPT_2 JLPT_3,Gm;-Q!$V98
孫,まご,孫子,JLPT JLPT_2 JLPT_3,IHHk^Ab_ve
まさか,まさか,絕不是,JLPT JLPT_2 JLPT_3,M*J/_!BP[F
まさに,まさに,正確，肯定,JLPT JLPT_2 JLPT_3,PW-SB}B+g9
混ざる,まざる,混合在一起，與,JLPT JLPT_2 JLPT_3,r;?[!)ts`(
交ざる,まざる,混合在一起，與,JLPT JLPT_2 JLPT_3,4K$w~U;He
混じる,まじる,混合在一起，與,JLPT JLPT_2 JLPT_3,"d#EkI,dbkR"
交じる,まじる,混合在一起，與,JLPT JLPT_2 JLPT_3,Ek]^@FM&X:
増す,ます,增加，獲得,JLPT JLPT_2 JLPT_3,igA/Wx5uJY
貧しい,まずしい,貧窮，有需要,JLPT JLPT_2 JLPT_3,yhxCEWNSqv
マスター,マスター,酒吧老闆，大師（例如藝術，科學）,JLPT JLPT_2 JLPT_3,wPc=w@;W9x
ますます,ますます,越來越多（與もっと）越來越多,JLPT Intermediate_Japanese JLPT_3 JLPT_2 Intermediate_Japanese_Ln.9,tuWAGYc>]J
混ぜる,まぜる,混合，攪拌,JLPT JLPT_2 JLPT_3,J@;szQ>5H7
交ぜる,まぜる,混合，混合,JLPT JLPT_2 JLPT_3,PxviWu8b^f
街,まち,鎮;街，路,JLPT JLPT_2 JLPT_3,HfD?AV.2#Q
間違い,まちがい,錯誤,JLPT Genki_Ln.19 JLPT_3 JLPT_2 Genki,BDS-:};NM$
松,まつ,松樹,JLPT JLPT_2 JLPT_3,q{u(t.GeD(
真っ赤,まっか,深紅色，潮紅（面部）,JLPT JLPT_2 JLPT_3,NaIP;.$n/b
全く,まったく,真的，完全,JLPT JLPT_2 JLPT_3,N~j_lRE~H>
祭,まつり,節，盛宴,JLPT JLPT_2 JLPT_3,b~w=W0;TL7
まとまる,まとまる,被收集，解決，井井有條,JLPT JLPT_2 JLPT_3,x(|HBhj.8
まとめる,まとめる,為了結論，收集，得出結論,JLPT JLPT_2 JLPT_3,iFaV|KCNxw
学ぶ,まなぶ,學習；學習,JLPT Intermediate_Japanese JLPT_3 JLPT_2 Intermediate_Japanese_Ln.8,E-![dvkug}
真似,まね,模仿，模仿，行為,JLPT JLPT_2 JLPT_3,Ha/*s9C{]A
招く,まねく,邀請,JLPT Intermediate_Japanese JLPT_3 JLPT_2 Intermediate_Japanese_Ln.13,rQ0-*9mHkN
まぶしい,まぶしい,耀眼，輻射,JLPT JLPT_2 JLPT_3,JQkYs:8mnj
柵,さく,柵欄，咸,JLPT_1 JLPT JLPT_3,y#vU&Fd{*`
裂ける,さける,分裂，撕裂，破裂,JLPT_1 JLPT JLPT_3,duhUDkU~WK
裁く,さばく,判斷,JLPT_1 JLPT JLPT_3,xRke1sza<m
酸化,さんか,氧化,JLPT_1 JLPT JLPT_3,D1MP^#_z1B
死,し,死亡，死亡,JLPT_1 JLPT JLPT_3,t06OltNZyD
資格,しかく,資格，要求，功能,JLPT_1 JLPT JLPT_3,wi++wC}pSU
視覚,しかく,視覺，視覺,JLPT_1 JLPT JLPT_3,E=/?Opn_[&
指揮,しき,命令，方向,JLPT_1 JLPT JLPT_3,I~OJZxTkqT
磁気,じき,磁性,JLPT_1 JLPT JLPT_3,"c,aD*!!MOk"
磁器,じき,瓷器，中國,JLPT_1 JLPT JLPT_3,Q82E>*!xNX
自己,じこ,自我，自己,JLPT_1 JLPT JLPT_3,:az?1DOih
字体,じたい,字體，刻字,JLPT_1 JLPT JLPT_3,jz(I1Q*KVQ
辞退,じたい,拒絕,JLPT_1 JLPT JLPT_3,s^yuvY0jMN
視点,してん,意見，觀點，視覺觀點,JLPT_1 JLPT JLPT_3,"fg,X`JJ|Co"
脂肪,しぼう,脂肪，油脂,JLPT_1 JLPT JLPT_3,z48jHbiC_$
志望,しぼう,希望，渴望，野心,JLPT_1 JLPT JLPT_3,r-E-GUEXsY
衆,しゅう,群眾，人,JLPT_1 JLPT JLPT_3,rXpmbk8=bE
住,じゅう,住宅，生活,JLPT_1 JLPT JLPT_3,Gr~DDJR6l}
修飾,しゅうしょく,裝飾修改（克）,JLPT_1 JLPT JLPT_3,O}Nr9R^}M5
私用,しよう,個人用途，私人企業,JLPT_1 JLPT JLPT_3,BnE{ivc`n=
仕様,しよう,方式，方法，規範,JLPT_1 JLPT JLPT_3,oE!*S&aFqD
情,じょう,感覺，情感，激情,JLPT_1 JLPT JLPT_3,bl3-{=5!X[
生涯,しょうがい,一個人的一生,JLPT_1 JLPT JLPT_3,Pie[%Re:m6
上司,じょうし,一個人,JLPT Intermediate_Japanese JLPT_1 JLPT_3 Intermediate_Japanese_Ln.9,u|7SjLmC*W
正体,しょうたい,自然形狀，真實的顏色，真實角色,JLPT_1 JLPT JLPT_3,PK*KgnJaC
照明,しょうめい,照明,JLPT_1 JLPT JLPT_3,D&z&8>sgOU
女史,じょし,多發性硬化症。,JLPT_1 JLPT JLPT_3,"b7C,wG{C22"
助詞,じょし,（克）粒子（S），後位置,JLPT Intermediate_Japanese JLPT_1 JLPT_3 Intermediate_Japanese_Ln.13,"MG<?XdN0,Z"
ショック,ショック,震驚,JLPT Intermediate_Japanese JLPT_1 JLPT_3 Intermediate_Japanese_Ln.4,Od5f@HtWc-
進行,しんこう,進步,JLPT_1 JLPT JLPT_3,i:ZPt9q4?b
新興,しんこう,上升，發展，新興,JLPT_1 JLPT JLPT_3,e=XTe9$}W6
振興,しんこう,晉升，鼓勵,JLPT_1 JLPT JLPT_3,w.^ogJW1(4
申告,しんこく,報告，聲明,JLPT_1 JLPT JLPT_3,bpPy/Tdvi5
真理,しんり,真相,JLPT_1 JLPT JLPT_3,o~g13?^$If
水洗,すいせん,沖洗,JLPT_1 JLPT JLPT_3,uGMalIYW7L
ストレス,ストレス,壓力,JLPT_1 JLPT JLPT_3,.v(A*gC%Q
擦る,する,摩擦，chafe,JLPT_1 JLPT JLPT_3,BR[lU_Z<4K
正規,せいき,常規，合法,JLPT_1 JLPT JLPT_3,qB)0/c?(Sj
精巧,せいこう,精緻，精緻，精緻,JLPT_1 JLPT JLPT_3,O4>$NE8IPr
精算,せいさん,精確計算，調整,JLPT_1 JLPT JLPT_3,ovctUT)$>z
成年,せいねん,多數，成人年齡,JLPT_1 JLPT JLPT_3,xePq0XBgP_
声明,せいめい,聲明，聲明，宣言,JLPT_1 JLPT JLPT_3,B$[eh>:mkl
姓名,せいめい,姓名,JLPT_1 JLPT JLPT_3,C]0w+PhetE
生理,せいり,生理學，月經,JLPT_1 JLPT JLPT_3,f73PQXWx7=
節,せつ,何時，如果；部分;條款,JLPT_1 JLPT JLPT_3,oxQV.29qE;
膳,ぜん,（小）桌子，托盤，用餐,JLPT_1 JLPT JLPT_3,p1wC]g~$`W
禅,ぜん,禪）,JLPT_1 JLPT JLPT_3,iyz0<Gw>w^
選挙,せんきょ,選舉,JLPT JLPT_1 JLPT_3 Genki_Ln.23 Genki,"E:w+vZ=[*,"
先行,せんこう,上面，先去,JLPT_1 JLPT JLPT_3,H}S`T5a4|Z
選考,せんこう,選擇，篩選,JLPT_1 JLPT JLPT_3,f>TTKs[_O7
相,そう,方面，階段，面容,JLPT_1 JLPT JLPT_3,"uspMV-,ze1"
沿う,そう,奔跑，跟隨,JLPT_1 JLPT JLPT_3,p/frNLfSx`
添う,そう,陪伴，遵守,JLPT_1 JLPT JLPT_3,hF`[B^>-hS
僧,そう,和尚，牧師,JLPT_1 JLPT JLPT_3,yw]w|=zm=s
像,ぞう,雕像，圖像,JLPT_1 JLPT JLPT_3,nI=^X@DZIN
捜査,そうさ,搜索（尤其是在刑事調查中，調查）,JLPT_1 JLPT JLPT_3,"uDX,}/x@{/"
操縦,そうじゅう,管理，控制，操縱,JLPT_1 JLPT JLPT_3,M>/Rq`boN-
創造,そうぞう,創建,JLPT_1 JLPT JLPT_3,"dp,2/)bOJR"
隊,たい,政黨，部隊,JLPT_1 JLPT JLPT_3,oOV`L+=72#
退学,たいがく,輟學,JLPT_1 JLPT JLPT_3,A4yM&A#+4L
タイトル,タイトル,標題,JLPT_1 JLPT JLPT_3,C>q:RF*.r8
ダウン,ダウン,向下,JLPT_1 JLPT JLPT_3,P@qEmViSUu
高まる,たかまる,上升；成長；登機（V.I.）,JLPT Intermediate_Japanese JLPT_1 JLPT_3 Intermediate_Japanese_Ln.14,p=9SjD]i]q
断つ,たつ,切斷，切斷,JLPT_1 JLPT JLPT_3,P?^bp-(y]k
盾,たて,盾,JLPT_1 JLPT JLPT_3,ol51jAu^|h
例え,たとえ,例子;雖然,JLPT_1 JLPT JLPT_3,vD1pJmAKj2
チャイム,チャイム,鈴,JLPT_1 JLPT JLPT_3,MQLqaV0IiT
挑戦,ちょうせん,挑戰，反抗,JLPT_1 JLPT JLPT_3,Fo2(&vWuR<
治療,ちりょう,醫療,JLPT_1 JLPT JLPT_3,yw{9Y;C!G/
対,つい,一對，夫婦，設置,JLPT_1 JLPT JLPT_3,C;9I#$4SFJ
接ぐ,つぐ,加入；拼湊在一起；設置（骨頭）；移植（樹）,JLPT_1 JLPT JLPT_3,iNY(7WR;G%
継ぐ,つぐ,成功（企業或繼承的人,JLPT_1 JLPT JLPT_3,L=(nKj-342
摘む,つむ,採摘，選擇，修剪,JLPT_1 JLPT JLPT_3,F?B0wE`T~h
露,つゆ,露,JLPT_1 JLPT JLPT_3,nf%]9K}w$o
強まる,つよまる,變得堅強，獲得力量,JLPT_1 JLPT JLPT_3,"c,02yf|3E;"
強める,つよめる,加強，強調,JLPT_1 JLPT JLPT_3,r51ril#).:
データ,データ,數據,JLPT_1 JLPT JLPT_3,mIV8F#]3m7
デザイン,デザイン,設計,JLPT_1 JLPT JLPT_3,L|t?~XL)K}
デザート,デザート,甜點,JLPT_1 JLPT JLPT_3,bL1L]V?.Fr
転校,てんこう,改變學校,JLPT_1 JLPT JLPT_3,OJyP}KWKG|
伝言,でんごん,口頭消息,JLPT_1 JLPT JLPT_3,GvqvJ@T>v!
と,と,和,JLPT_1 JLPT JLPT_3,M:Axq>|(Kg
問う,とう,問，詢問,JLPT_1 JLPT JLPT_3,liQ|$R<T6G
棟,とう,山脊（屋頂,JLPT_1 JLPT JLPT_3,DbAa])9/F(
倒産,とうさん,（公司）破產，破產,JLPT_1 JLPT JLPT_3,z@^@3D{^xO
同士,どうし,彼此，同伴，同志,JLPT Intermediate_Japanese JLPT_1 JLPT_3 Intermediate_Japanese_Ln.9,LZ;*se^02u
同志,どうし,同樣的頭腦，同志，親切的靈魂,JLPT_1 JLPT JLPT_3,hK!%#l^Nm>
当然,とうぜん,明顯的;自然的,JLPT Intermediate_Japanese JLPT_1 JLPT_3 Intermediate_Japanese_Ln.15,cz-NMt}<Am
動揺,どうよう,干擾，顫抖的衝擊,JLPT_1 JLPT JLPT_3,A!=y9>sh0L
説く,とく,解釋，倡導,JLPT_1 JLPT JLPT_3,oUk1CBesl;
綴じる,とじる,綁定，歸檔,JLPT_1 JLPT JLPT_3,]ZHD4IQ@J
供,とも,伴隨的，服務員，同伴，隨和,JLPT_1 JLPT JLPT_3,sml:7Y1}f0
並,なみ,媒介（例如，食物尺寸，質量，價格等），普通,JLPT Intermediate_Japanese JLPT_1 JLPT_3 Intermediate_Japanese_Ln.6,w_{us|Bt(V
慣らす,ならす,習慣,JLPT_1 JLPT JLPT_3,KYq0Q{!HJ_
馴らす,ならす,馴化，馴服,JLPT_1 JLPT JLPT_3,OBi-;rN&v.
難,なん,困難，困難，缺陷,JLPT_1 JLPT JLPT_3,HB%n)kg>!j
音,ね,聲音，請注意,JLPT_1 JLPT JLPT_3,m2~M4cm)mU
年鑑,ねんかん,年鑑,JLPT_1 JLPT JLPT_3,i1+!b-Tw6h
脳,のう,大腦，記憶,JLPT_1 JLPT JLPT_3,GA>&i45J`=
臨む,のぞむ,看著，面對，參加（功能）,JLPT_1 JLPT JLPT_3,KS-n)JUr1X
肺,はい,肺,JLPT_1 JLPT JLPT_3,NQ;dD{HA.l
～敗,はい,損失的反擊，失敗,JLPT_1 JLPT JLPT_3,Jfw=ThK<1_
映える,はえる,發光，看起來有吸引力，看起來漂亮,JLPT_1 JLPT JLPT_3,c_<of-R32q
諮る,はかる,諮詢，授予,JLPT_1 JLPT JLPT_3,zH?Q%7Y|:s
図る,はかる,繪製，嘗試，設計，設計，將A引用A,JLPT_1 JLPT JLPT_3,oSV1hDA!z4
生やす,はやす,生長，耕種，穿鬍鬚,JLPT_1 JLPT JLPT_3,yqCGb?6_?M
班,はん,小組，政黨，（MIL）部分,JLPT_1 JLPT JLPT_3,oiqC3{QOR3
判,はん,尺寸（紙或書籍）,JLPT_1 JLPT JLPT_3,"FxD*L0,Q6x"
版,はん,版,JLPT_1 JLPT JLPT_3,wusB`V9s1U
碑,ひ,銘文,JLPT_1 JLPT JLPT_3,Kaa{nE*EBz
非行,ひこう,犯罪，不當行為,JLPT_1 JLPT JLPT_3,E<wpvtAJG)
票,ひょう,標籤，選票，標誌,JLPT_1 JLPT JLPT_3,"i*<L4C^,UW"
広まる,ひろまる,傳播，被傳播,JLPT_1 JLPT JLPT_3,c8ONuWuz#:
深める,ふかめる,加深，加強，加劇,JLPT_1 JLPT JLPT_3,c0BKoo3/`
福,ふく,福,JLPT_1 JLPT JLPT_3,m_8f-@p-oN
振り,ふり,風格，方式,JLPT_1 JLPT JLPT_3,Cb|X]Z#30A
経る,へる,通過，經過，體驗,JLPT_1 JLPT JLPT_3,"xYI,72?]/M"
保護,ほご,護理，保護，庇護所,JLPT_1 JLPT JLPT_3,P&2:@t7Bp.
保障,ほしょう,保證，保障，保修,JLPT_1 JLPT JLPT_3,ge$.nEK~0J
補償,ほしょう,賠償，賠償,JLPT_1 JLPT JLPT_3,n@O).>E`E!
ほっと,ほっと,感到放心,JLPT_1 JLPT JLPT_3,IA36R!IvOE
前もって,まえもって,事先事先，以前,JLPT_1 JLPT JLPT_3,wlgn+RR?9d
膜,まく,膜，電影,JLPT_1 JLPT JLPT_3,eczkIybUVQ
マスコミ,マスコミ,大眾傳播,JLPT_1 JLPT JLPT_3,c~yMgKSxj{
股,また,大腿，c,JLPT_1 JLPT JLPT_3,M~8AlqEF!|
末,まつ,結束,JLPT_1 JLPT JLPT_3,c](L`Ctg(*
マッサージ,マッサージ,按摩,JLPT_1 JLPT JLPT_3,CIT-/$8F-&
見掛ける,みかける,（碰巧看到），注意到，看到,JLPT_1 JLPT JLPT_3,x5#*oa=f1j
捲る,めくる,翻身，翻閱書頁,JLPT_1 JLPT JLPT_3,iY1_V_W5ZM
メッセージ,メッセージ,訊息,JLPT_1 JLPT JLPT_3,DIKKB*kyMZ
野党,やとう,反對黨,JLPT_1 JLPT JLPT_3,L$j=XCFoNq
優,ゆう,優越，高級,JLPT_1 JLPT JLPT_3,J%>HVQ7M=`
有機,ゆうき,有機的,JLPT_1 JLPT JLPT_3,m7Y{=QxsB-
世,よ,世界，社會，一代,JLPT_1 JLPT JLPT_3,E|]o*tNk82
良い,よい,很好，很好,JLPT_1 JLPT JLPT_3,zu]*YPRXMm
予想,よそう,期望，預期，預測,JLPT_1 JLPT JLPT_3,E0D`K(E!7;
弱まる,よわまる,削弱，瘦弱，沮喪,JLPT_1 JLPT JLPT_3,tRU<avrq6-
弱める,よわめる,削弱,JLPT_1 JLPT JLPT_3,n@|3sdAzme
ラベル,ラベル,標籤,JLPT_1 JLPT JLPT_3,Ni5Si{<X/E
ルール,ルール,規則,JLPT_1 JLPT JLPT_3,J<OIlv-=I*
枠,わく,框架，滑梯,JLPT_1 JLPT JLPT_3,l.gbfy2Op+
